id,title,year,status,latency_s,title_text,credits_text,other_text,languages,mood,fear_labels,weapon,monster,person,animal,blood_gore,violence,sexual_content,sensitive,moderation_notes,description,model_id,input_tokens,output_tokens,error
52378,,,error: ModelErrorException: An error occurred (ModelErrorException) when calling,28.979,,,,,,,0.0,0.0,0.0,0.0,0.0,0.0,0.0,,,,us.amazon.nova-2-lite-v1:0,,,ModelErrorException: An error occurred (ModelErrorException) when calling the Converse operation: The system encountered an unexpected error during processing. Try your request again.
52379,,,error: ModelErrorException: An error occurred (ModelErrorException) when calling,28.834,,,,,,,0.0,0.0,0.0,0.0,0.0,0.0,0.0,,,,us.amazon.nova-2-lite-v1:0,,,ModelErrorException: An error occurred (ModelErrorException) when calling the Converse operation: The system encountered an unexpected error during processing. Try your request again.
52392,,,error: ModelErrorException: An error occurred (ModelErrorException) when calling,0.104,,,,,,,0.0,0.0,0.0,0.0,0.0,0.0,0.0,,,,us.amazon.nova-2-lite-v1:0,,,ModelErrorException: An error occurred (ModelErrorException) when calling the Converse operation: The system encountered an unexpected error during processing. Try your request again.
52382,,,error: ModelErrorException: An error occurred (ModelErrorException) when calling,28.424,,,,,,,0.0,0.0,0.0,0.0,0.0,0.0,0.0,,,,us.amazon.nova-2-lite-v1:0,,,ModelErrorException: An error occurred (ModelErrorException) when calling the Converse operation: The system encountered an unexpected error during processing. Try your request again.
52404,,,error: ModelErrorException: An error occurred (ModelErrorException) when calling,0.513,,,,,,,0.0,0.0,0.0,0.0,0.0,0.0,0.0,,,,us.amazon.nova-2-lite-v1:0,,,ModelErrorException: An error occurred (ModelErrorException) when calling the Converse operation: The system encountered an unexpected error during processing. Try your request again.
52422,,,error: ModelErrorException: An error occurred (ModelErrorException) when calling,0.787,,,,,,,0.0,0.0,0.0,0.0,0.0,0.0,0.0,,,,us.amazon.nova-2-lite-v1:0,,,ModelErrorException: An error occurred (ModelErrorException) when calling the Converse operation: The system encountered an unexpected error during processing. Try your request again.
52408,,,error: ModelErrorException: An error occurred (ModelErrorException) when calling,28.44,,,,,,,0.0,0.0,0.0,0.0,0.0,0.0,0.0,,,,us.amazon.nova-2-lite-v1:0,,,ModelErrorException: An error occurred (ModelErrorException) when calling the Converse operation: The system encountered an unexpected error during processing. Try your request again.
52405,,,error: ModelErrorException: An error occurred (ModelErrorException) when calling,43.023,,,,,,,0.0,0.0,0.0,0.0,0.0,0.0,0.0,,,,us.amazon.nova-2-lite-v1:0,,,ModelErrorException: An error occurred (ModelErrorException) when calling the Converse operation: The system encountered an unexpected error during processing. Try your request again.
53184,,,error: ModelErrorException: An error occurred (ModelErrorException) when calling,0.684,,,,,,,0.0,0.0,0.0,0.0,0.0,0.0,0.0,,,,us.amazon.nova-2-lite-v1:0,,,ModelErrorException: An error occurred (ModelErrorException) when calling the Converse operation: The system encountered an unexpected error during processing. Try your request again.
53354,,,error: ModelErrorException: An error occurred (ModelErrorException) when calling,0.163,,,,,,,0.0,0.0,0.0,0.0,0.0,0.0,0.0,,,,us.amazon.nova-2-lite-v1:0,,,ModelErrorException: An error occurred (ModelErrorException) when calling the Converse operation: The system encountered an unexpected error during processing. Try your request again.
53543,,,error: ModelErrorException: An error occurred (ModelErrorException) when calling,0.539,,,,,,,0.0,0.0,0.0,0.0,0.0,0.0,0.0,,,,us.amazon.nova-2-lite-v1:0,,,ModelErrorException: An error occurred (ModelErrorException) when calling the Converse operation: The system encountered an unexpected error during processing. Try your request again.
53186,,,error: ModelErrorException: An error occurred (ModelErrorException) when calling,10.535,,,,,,,0.0,0.0,0.0,0.0,0.0,0.0,0.0,,,,us.amazon.nova-2-lite-v1:0,,,ModelErrorException: An error occurred (ModelErrorException) when calling the Converse operation: The system encountered an unexpected error during processing. Try your request again.
53933,,,error: ModelErrorException: An error occurred (ModelErrorException) when calling,0.993,,,,,,,0.0,0.0,0.0,0.0,0.0,0.0,0.0,,,,us.amazon.nova-2-lite-v1:0,,,ModelErrorException: An error occurred (ModelErrorException) when calling the Converse operation: The system encountered an unexpected error during processing. Try your request again.
54433,,,error: ModelErrorException: An error occurred (ModelErrorException) when calling,0.52,,,,,,,0.0,0.0,0.0,0.0,0.0,0.0,0.0,,,,us.amazon.nova-2-lite-v1:0,,,ModelErrorException: An error occurred (ModelErrorException) when calling the Converse operation: The system encountered an unexpected error during processing. Try your request again.
54493,,,error: ModelErrorException: An error occurred (ModelErrorException) when calling,0.791,,,,,,,0.0,0.0,0.0,0.0,0.0,0.0,0.0,,,,us.amazon.nova-2-lite-v1:0,,,ModelErrorException: An error occurred (ModelErrorException) when calling the Converse operation: The system encountered an unexpected error during processing. Try your request again.
54579,,,error: ModelErrorException: An error occurred (ModelErrorException) when calling,1.059,,,,,,,0.0,0.0,0.0,0.0,0.0,0.0,0.0,,,,us.amazon.nova-2-lite-v1:0,,,ModelErrorException: An error occurred (ModelErrorException) when calling the Converse operation: The system encountered an unexpected error during processing. Try your request again.
54996,,,error: ModelErrorException: An error occurred (ModelErrorException) when calling,10.48,,,,,,,0.0,0.0,0.0,0.0,0.0,0.0,0.0,,,,us.amazon.nova-2-lite-v1:0,,,ModelErrorException: An error occurred (ModelErrorException) when calling the Converse operation: The system encountered an unexpected error during processing. Try your request again.
56180,,,error: ModelErrorException: An error occurred (ModelErrorException) when calling,0.127,,,,,,,0.0,0.0,0.0,0.0,0.0,0.0,0.0,,,,us.amazon.nova-2-lite-v1:0,,,ModelErrorException: An error occurred (ModelErrorException) when calling the Converse operation: The system encountered an unexpected error during processing. Try your request again.
56653,,,error: ModelErrorException: An error occurred (ModelErrorException) when calling,0.901,,,,,,,0.0,0.0,0.0,0.0,0.0,0.0,0.0,,,,us.amazon.nova-2-lite-v1:0,,,ModelErrorException: An error occurred (ModelErrorException) when calling the Converse operation: The system encountered an unexpected error during processing. Try your request again.
56790,,,error: ModelErrorException: An error occurred (ModelErrorException) when calling,0.629,,,,,,,0.0,0.0,0.0,0.0,0.0,0.0,0.0,,,,us.amazon.nova-2-lite-v1:0,,,ModelErrorException: An error occurred (ModelErrorException) when calling the Converse operation: The system encountered an unexpected error during processing. Try your request again.
56814,,,error: ModelErrorException: An error occurred (ModelErrorException) when calling,1.092,,,,,,,0.0,0.0,0.0,0.0,0.0,0.0,0.0,,,,us.amazon.nova-2-lite-v1:0,,,ModelErrorException: An error occurred (ModelErrorException) when calling the Converse operation: The system encountered an unexpected error during processing. Try your request again.
56832,,,error: ModelErrorException: An error occurred (ModelErrorException) when calling,1.309,,,,,,,0.0,0.0,0.0,0.0,0.0,0.0,0.0,,,,us.amazon.nova-2-lite-v1:0,,,ModelErrorException: An error occurred (ModelErrorException) when calling the Converse operation: The system encountered an unexpected error during processing. Try your request again.
57224,,,error: ModelErrorException: An error occurred (ModelErrorException) when calling,0.101,,,,,,,0.0,0.0,0.0,0.0,0.0,0.0,0.0,,,,us.amazon.nova-2-lite-v1:0,,,ModelErrorException: An error occurred (ModelErrorException) when calling the Converse operation: The system encountered an unexpected error during processing. Try your request again.
57238,,,error: ModelErrorException: An error occurred (ModelErrorException) when calling,0.897,,,,,,,0.0,0.0,0.0,0.0,0.0,0.0,0.0,,,,us.amazon.nova-2-lite-v1:0,,,ModelErrorException: An error occurred (ModelErrorException) when calling the Converse operation: The system encountered an unexpected error during processing. Try your request again.
57326,,,error: ModelErrorException: An error occurred (ModelErrorException) when calling,1.06,,,,,,,0.0,0.0,0.0,0.0,0.0,0.0,0.0,,,,us.amazon.nova-2-lite-v1:0,,,ModelErrorException: An error occurred (ModelErrorException) when calling the Converse operation: The system encountered an unexpected error during processing. Try your request again.
57632,,,error: ModelErrorException: An error occurred (ModelErrorException) when calling,1.571,,,,,,,0.0,0.0,0.0,0.0,0.0,0.0,0.0,,,,us.amazon.nova-2-lite-v1:0,,,ModelErrorException: An error occurred (ModelErrorException) when calling the Converse operation: The system encountered an unexpected error during processing. Try your request again.
58405,,,error: ModelErrorException: An error occurred (ModelErrorException) when calling,0.36,,,,,,,0.0,0.0,0.0,0.0,0.0,0.0,0.0,,,,us.amazon.nova-2-lite-v1:0,,,ModelErrorException: An error occurred (ModelErrorException) when calling the Converse operation: The system encountered an unexpected error during processing. Try your request again.
58520,,,error: ModelErrorException: An error occurred (ModelErrorException) when calling,1.59,,,,,,,0.0,0.0,0.0,0.0,0.0,0.0,0.0,,,,us.amazon.nova-2-lite-v1:0,,,ModelErrorException: An error occurred (ModelErrorException) when calling the Converse operation: The system encountered an unexpected error during processing. Try your request again.
58970,,,error: ModelErrorException: An error occurred (ModelErrorException) when calling,0.497,,,,,,,0.0,0.0,0.0,0.0,0.0,0.0,0.0,,,,us.amazon.nova-2-lite-v1:0,,,ModelErrorException: An error occurred (ModelErrorException) when calling the Converse operation: The system encountered an unexpected error during processing. Try your request again.
59008,,,error: ModelErrorException: An error occurred (ModelErrorException) when calling,0.913,,,,,,,0.0,0.0,0.0,0.0,0.0,0.0,0.0,,,,us.amazon.nova-2-lite-v1:0,,,ModelErrorException: An error occurred (ModelErrorException) when calling the Converse operation: The system encountered an unexpected error during processing. Try your request again.
59802,,,error: ModelErrorException: An error occurred (ModelErrorException) when calling,0.693,,,,,,,0.0,0.0,0.0,0.0,0.0,0.0,0.0,,,,us.amazon.nova-2-lite-v1:0,,,ModelErrorException: An error occurred (ModelErrorException) when calling the Converse operation: The system encountered an unexpected error during processing. Try your request again.
60065,,,error: ModelErrorException: An error occurred (ModelErrorException) when calling,1.188,,,,,,,0.0,0.0,0.0,0.0,0.0,0.0,0.0,,,,us.amazon.nova-2-lite-v1:0,,,ModelErrorException: An error occurred (ModelErrorException) when calling the Converse operation: The system encountered an unexpected error during processing. Try your request again.
60159,,,error: ModelErrorException: An error occurred (ModelErrorException) when calling,1.028,,,,,,,0.0,0.0,0.0,0.0,0.0,0.0,0.0,,,,us.amazon.nova-2-lite-v1:0,,,ModelErrorException: An error occurred (ModelErrorException) when calling the Converse operation: The system encountered an unexpected error during processing. Try your request again.
205686,,,error: ModelErrorException: An error occurred (ModelErrorException) when calling,0.083,,,,,,,0.0,0.0,0.0,0.0,0.0,0.0,0.0,,,,us.amazon.nova-2-lite-v1:0,,,ModelErrorException: An error occurred (ModelErrorException) when calling the Converse operation: The system encountered an unexpected error during processing. Try your request again.
208621,,,error: ModelErrorException: An error occurred (ModelErrorException) when calling,0.737,,,,,,,0.0,0.0,0.0,0.0,0.0,0.0,0.0,,,,us.amazon.nova-2-lite-v1:0,,,ModelErrorException: An error occurred (ModelErrorException) when calling the Converse operation: The system encountered an unexpected error during processing. Try your request again.
208693,,,error: ModelErrorException: An error occurred (ModelErrorException) when calling,0.627,,,,,,,0.0,0.0,0.0,0.0,0.0,0.0,0.0,,,,us.amazon.nova-2-lite-v1:0,,,ModelErrorException: An error occurred (ModelErrorException) when calling the Converse operation: The system encountered an unexpected error during processing. Try your request again.
210911,,,error: ModelErrorException: An error occurred (ModelErrorException) when calling,1.759,,,,,,,0.0,0.0,0.0,0.0,0.0,0.0,0.0,,,,us.amazon.nova-2-lite-v1:0,,,ModelErrorException: An error occurred (ModelErrorException) when calling the Converse operation: The system encountered an unexpected error during processing. Try your request again.
210913,,,error: ModelErrorException: An error occurred (ModelErrorException) when calling,0.68,,,,,,,0.0,0.0,0.0,0.0,0.0,0.0,0.0,,,,us.amazon.nova-2-lite-v1:0,,,ModelErrorException: An error occurred (ModelErrorException) when calling the Converse operation: The system encountered an unexpected error during processing. Try your request again.
214163,,,error: ModelErrorException: An error occurred (ModelErrorException) when calling,0.164,,,,,,,0.0,0.0,0.0,0.0,0.0,0.0,0.0,,,,us.amazon.nova-2-lite-v1:0,,,ModelErrorException: An error occurred (ModelErrorException) when calling the Converse operation: The system encountered an unexpected error during processing. Try your request again.
214469,,,error: ModelErrorException: An error occurred (ModelErrorException) when calling,1.122,,,,,,,0.0,0.0,0.0,0.0,0.0,0.0,0.0,,,,us.amazon.nova-2-lite-v1:0,,,ModelErrorException: An error occurred (ModelErrorException) when calling the Converse operation: The system encountered an unexpected error during processing. Try your request again.
537804,,,error: ModelErrorException: An error occurred (ModelErrorException) when calling,0.16,,,,,,,0.0,0.0,0.0,0.0,0.0,0.0,0.0,,,,us.amazon.nova-2-lite-v1:0,,,ModelErrorException: An error occurred (ModelErrorException) when calling the Converse operation: The system encountered an unexpected error during processing. Try your request again.
539399,,,error: ModelErrorException: An error occurred (ModelErrorException) when calling,0.238,,,,,,,0.0,0.0,0.0,0.0,0.0,0.0,0.0,,,,us.amazon.nova-2-lite-v1:0,,,ModelErrorException: An error occurred (ModelErrorException) when calling the Converse operation: The system encountered an unexpected error during processing. Try your request again.
539520,,,error: ModelErrorException: An error occurred (ModelErrorException) when calling,0.13,,,,,,,0.0,0.0,0.0,0.0,0.0,0.0,0.0,,,,us.amazon.nova-2-lite-v1:0,,,ModelErrorException: An error occurred (ModelErrorException) when calling the Converse operation: The system encountered an unexpected error during processing. Try your request again.
539736,,,error: ModelErrorException: An error occurred (ModelErrorException) when calling,0.508,,,,,,,0.0,0.0,0.0,0.0,0.0,0.0,0.0,,,,us.amazon.nova-2-lite-v1:0,,,ModelErrorException: An error occurred (ModelErrorException) when calling the Converse operation: The system encountered an unexpected error during processing. Try your request again.
538306,,,error: ModelErrorException: An error occurred (ModelErrorException) when calling,7.606,,,,,,,0.0,0.0,0.0,0.0,0.0,0.0,0.0,,,,us.amazon.nova-2-lite-v1:0,,,ModelErrorException: An error occurred (ModelErrorException) when calling the Converse operation: The system encountered an unexpected error during processing. Try your request again.
541188,,,error: ModelErrorException: An error occurred (ModelErrorException) when calling,0.155,,,,,,,0.0,0.0,0.0,0.0,0.0,0.0,0.0,,,,us.amazon.nova-2-lite-v1:0,,,ModelErrorException: An error occurred (ModelErrorException) when calling the Converse operation: The system encountered an unexpected error during processing. Try your request again.
541727,,,error: ModelErrorException: An error occurred (ModelErrorException) when calling,0.126,,,,,,,0.0,0.0,0.0,0.0,0.0,0.0,0.0,,,,us.amazon.nova-2-lite-v1:0,,,ModelErrorException: An error occurred (ModelErrorException) when calling the Converse operation: The system encountered an unexpected error during processing. Try your request again.
541988,,,error: ModelErrorException: An error occurred (ModelErrorException) when calling,0.959,,,,,,,0.0,0.0,0.0,0.0,0.0,0.0,0.0,,,,us.amazon.nova-2-lite-v1:0,,,ModelErrorException: An error occurred (ModelErrorException) when calling the Converse operation: The system encountered an unexpected error during processing. Try your request again.
541990,,,error: ModelErrorException: An error occurred (ModelErrorException) when calling,0.562,,,,,,,0.0,0.0,0.0,0.0,0.0,0.0,0.0,,,,us.amazon.nova-2-lite-v1:0,,,ModelErrorException: An error occurred (ModelErrorException) when calling the Converse operation: The system encountered an unexpected error during processing. Try your request again.
543785,,,error: ModelErrorException: An error occurred (ModelErrorException) when calling,0.142,,,,,,,0.0,0.0,0.0,0.0,0.0,0.0,0.0,,,,us.amazon.nova-2-lite-v1:0,,,ModelErrorException: An error occurred (ModelErrorException) when calling the Converse operation: The system encountered an unexpected error during processing. Try your request again.
544157,,,error: ModelErrorException: An error occurred (ModelErrorException) when calling,0.695,,,,,,,0.0,0.0,0.0,0.0,0.0,0.0,0.0,,,,us.amazon.nova-2-lite-v1:0,,,ModelErrorException: An error occurred (ModelErrorException) when calling the Converse operation: The system encountered an unexpected error during processing. Try your request again.
544756,,,error: ModelErrorException: An error occurred (ModelErrorException) when calling,0.112,,,,,,,0.0,0.0,0.0,0.0,0.0,0.0,0.0,,,,us.amazon.nova-2-lite-v1:0,,,ModelErrorException: An error occurred (ModelErrorException) when calling the Converse operation: The system encountered an unexpected error during processing. Try your request again.
545406,,,error: ModelErrorException: An error occurred (ModelErrorException) when calling,0.1,,,,,,,0.0,0.0,0.0,0.0,0.0,0.0,0.0,,,,us.amazon.nova-2-lite-v1:0,,,ModelErrorException: An error occurred (ModelErrorException) when calling the Converse operation: The system encountered an unexpected error during processing. Try your request again.
545615,,,error: ModelErrorException: An error occurred (ModelErrorException) when calling,0.111,,,,,,,0.0,0.0,0.0,0.0,0.0,0.0,0.0,,,,us.amazon.nova-2-lite-v1:0,,,ModelErrorException: An error occurred (ModelErrorException) when calling the Converse operation: The system encountered an unexpected error during processing. Try your request again.
545624,,,error: ModelErrorException: An error occurred (ModelErrorException) when calling,0.611,,,,,,,0.0,0.0,0.0,0.0,0.0,0.0,0.0,,,,us.amazon.nova-2-lite-v1:0,,,ModelErrorException: An error occurred (ModelErrorException) when calling the Converse operation: The system encountered an unexpected error during processing. Try your request again.
545655,,,error: ModelErrorException: An error occurred (ModelErrorException) when calling,1.052,,,,,,,0.0,0.0,0.0,0.0,0.0,0.0,0.0,,,,us.amazon.nova-2-lite-v1:0,,,ModelErrorException: An error occurred (ModelErrorException) when calling the Converse operation: The system encountered an unexpected error during processing. Try your request again.
546623,,,error: ModelErrorException: An error occurred (ModelErrorException) when calling,0.484,,,,,,,0.0,0.0,0.0,0.0,0.0,0.0,0.0,,,,us.amazon.nova-2-lite-v1:0,,,ModelErrorException: An error occurred (ModelErrorException) when calling the Converse operation: The system encountered an unexpected error during processing. Try your request again.
