id,title,year,width,height,aspect,reason
3343,Edison's Frankenstein,1990,300,225,1.3333,landscape
4230,Scary Texas Movie,1997,1000,746,1.3405,landscape
27797,Scream Farm,2008,300,200,1.5,landscape
27823,Pretty Bloody: The Women of Horror,2009,1000,547,1.8282,landscape
29711,Anemia,1986,1000,750,1.3333,landscape
30499,Legend Has It,2008,300,67,4.4776,landscape
40875,The Graveyard of Death,2005,300,172,1.7442,landscape
57146,Full Employment,2008,300,171,1.7544,landscape
69958,Suitable for Murder,2008,1000,1000,1.0,square
73231,Black XXX-Mas,1999,300,184,1.6304,landscape
77851,The Dead Father,1985,1000,595,1.6807,landscape
82209,Fear of the Dark,2001,300,200,1.5,landscape
95698,Lockout,2007,1000,561,1.7825,landscape
101364,Kid Safe: The Video,1988,1000,750,1.3333,landscape
120913,An Afternoon,2001,1000,349,2.8653,landscape
130016,Blood Red Earth,2008,1000,648,1.5432,landscape
139791,The Thirteenth Day of Christmas,1985,1000,753,1.328,landscape
150906,The Way to Shadow Garden,1954,1000,750,1.3333,landscape
152032,How to Stop a Motor Car,1902,1000,797,1.2547,landscape
161852,The Shriek,1933,1000,750,1.3333,landscape
166544,The Haunted Ship,1930,1000,816,1.2255,landscape
199105,The Auburn Hills Breakdown,2008,1000,666,1.5015,landscape
200048,Little Farm,2006,300,225,1.3333,landscape
210171,If It's a Man – Hang Up!,1975,300,225,1.3333,landscape
211238,Soulmates,2008,1000,563,1.7762,landscape
211240,* Cemetery,2010,300,300,1.0,square
212858,The Braineater,2001,1000,589,1.6978,landscape
213130,Chatter,2010,1000,589,1.6978,landscape
222482,Saving the Human Race,2012,300,168,1.7857,landscape
223051,The Black Woods Footage,2013,1000,1000,1.0,square
225498,Lovely Monster,2011,1000,450,2.2222,landscape
230004,Now That You're Dead,2009,1000,559,1.7889,landscape
231605,Candy.,2010,300,164,1.8293,landscape
232022,Home Sweet Home,2013,1000,564,1.773,landscape
253492,Hell No,2013,300,200,1.5,landscape
255789,The Crotchening,2004,1000,1000,1.0,square
257351,Blood Slaves of the Vampire Wolf,1996,300,200,1.5,landscape
266327,Time Out for Trouble,1961,300,225,1.3333,landscape
274257,The First Wave,2014,1000,421,2.3753,landscape
284309,Murder Is Like Sex,2009,1000,1000,1.0,square
285156,Escape from Hellview,2011,1000,563,1.7762,landscape
287650,Potential Employee,2009,1000,563,1.7762,landscape
287791,Billy's Cult,2014,300,158,1.8987,landscape
288275,Trust During a Zombie Apocalypse,2014,1000,562,1.7794,landscape
293743,Spoon Wars,2011,300,169,1.7751,landscape
294949,Timmy's Wish,2002,1000,679,1.4728,landscape
295220,Mothman,1999,1000,750,1.3333,landscape
295806,Shockwaves,2013,1000,563,1.7762,landscape
295974,The Vampyr: A Soap Opera,1992,1000,754,1.3263,landscape
297446,The Picture of Dorian Gray,1910,300,221,1.3575,landscape
299242,Hide and Seek,2013,300,202,1.4851,landscape
300608,Exit,2011,1000,562,1.7794,landscape
308131,Gypsy Vampire,2005,1000,651,1.5361,landscape
309068,The Girl Who Played with the Dead,2014,1000,665,1.5038,landscape
315123,Echo,2008,1000,639,1.5649,landscape
323457,She,2011,300,150,2.0,landscape
326056,Schneider's 2nd Stage,2001,300,169,1.7751,landscape
328576,Vampire Brides,1994,300,227,1.3216,landscape
330317,The Blind Date of Coffin Joe,2008,1000,788,1.269,landscape
330946,Zombie Harvest,2003,1000,676,1.4793,landscape
332764,Mobius,2004,1000,750,1.3333,landscape
332769,Abused,2008,1000,563,1.7762,landscape
333347,This Girl's Gun,2012,1000,558,1.7921,landscape
333395,Abdullah,2014,1000,563,1.7762,landscape
333579,Betamax,2015,300,169,1.7751,landscape
334715,Kvistur,2012,1000,563,1.7762,landscape
335220,The Scree,2004,1000,560,1.7857,landscape
335772,How to make a Nightmare,2015,1000,370,2.7027,landscape
340598,The Heckling,1987,300,300,1.0,square
341733,46 Miles,2015,1000,560,1.7857,landscape
346346,Bailout!,2011,1000,564,1.773,landscape
346845,LV 16,2008,300,239,1.2552,landscape
347679,Thresher,2014,1000,427,2.3419,landscape
348761,Making Friends,2011,1000,1000,1.0,square
348924,Realm,2015,1000,416,2.4038,landscape
352170,M 10.28,1999,300,217,1.3825,landscape
352590,Tape,2012,300,225,1.3333,landscape
352823,Playing with the Devil,2014,1000,473,2.1142,landscape
353038,Aanteni,2011,1000,562,1.7794,landscape
353862,T is for Tantrum,2011,1000,591,1.692,landscape
353940,Amberpark: The Beginning,2013,1000,1000,1.0,square
354507,Puppy,2007,300,300,1.0,square
363459,Witches Brew,2013,1000,715,1.3986,landscape
364308,Fast Zombies Suck,2015,1000,541,1.8484,landscape
364400,Monster Problems,2015,1000,563,1.7762,landscape
364759,Home Sweet Home,2015,1000,444,2.2523,landscape
365860,The Pride of Strathmoor,2014,1000,563,1.7762,landscape
366096,The King and Queen of Halloween,2014,1000,444,2.2523,landscape
366296,This Is How You Haunt Your House,2014,1000,563,1.7762,landscape
373926,Something's Wrong in Kansas,2008,300,203,1.4778,landscape
377567,More Than You Can Chew,2011,1000,580,1.7241,landscape
379098,Twas the Night of the Tree Beast,2012,1000,563,1.7762,landscape
382275,Dinner,2014,1000,564,1.773,landscape
386867,White With Red,2013,1000,586,1.7065,landscape
392048,Postpartum,2015,1000,563,1.7762,landscape
393148,Empty Bed,2015,1000,541,1.8484,landscape
395380,Demented,2016,1000,563,1.7762,landscape
396822,Gutter Punk Massacre,2014,1000,894,1.1186,landscape
397167,Peter Coukis: Gimoire,2013,1000,668,1.497,landscape
404193,The Outsider,1994,1000,417,2.3981,landscape
404963,Eight,2015,1000,562,1.7794,landscape
405205,Stanley's Girlfriend,2006,1000,911,1.0977,landscape
406717,Return of the Bloodsucking Nazi Zombies,2012,1000,606,1.6502,landscape
410982,Brett Gelman's Dinner in America,2016,300,300,1.0,square
412048,Asudem,2007,300,200,1.5,landscape
412273,Awaiting Lazarus,2014,1000,706,1.4164,landscape
414936,Losing Face,2016,300,169,1.7751,landscape
417025,Theater Dark Video Magazine,1996,1000,666,1.5015,landscape
419777,Jonathan of the Night,1987,1000,655,1.5267,landscape
420773,Rest my Bones,2016,1000,579,1.7271,landscape
422427,Dream Car,1989,1000,563,1.7762,landscape
423591,Nibble,2012,300,169,1.7751,landscape
423658,Sleeper,2014,1000,563,1.7762,landscape
424031,West Skerra Light,2016,1000,500,2.0,landscape
424594,Dolls,2016,1000,424,2.3585,landscape
425264,Last Day At The Beach,1990,300,223,1.3453,landscape
425272,Lady In Danger,1992,300,226,1.3274,landscape
429021,The Last Abduction,2015,1000,557,1.7953,landscape
431215,A Visit From Krampus,2015,1000,563,1.7762,landscape
433849,The Tunnel,2017,300,166,1.8072,landscape
435861,The Evil of 1327,1984,300,169,1.7751,landscape
436118,T is for Talk,2011,1000,563,1.7762,landscape
437931,House of Spirits,2017,1000,452,2.2124,landscape
438470,Empathy,2007,1000,992,1.0081,landscape
445671,Archie: A Wee Ghost Story,2012,1000,752,1.3298,landscape
460876,Set Yourself Free,2014,1000,519,1.9268,landscape
467438,King Spawn,2019,1000,562,1.7794,landscape
472672,Sick Building Syndrome,2013,300,169,1.7751,landscape
473002,Hunger,2013,300,169,1.7751,landscape
480761,Fwd,2017,300,133,2.2556,landscape
492540,Ghosts of Fear Street,1998,300,187,1.6043,landscape
494618,Dear Albion,2016,1000,666,1.5015,landscape
502923,Don't Run,2016,1000,434,2.3041,landscape
522806,Dead Week,2014,1000,625,1.6,landscape
554075,The Wicked Little Witch,2017,1000,750,1.3333,landscape
560771,Cromwell,2008,300,200,1.5,landscape
563085,The Storymaker,2009,1000,606,1.6502,landscape
567501,World War Mud,1982,1000,646,1.548,landscape
577919,Antoni Psycho,2018,1000,564,1.773,landscape
593438,The Yellow Wallpaper,2013,300,235,1.2766,landscape
594553,The Dump,2012,300,103,2.9126,landscape
606638,Nightride,1997,1000,750,1.3333,landscape
615582,Respite Care,2019,300,200,1.5,landscape
632205,Be Still My Beating Heart,2019,1000,750,1.3333,landscape
637159,The Helsinki Axe Murders,2009,300,169,1.7751,landscape
645182,Orfeus,2012,300,225,1.3333,landscape
659788,Curse,2008,1000,537,1.8622,landscape
676735,Danse Macabre,2020,1000,563,1.7762,landscape
689132,Eva of the Succubi,2012,1000,667,1.4993,landscape
697404,Hecatomb,2006,1000,675,1.4815,landscape
699633,Doll of the Dead,2010,1000,631,1.5848,landscape
716472,The Vampire,1910,1000,572,1.7483,landscape
724484,Omega Shell,2001,1000,687,1.4556,landscape
732675,The Eliminator,1996,1000,563,1.7762,landscape
733638,The Carver,2017,1000,678,1.4749,landscape
738583,The Appointment,2007,1000,667,1.4993,landscape
740686,Rations,2009,1000,750,1.3333,landscape
743305,Alone on County Road,2019,1000,419,2.3866,landscape
744405,Song of the Dead,2004,1000,750,1.3333,landscape
744442,Shadows of the Dead,2004,1000,563,1.7762,landscape
744553,First Kill,2008,300,169,1.7751,landscape
746173,Bury the Hatchet,2013,1000,425,2.3529,landscape
746667,Log Out,2014,300,169,1.7751,landscape
751197,Daddy Christmas,2014,1000,558,1.7921,landscape
752473,None of the Above,2020,1000,500,2.0,landscape
752763,Witches in the Window,2020,1000,625,1.6,landscape
754905,Coven,2019,1000,563,1.7762,landscape
754909,Third Shift,2010,300,129,2.3256,landscape
757707,The Grudge 1.5,2006,1000,577,1.7331,landscape
765847,Barbatachthian,2020,1000,565,1.7699,landscape
766506,The Walkers,2004,1000,587,1.7036,landscape
784577,Moonlight Sonata,2010,1000,431,2.3202,landscape
785148,Facility 4,2005,1000,563,1.7762,landscape
785154,Harvest Moon,2008,1000,563,1.7762,landscape
785160,Prombies,2007,1000,563,1.7762,landscape
809645,Mommy,2017,1000,563,1.7762,landscape
811087,Expecting,2016,300,214,1.4019,landscape
811734,Teeth,2019,1000,561,1.7825,landscape
813852,Wererock,2020,1000,647,1.5456,landscape
814895,Howl,2015,1000,434,2.3041,landscape
815072,Breaking Lights,2021,1000,800,1.25,landscape
823849,Roller Girl,2020,1000,563,1.7762,landscape
824351,Gas Guzzling Ghoulie,2009,300,194,1.5464,landscape
825741,Spooky Town,2021,1000,670,1.4925,landscape
832607,The Lone Wolf,2013,300,126,2.381,landscape
842135,Scare Maze,2018,1000,428,2.3364,landscape
845020,Island,2007,1000,667,1.4993,landscape
851717,Mockingbird,2021,300,125,2.4,landscape
852766,The Shadows,2013,1000,563,1.7762,landscape
854746,Midnight Kiss,2015,1000,1000,1.0,square
860721,Til Death Do Us Part,2019,1000,739,1.3532,landscape
872475,Free Range,2006,300,240,1.25,landscape
878413,The Grime,9999,1000,426,2.3474,landscape
880557,The Invite,2021,1000,500,2.0,landscape
880650,From the Woods to the Cosmos: John Leman Riley on the History of Soviet Fantasy and Sci-Fi Film,2019,1000,553,1.8083,landscape
883316,The Mannequin,2019,1000,563,1.7762,landscape
884996,The Holy Sound,2013,1000,563,1.7762,landscape
887347,Jagen GroßFuß,2018,1000,562,1.7794,landscape
888997,Coronoia 21,2021,1000,517,1.9342,landscape
896192,Vile & Sweet,2021,1000,500,2.0,landscape
898349,Want to Hear A Story?,2021,1000,1000,1.0,square
915275,The Sheltered Women,2020,300,169,1.7751,landscape
928119,Don't Open the Box,2022,1000,586,1.7065,landscape
945176,LSD,1994,300,241,1.2448,landscape
949942,The Mystery Box,2019,1000,481,2.079,landscape
951571,Séance,2017,1000,843,1.1862,landscape
963679,Crank Up,2010,300,200,1.5,landscape
977073,St. Patrick's Day,2016,1000,451,2.2173,landscape
977683,Picnic at Hermann's,2015,1000,850,1.1765,landscape
980084,Santa Vs Zombies,2011,300,155,1.9355,landscape
993176,Middle,2016,300,143,2.0979,landscape
998395,Fork You,2013,1000,417,2.3981,landscape
1007132,Stained,2015,1000,472,2.1186,landscape
1007147,Voodoo in My Heart,2021,1000,1000,1.0,square
1010429,Scratched,2021,1000,563,1.7762,landscape
1015309,The Barista,2013,1000,595,1.6807,landscape
1022947,The Uniform,2023,1000,563,1.7762,landscape
1027816,Found,2014,1000,610,1.6393,landscape
1043893,The Mascot,2020,300,169,1.7751,landscape
1043925,Alone?,2020,1000,563,1.7762,landscape
1048352,Soulless,2022,1000,398,2.5126,landscape
1050643,Verfolgt,2015,1000,429,2.331,landscape
1058085,Skin & Bone,2022,1000,750,1.3333,landscape
1061417,Tlaloc Sacrificium,2019,1000,563,1.7762,landscape
1070006,Alarm,2022,1000,563,1.7762,landscape
1101146,Dinner with Friends,2022,1000,563,1.7762,landscape
1101194,The Dogsitter,2005,1000,563,1.7762,landscape
1102815,Mother,2018,1000,1000,1.0,square
1107774,3 A.M.,2023,1000,560,1.7857,landscape
1119808,A River in the Woods,2011,1000,403,2.4814,landscape
1130450,Barbatachthian Returns,2021,1000,563,1.7762,landscape
1130453,Barbatachthian 3: Witch of the Woods,2022,1000,500,2.0,landscape
1130458,Barbatachthian 5: Alive,2023,1000,563,1.7762,landscape
1135261,Macronomicon,2021,1000,417,2.3981,landscape
1135868,We Will See The Sunrise,2020,1000,527,1.8975,landscape
1151186,Hell Hole High,2003,1000,752,1.3298,landscape
1162743,Black Paris,2023,300,169,1.7751,landscape
1172776,Little Black Box,2007,1000,422,2.3697,landscape
1188962,Apocalypse Then,2021,1000,563,1.7762,landscape
1190496,BOX,2022,1000,494,2.0243,landscape
1244132,homer_a,2017,1000,563,1.7762,landscape
1249814,The Awakening,2023,300,169,1.7751,landscape
1252059,Ash Wednesday,2024,1000,501,1.996,landscape
1253363,The Candy Crucible,2022,1000,450,2.2222,landscape
1255326,Boxed,2023,1000,563,1.7762,landscape
1260708,Mr Topps,2016,300,300,1.0,square
1267034,It Came from Alpha Centauri,1962,1000,782,1.2788,landscape
1270485,The Poltergeist,1950,1000,881,1.1351,landscape
1273341,The Spawn,1968,1000,753,1.328,landscape
1273521,Zombies in Hertford,2015,1000,550,1.8182,landscape
1273556,Edgar Allan Poe's Plan 13: The House of Elvis,1986,1000,737,1.3569,landscape
1274771,Black Colossus,1979,1000,782,1.2788,landscape
1274792,The Tell-Tale Heart,1979,1000,758,1.3193,landscape
1274795,Bride of Frankenstein,1978,300,230,1.3043,landscape
1274809,The Ghost Soldier,1979,1000,772,1.2953,landscape
1274813,The Scythe,1979,1000,758,1.3193,landscape
1275644,The Road,1963,300,218,1.3761,landscape
1275700,Ten Little Indians,1949,1000,765,1.3072,landscape
1277577,Madeleine,2015,1000,657,1.5221,landscape
1280702,Alone,2023,1000,563,1.7762,landscape
1284274,The Haunting of Hewie Dowker,1976,1000,877,1.1403,landscape
1290366,Eat Me,2024,1000,467,2.1413,landscape
1292555,Farewell Nightmare Theatre,1977,1000,955,1.0471,landscape
1301696,Frankenstein Walks Again,1978,1000,773,1.2937,landscape
1304712,Son of Frankenstein,1979,1000,737,1.3569,landscape
1306667,Thark,1957,1000,560,1.7857,landscape
1309181,Killer Zombie,1978,1000,762,1.3123,landscape
1312473,The Devil on Derby Street,2023,1000,1000,1.0,square
1312576,Dr. Cadaverino's Halloween Special,1980,1000,825,1.2121,landscape
1313960,Cyanide Love,2018,1000,623,1.6051,landscape
1315514,Blood for Blood's Sake,2020,1000,811,1.233,landscape
1316210,Tortuga!,1976,1000,612,1.634,landscape
1317055,The Ruins,1972,1000,563,1.7762,landscape
1317068,Dracula Trucks Again,1976,1000,790,1.2658,landscape
1317081,Shell,1973,1000,773,1.2937,landscape
1317083,Dr. Jekyll Meets the Invisible Man,1977,1000,720,1.3889,landscape
1318259,Chunks VI: The Next Generation,1989,280,280,1.0,square
1318260,Zombie Hell 2,1989,280,280,1.0,square
1318302,Video Victims,1983,1000,892,1.1211,landscape
1321229,Z-TV,1989,1000,687,1.4556,landscape
1321903,The Four Poster,1964,1000,767,1.3038,landscape
1331102,Black Magic,1982,300,225,1.3333,landscape
1331250,The Bad Sanctum,1986,300,223,1.3453,landscape
1331261,Plan 10: The Vengeance of Bela,1983,1000,756,1.3228,landscape
1331275,The Raven,1988,1000,752,1.3298,landscape
1331386,The Wolf Man,1980,300,202,1.4851,landscape
1339547,Trilby and Svengali,1911,1000,782,1.2788,landscape
1341983,The Cave,2020,1000,417,2.3981,landscape
1354755,Welcome Back Mr. Fox,1986,1000,694,1.4409,landscape
1356797,Bonkey: The Mutated,2026,1000,750,1.3333,landscape
1363016,Stable House,2012,1000,563,1.7762,landscape
1365986,Chiller Theatre Fiend Club Show: Volume 3,1996,1000,655,1.5267,landscape
1367656,Desperate Scribbles,2013,1000,750,1.3333,landscape
1369198,Chiller Theatre Fiend Club Show: Volume 2,1996,1000,655,1.5267,landscape
1369581,Hostage,2008,1000,480,2.0833,landscape
1369835,Swim with Me,2016,1000,563,1.7762,landscape
1369837,The Butchers of Daley Ranch,2016,1000,667,1.4993,landscape
1370231,Darkmoon,2010,1000,563,1.7762,landscape
1371840,Poopie Parade of Values,1995,1000,769,1.3004,landscape
1371856,Audition,2012,1000,730,1.3699,landscape
1371999,ADS-7 Good Friday Easter Appeal Marathon,1977,1000,745,1.3423,landscape
1372001,Halloween Special,1975,1000,790,1.2658,landscape
1372013,Deadly Earnest's Spooky Colour Marathon,1975,1000,762,1.3123,landscape
1372016,Terrorthon Spectacular,1970,1000,522,1.9157,landscape
1372145,Gemma,2016,1000,450,2.2222,landscape
1372917,Angie,2023,1000,563,1.7762,landscape
1376362,La Vie Secrète des Objets,2001,1000,559,1.7889,landscape
1378988,Maldoror,2001,300,220,1.3636,landscape
1389998,Demon Nurses from Hell,2014,1000,541,1.8484,landscape
1390252,Darkside Stories,2017,1000,944,1.0593,landscape
1391185,Night,2011,1000,753,1.328,landscape
1394555,The Ascendents Anthology,2016,1000,526,1.9011,landscape
1404680,The Wounded and The Watcher,2024,1000,563,1.7762,landscape
1407342,When Books Fly,2024,300,169,1.7751,landscape
1407761,Prophecy,1995,1000,751,1.3316,landscape
1408858,His Eyes,1996,300,196,1.5306,landscape
1408859,R.E.M.,1987,1000,638,1.5674,landscape
1408864,Save My Soul,1984,1000,625,1.6,landscape
1409390,Love and Core,2012,1000,563,1.7762,landscape
1411194,Slaypril Fools 93D: Prankster's Paradise,2024,300,300,1.0,square
1415142,Makeover,2015,1000,667,1.4993,landscape
1416695,Scam To Horror,2025,300,169,1.7751,landscape
1421512,Thirty-Five,2025,300,169,1.7751,landscape
1422967,The Minotaur,1910,1000,888,1.1261,landscape
1423805,Glitch,2018,1000,564,1.773,landscape
1425316,American Kensho: Manifest Destiny,2017,1000,563,1.7762,landscape
1427561,Shelter,2008,1000,563,1.7762,landscape
1433235,Crazy,2010,1000,1000,1.0,square
1434503,Kitten in the Cat Trap,2011,1000,539,1.8553,landscape
1435889,Vampire Playmates 2,2004,1000,625,1.6,landscape
1440272,The Cursed Doll,2007,1000,750,1.3333,landscape
1453879,The Power,1968,300,219,1.3699,landscape
1453883,Murder!,1967,300,229,1.31,landscape
1454845,Do Not Disturbed,2014,300,170,1.7647,landscape
1456113,The Dark Tower,2020,1000,553,1.8083,landscape
1466345,Red Pine: 1889,2020,300,218,1.3761,landscape
1477352,Short Sharp Shocks,2015,1000,563,1.7762,landscape
1477442,Recon,1996,1000,563,1.7762,landscape
1479157,The Curse of the Beastman,1995,1000,1000,1.0,square
1488712,Fcb TV Show No.1,1955,1000,563,1.7762,landscape
1490275,Belonging,2023,300,169,1.7751,landscape
1502240,Menace,1970,300,225,1.3333,landscape
1506384,The Mirror,2025,300,149,2.0134,landscape
1507997,Revenge of the Calendar Girls,1995,1000,562,1.7794,landscape
1514108,I.V. League,2017,1000,563,1.7762,landscape
1528697,The Cure,2012,300,200,1.5,landscape
1529266,Gladys,2028,280,280,1.0,square
1532880,Turn It Off,2025,1000,576,1.7361,landscape
1541406,The Pickpocket,1955,1000,750,1.3333,landscape
1544453,Safe and Sound,1956,1000,750,1.3333,landscape
1544463,The Inveterate Gambler,1956,1000,750,1.3333,landscape
1550319,The Weeb,2026,1000,597,1.675,landscape
1551635,M is for Maisie,2013,1000,563,1.7762,landscape
1554959,Through Their Eyes,2024,1000,563,1.7762,landscape
1557852,Someone's at the Door,2023,1000,588,1.7007,landscape
1571911,Drain,2025,300,169,1.7751,landscape
1575865,The Curse of Room 102,2023,1000,599,1.6694,landscape
1578458,Attic Suite,1986,300,220,1.3636,landscape
1579593,"Girl, Abducted",2011,1000,800,1.25,landscape
1579598,The Colour of Her Eyes,2013,1000,816,1.2255,landscape
1580424,Unholy Passion,2006,300,200,1.5,landscape
1581602,Blake Buried A Body [FEATURE],9999,1000,419,2.3866,landscape
1588207,Occupied,2025,1000,563,1.7762,landscape
1590984,Zombois,9999,1000,961,1.0406,landscape
1608877,Somerset,2024,300,138,2.1739,landscape
1608907,Nowhere to Go,2021,300,147,2.0408,landscape
1610805,Puppets,2018,1000,563,1.7762,landscape
1619746,Swipe Fiend,2021,300,169,1.7751,landscape
1630658,Nails,2026,300,225,1.3333,landscape
1635622,Michael Myers vs Ghostface,2013,1000,750,1.3333,landscape
1637612,False Light,2018,1000,419,2.3866,landscape
1637919,Plan B,2016,1000,563,1.7762,landscape
1642940,Don't Kill Loretta,2027,280,280,1.0,square
1646710,Xelter,9999,1000,377,2.6525,landscape
1653857,Surviving the Hunt,2018,1000,829,1.2063,landscape
1654295,The Horror Hall of Fame II,1991,1000,719,1.3908,landscape
1655131,Arbor Day,2013,1000,563,1.7762,landscape
1655140,M Is for Mother,2013,1000,558,1.7921,landscape
1655293,SuperHot Apocalypse,2012,300,168,1.7857,landscape
1656697,Mother Monster,9999,1000,610,1.6393,landscape
1659270,The Stars Are Blackest at Night,2017,1000,417,2.3981,landscape
1659749,The Ordeal of Randolph Carter,2016,1000,563,1.7762,landscape
1660589,Nick the Killer,2024,1000,562,1.7794,landscape
1661612,Shadows Near,2008,1000,800,1.25,landscape
1661620,Otto and the Electric Eel,2012,1000,563,1.7762,landscape
1662060,Pickman's Model,2012,1000,563,1.7762,landscape
1662763,Last Call,9999,1000,419,2.3866,landscape
1665593,Superconscious,2026,1000,667,1.4993,landscape
1667983,A Ghastly Tale,2010,1000,563,1.7762,landscape
1669295,Cold Call,2011,1000,528,1.8939,landscape
1682293,AYA,2026,1000,563,1.7762,landscape
1685487,Metanoia,2026,280,280,1.0,square
1686650,Breaking paranoid,2026,1000,563,1.7762,landscape
1691730,The Final Day,2008,1000,562,1.7794,landscape
1695945,High Tea,2017,1000,625,1.6,landscape
1701101,Kelton's Dark Corner 4: The Kelton Marathon,2015,1000,1000,1.0,square
1701236,Posthumous,9999,1000,667,1.4993,landscape
1714737,Holdout,2012,1000,563,1.7762,landscape
1726033,It's a Girl,2012,1000,998,1.002,landscape
1726191,Box,2012,1000,563,1.7762,landscape
1733835,Mooseman,2025,1000,563,1.7762,landscape
