id,imdb_id,original_title,title,original_language,overview,tagline,release_date,poster_path,popularity,vote_count,vote_average,budget,revenue,runtime,status,adult,backdrop_path,genre_names,collection,collection_name
2929,tt0001223,Frankenstein,Frankenstein,en,"Frankenstein, a young medical student, trying to create the perfect human being, instead creates a misshapen monster. Made ill by what he has done, Frankenstein is comforted by his fiancée; but on his wedding night he is visited by the monster.",,1910-03-18,/xPzF7qW6FFZEzfsnsKqNOncxJNU.jpg,2.6139,232,6.1,0,0,14,Released,False,/vqZEHv2KxjyVXjbtMhIDIZ6xoLf.jpg,"Horror, Science Fiction, Fantasy",,
2957,tt0130001,"Homunculus, 2. Teil: Das geheimnisvolle Buch",The Mysterious Book,en,,,1916-11-27,/oCafZ0pqySjHZqC5kSlOqsAcU9v.jpg,1.1096,3,7.667,0,0,75,Released,False,,"Horror, Science Fiction",2955,Homunculus
2961,tt0130004,"Homunculus, 5. Teil: Die Vernichtung der Menschheit",The Destruction of Mankind,en,"For a long time the homunculus had to hide from his pursuers. But now he mingles with humanity again and sows discord, strife and murder. One day, when he meets an orphaned girl, he takes her to the shepherd Rudolf's parents. His goal is to pair the two together in order to breed a new human race from them. To this end, he kidnaps her to a deserted island. But the plan fails because Rudolf tries to kill the homunculus after learning his true identity. In revenge, the homunculus destroys the entire island, including the young couple. His hitherto loyal companion Edgar Rodin is so horrified by this deed that he renounces the homunculus and threatens him with death.",,1917-12-03,/ddb3pyBsmfzFJd8bInXKGjAFtou.jpg,0.2131,3,7.0,0,0,52,Released,False,,"Horror, Science Fiction",2955,Homunculus
3006,tt0126875,Dr. Jekyll and Mr. Hyde,Dr. Jekyll and Mr. Hyde,en,"Dr. Henry Jekyll experiments with scientific means of revealing the hidden, dark side of man and releases a murderer from within himself.",,1908-03-07,/hYArtU4tx01bOBeBLrkH1lY4VGb.jpg,0.6633,1,8.0,0,0,16,Released,False,,"Fantasy, Horror",,
20650,tt0001032,The Sealed Room,The Sealed Room,en,"The Count sets out to make a private room for him and his Countess, built in such a way no one can see, hear, and most importantly, disturb them. But unbeknownst to the Count, his wife has set her eyes on the court minstrel. Based on Edgar Allan Poe's “The Cask of Amontillado” and Honoré de Balzac's “La Grande Breteche”.",,1909-09-02,/4WvFZAlo5otviosadC7v6YLyMQE.jpg,0.7082,34,5.118,0,0,11,Released,False,/3EwGlAXJ8UBYknHZxw02kgoZH9u.jpg,"Romance, Drama, History, Horror",,
28196,tt0003643,The Avenging Conscience,The Avenging Conscience,en,"Thwarted by his despotic uncle from continuing his love affair, a young man's thoughts turn dark as he dwells on ways to deal with his uncle. Becoming convinced that murder is merely a natural part of life, he kills his uncle and hides the body. However, the man's conscience awakens; paranoia sets in and nightmarish visions begin to haunt him.",The criminal haunted by tortures of the mind,1914-08-02,/3NwXxPM7f3mHdlF6YylD3cao8CS.jpg,0.7913,33,5.9,0,0,83,Released,False,/bE7DnGWBaiQ8JxKO74pzqF0KuL6.jpg,"Drama, Horror",,
84512,tt0002813,Dr. Jekyll and Mr. Hyde,Dr. Jekyll and Mr. Hyde,en,"Dr. Henry Jekyll experiments with scientific means of revealing the hidden, dark side of man and releases a murderer from within himself.",,1913-03-06,/cJo4TgftAmU7rJdpEUiU2rIEJ77.jpg,0.6845,21,4.5,0,0,26,Released,False,/uE3CC3QPoZrCWx94GTEd32ETRuF.jpg,"Drama, Horror, Science Fiction",,
105166,tt0000172,The X-Ray Fiend,The X-Ray Fiend,en,"A romantic couple are transformed into skeletons via X-Rays. The film combines two very recent innovations: Wilhelm Roentgen's discovery of X-rays in 1895, and Georges Méliès' accidental realisation of the special-effects potential of the jump-cut in 1896.",,1897-10-01,/9W5EcN51j8eNrxqUwbQfoS6HUgZ.jpg,0.2424,63,5.5,0,0,1,Released,False,/tKnmOZJfNK5Wx874FU1Y7J1px3i.jpg,"Comedy, Horror",,
105408,tt0003424,Suspense.,Suspense.,en,"Abandoned by her maidservant in an isolated country house, a mother must protect herself and her baby from an invading tramp while her husband races home in a stolen car to save them.",,1913-07-06,/gSlKdlndjzIYwWblYSSZligMXuu.jpg,0.6399,113,7.0,0,0,11,Released,False,/pun9OylKFHAdlj3iNEifnR4jDWJ.jpg,"Drama, Thriller, Horror",,
130046,tt0000341,Uncle Josh's Nightmare,Uncle Josh's Nightmare,en,"Poor Uncle Josh is trying to get to sleep, but being constantly bedevilled by a fellow in red long underwear with horns. A short early trick editing film using a stationary camera much more valuable for its historical, rather than entertainment value.",,1900-03-01,/peN3L30TRi5MKlNrS369A7om6KB.jpg,0.2663,16,4.0,0,0,2,Released,False,,"Fantasy, Comedy, Horror",,
130523,tt0002143,Dr. Jekyll and Mr. Hyde,Dr. Jekyll and Mr. Hyde,en,"Dr. Henry Jekyll experiments with scientific means of revealing the hidden, dark side of man and releases a murderer from within himself.",,1912-01-16,/YMTH07LSvYr4AgG0mjVfbg8tx2.jpg,0.6995,38,5.9,0,0,12,Released,False,/tw63aeDGVvYWSdjKjYyvwjNZzxv.jpg,Horror,,
132410,tt0009105,The Ghost of Slumber Mountain,The Ghost of Slumber Mountain,en,"In a dream Uncle Jack looks through a magic telescope owned by the ghost of a hermit and sees what life was like millions of years ago, including a battle between prehistoric monsters.","These giant monsters of the past are seen to breathe, to live again, to move and battle as they did at dawn of life.",1918-11-17,/nxud9gQINYrm19enWFmgTnqprtg.jpg,0.2409,10,5.9,3000,3000,16,Released,False,/LzonTaFh7fOhWcuTgfhthYwCDK.jpg,"Fantasy, Animation, Horror",,
139246,tt0000553,The Haunted Hotel,The Haunted Hotel,en,"A traveler stays the night at a rural inn, but gets no rest as he is tormented by various spectres and mysterious happenings.",,1907-02-23,/nxgjGJL0kQZWgj31QOPLx6gtcH.jpg,0.6775,35,5.657,0,0,7,Released,False,/f0y3jxkDgUHc1VirP07DQmd1bvF.jpg,"Comedy, Animation, Horror",,
152031,tt0000309,How It Feels to Be Run Over,How It Feels to Be Run Over,en,"As the camera looks down an open road, a horse and carriage approaches, and passes by to one side of the field of view. Soon afterwards, an automobile comes up the road, straight towards the camera. As it gets nearer, the occupants start to wave frantically, but can a collision be avoided?",,1900-06-30,/4Tw5D7VqzbQmLH2M8ZX3FUMTRdF.jpg,0.1714,44,5.955,0,0,1,Released,False,/h6Kuw5e4zTbAtrw1BuWQX9LCUtO.jpg,Horror,,
152032,tt0435028,How to Stop a Motor Car,How to Stop a Motor Car,en,A policeman is run over by an automobile,,1902-06-27,,0.3594,12,6.167,0,0,2,Released,False,,"Comedy, Horror",,
172115,tt0000357,The Haunted Curiosity Shop,The Haunted Curiosity Shop,en,An old proprietor is startled and haunted by the strange happenings inside his curiosity shop.,,1901-08-01,/7c5k1nN9KPhPuGrI8X5rl4IDQUa.jpg,0.2815,26,5.3,0,0,2,Released,False,/t37TFN7Y4PS8BydHRgmwGrpkcbb.jpg,"Fantasy, Horror",,
174080,tt0003876,The Egyptian Mummy,The Egyptian Mummy,en,"In order to make money, a man hires a bum to pretend to be a mummy, so he can sell the ""body"" for scientific experiments.",,1914-12-16,/6ACip9pAsdJCbdqtTBmE8b6QzTA.jpg,0.1681,2,6.0,0,0,17,Released,False,,"Horror, Comedy",,
177583,tt0005955,The Raven,The Raven,en,"After a brief view of Edgar Allan Poe's family background, his grandfather, David Poe, Sr., an Irish immigrant to America, and his father, David Poe, Jr., the poet's life is depicted from the death of his mother and his subsequent adoption by John Allan, to his own tortured death in 1849. Expelled from the University of Virginia for incurring too many debts, Poe nonetheless courts and marries Virginia Clemm but is disowned by his foster father. While residing in Fordham, New York, Poe tries to earn a living as a writer but meets with little financial success. Overwhelmed by their impoverished state, Virginia dies and Poe sinks into a profound depression. Always a victim of alcohol and subject to hallucinations, Poe first imagines that his neighbor, Helen Whitman, is Virginia, then plunges himself into an elaborate delusion in which his wife's spirit, various other spectres and a raven finally drive him to his own death.",,1915-11-08,/xbYzoE5kRF4juOdJjr3SUnP2Fd8.jpg,1.5415,6,6.5,0,0,80,Released,False,/7ZEqhkusOIN0U9Br7MDCe1Ogwuq.jpg,"Drama, Horror, Fantasy",,
192089,tt0000340,Uncle Josh in a Spooky Hotel,Uncle Josh in a Spooky Hotel,en,"Uncle Josh checks into a hotel, presumably to get a better nights rest than he gets at home. Of course the way bad luck follows Josh around we know this is a forlorn hope. Sure enough, quicker than you can say ""Georges Méliès"" a ghost pops up to make sure Uncle Josh is denied a good nights rest.",,1900-01-01,/msRs9vkPB0jrKxblwxVGsYX5a34.jpg,0.5175,19,4.6,0,0,1,Released,False,,"Horror, Comedy",,
195539,tt0218135,Davey Jones' Locker,Davey Jones' Locker,en,"Two sets of images are superimposed. From the side, we see a two-masted ship. Across the deck walks a skeleton. It sits down, its legs akimbo. The legs separate and continue a dance while the body of the skeleton faces us and the skull moves its jaw bone. It rises and the legs rejoin the skull and body for an additional jig back and forth on deck.",,1900-12-21,,0.2411,15,5.067,0,0,1,Released,False,,"Horror, Fantasy",,
195606,tt0000301,Faust and Marguerite,Faust and Marguerite,en,"Marguerite is seated in front of the fireplace, Faust standing by her side. Mephistopheles enters and offers his sword to Faust, commanding him to behead the fair Marguerite. Faust refuses, whereupon Mephistopheles draws the sword across the throat of the lady and she suddenly disappears and Faust is seated in her place.",,1900-05-21,,0.256,25,3.9,0,0,1,Released,False,,"Fantasy, Horror",,
212391,tt0223084,La damnation de Faust 1,The Damnation of Faust,en,"A lost film. Georges Méliès also directed a film entitled Faust aux enfers in 1903 that is frequently confused with this one, but it has little to do with the story of Faust.",La Damnation du docteur Faust,1898-01-01,/rzkp3LJZt491t2NkUBrtgAEpOIx.jpg,0.3152,8,4.688,0,0,7,Released,False,,"Horror, Drama",,
226884,tt0223931,The Pit and the Pendulum,The Pit and the Pendulum,en,Alice Guy's version of Edgar Allan Poe's The Pit and the Pendulum. This film is partially lost.,,1913-07-09,/mTy1Wbs0BS1t2VjfR4CMTQ4kYDY.jpg,0.2375,4,5.75,0,0,16,Released,False,,"Horror, Drama",,
272423,tt1185661,The Mistletoe Bough,The Mistletoe Bough,en,"During a game of hide and seek, a new bride hides in a chest and remains undiscovered until a strange visitation thirty years later.",,1904-11-30,/bln9FgmibEHOVyyB33tCstl31Lx.jpg,0.4187,17,5.5,0,0,9,Released,False,,"Drama, Horror, Mystery",,
273174,tt0002656,Balaoo,Balaoo the Demon Baboon,en,"An ape, turned near human by Dr. Coriolis and given the name 'Balaoo', is smitten by the beauty of Coriolis' niece, Madeleine. Being inquisitive, though, he runs off, getting into mischief, and falls in with a poacher who saves his life. Acting now as his slave Balaoo kills a man for the poacher, but balks on his orders to kidnap Madeleine, deciding instead to set a trap for the poacher.",,1913-01-01,,1.2244,1,6.0,0,0,24,Released,False,,"Horror, Science Fiction",,
297446,tt0001185,Dorian Grays Portræt,The Picture of Dorian Gray,en,"A corrupt young man somehow keeps his youthful beauty, but a special painting gradually reveals his inner ugliness to all.",,1910-10-05,,0.2634,0,0,0,0,26,Released,False,,Horror,,
305511,tt0008978,The Craving,The Craving,en,"An Indian scholar seeks an American colleague who is working on a powerful explosive, trying to get to his formula by taking advantage of his drinking problem.",,1918-09-21,/xTLyyYb9OJ6USJemUGLxSO40Cu8.jpg,0.328,2,5.0,0,0,50,Released,False,/olzeWvj4isYZhYu3rVmKJhUpFmH.jpg,"Drama, Horror",,
329977,tt0004367,The Murders in the Rue Morgue,The Murders in the Rue Morgue,en,The first film adaption of Edgar Alan Poe's novel.,,1914-07-31,/hGNTMGPqNgpY6HI8KNyaEOseCZm.jpg,0.5095,0,0,0,0,10,Released,False,,"Crime, Horror, Mystery",,
337240,tt0003660,The Basilisk,The Basilisk,en,"A mesmerist, obsessed with putting a beautiful woman under his power, hypnotizes her to try to force her to kill her fiancé. His plans are altered with the appearance of a deadly serpent.",,1914-12-01,,0.3038,0,0,0,0,28,Released,False,,Horror,,
337259,tt0006434,Black Orchids,Black Orchids,en,"Frivolous young Marie de Severac is frightened into following a more virtuous path, when her father relates a story in which an equally frivolous woman is entombed alive. The movie was Rex Ingram’s directorial debut, and he later remade the film as Trifling Women in 1922. Black Orchids is considered to be a lost film.",The Love Affairs of a Heartless Woman,1917-01-01,/cX5z2n0xWMM8zW6MO1a43ILzGa8.jpg,0.6081,2,1.0,0,0,50,Released,False,/aynl8HNpow1AHGpg4YqsuryHc5D.jpg,"Horror, Drama",,
337387,tt0006554,The Crimson Stain Mystery,The Crimson Stain Mystery,en,"In attempting to develop a chemical which would make a person super-intelligent, Dr. Montrose fails and the subjects of his experiments metamorphose into hideous monsters who band together and prey on humans. With the police stymied, a young detective attempts to track down the leader of the group of killers, known only to have a small crimson stain in one eye.",,1916-08-21,/hjH4rvDT7ZtsSSmFIrvHFor8cUp.jpg,0.7743,0,0,0,0,355,Released,False,/j7Fnop95s0OLDv0Ma1vrXmv7jsb.jpg,"Mystery, Horror",,
338067,tt0003526,The Werewolf,The Werewolf,en,An old Indian legend tells of the supposed ability of persons who have been turned into wolves through magic power to assume human form at will for purposes of vengeance. This film is presumed lost.,,1913-12-13,/b5RlScbcCz6idCR2zTC0fINDt4Y.jpg,0.3807,0,0,0,0,18,Released,False,,"Adventure, Horror",,
341987,tt0134646,The Face at the Window,The Face at the Window,en,The victims of a killer are distracted by a hideous face peering through the window.,,1919-01-01,/cHHVtfMiOyHheWnf5jrs4eQ7Mrf.jpg,0.1835,1,7.0,0,0,0,Released,False,,"Horror, Thriller",,
342492,tt0005615,Life Without Soul,Life Without Soul,en,A young man gives life to a statue with disastrous results. Early adaptation of Frankenstein with the names changed.,"A Dramatic Masterpiece, Pulsating With Heart Interest, Interwoven With A Love Tale Of Sacrificial Devotion.",1915-11-01,/1oHldp7peZWcEE42TW9Zf3eB5ob.jpg,0.2941,0,0,0,0,70,Released,False,,"Horror, Science Fiction",,
343041,tt0004249,Lola,Lola,en,"A scientist resurrects his dead daughter, only to realize she now lacks a soul.",,1914-11-23,/rymlclR44zMVlsQjlx1GF740Mc5.jpg,1.2173,0,0,0,0,50,Released,False,,"Drama, Science Fiction, Horror",,
347196,tt4776944,Wolf Creek: Legacy,Wolf Creek: Legacy,en,"A family of American tourists wander innocently into Taylor's hunting grounds. When the parents sacrifice themselves to save their children, the kids find themselves alone, lost and hunted in the vast Australian wilderness.",There will be blood.,2027-03-19,/sp9EsXNB00frkLzXEkmFsHxIfuD.jpg,1.5167,0,0,0,0,0,Post Production,False,/sGQXzwy3C1s1CDcsLwea99dyNvI.jpg,"Horror, Thriller",268098,Wolf Creek Collection
361945,tt1107950,Sleepy Hollow,Sleepy Hollow,en,,,1911-01-11,/yvOClUlXpruMN3E4yzjStYA7Eh7.jpg,1.1296,0,0,0,0,10,Released,False,/px7NSZX0dmcC8gyzBOsepb9eSRk.jpg,Horror,,
362683,tt2308447,A Cry in the Night,A Cry in the Night,en,A detective proves a girl's father was killed by a mad scientist's winged gorilla.,,1915-07-01,,0.3442,0,0,0,0,43,Released,False,,Horror,,
363164,tt0409066,The Mummy,The Mummy,en,"An electric current accidentally brings a female mummy back to life with decidedly romantic inclinations, much to the surprise of a young Egyptologist and his less than understanding fiancée. This film is presumed lost.",,1911-03-07,/qb5bXnMDgdKT6rsEjhCFrxpyvzt.jpg,0.5217,2,8.5,0,0,10,Released,False,,"Comedy, Horror, Romance, Science Fiction",,
395713,tt0007107,The Mysteries of Myra,The Mysteries of Myra,en,"Myra Maynard's family is cursed by the devil-worshipping Black Order and she is marked for death by black magic on the eve of her eighteenth birthday. Dr. Payson Alden, the movies' first psychic detective, uses science to try and defeat the cult's evil spells, and is assisted by his friend Haji, a Hindu mystic. During the course of the 15 episodes of the serial, the clairvoyant Myra is assaulted by, among other supernatural menaces, astral demons, a fire elemental, even a ""thought monster"" brought to life by the malicious will of fifteen men, Levitation, crystal balls, automatic writing, mediums, witchcraft, a golden idol come to life, and many more bizarre elements which made movie history also figure into the story to make this a truly fascinating series that you will not want to miss. (mysteriesofmyra.com)",,1916-04-24,/xYmxlkgDzJkQlPsHYPrkpARDAVS.jpg,0.2442,1,6.0,0,0,310,Released,False,/4O13OdVixGbNmy9FbSJv0sGXBLz.jpg,"Horror, Mystery",,
409133,tt0223727,"Mercy, the Mummy Mumbled","Mercy, the Mummy Mumbled",en,"Mercy, the Mummy Mumbled pokes fun at both mad scientists and the Egyptian mummy craze that followed the discovery of King Tut's tomb early in the 20th century. A young man wooing the daughter of a scientist hatches a get rich quick scheme when he spots a classified ad searching for ""a mummy for experimental purposes."" While he wraps up a phony for the scientist, two Egyptian agents (outfitted in a crazy mix of ancient fashion and modern style) tracking stolen relics get tangled in the confusion.",,1918-01-01,/pnTybpNXTTnNRSJLypFRtMagZcY.jpg,0.2844,18,6.4,0,0,11,Released,False,/kTMvvx4aJmyI2z5eN33xQnZTgNg.jpg,"Comedy, Horror",,
418805,tt0160056,The Black Stork,The Black Stork,en,"A young man and woman are considering marriage; eugenicist Harry J Haiselden warns that they are ill-matched and will produce defective offspring. He is right; their baby is born defective, dies quickly and floats into heaven.","Kill defectives, save the nation and see 'The Black Stork'.",1917-02-28,/k9V2q9F5C9gyzlb0nXdyL0BsyuN.jpg,0.1857,3,6.0,0,0,85,Released,False,,"Drama, Horror",,
439404,tt2308713,Heba The Snake Woman,Heba The Snake Woman,en,An Aztec princess changes into a snake and kills a doctor.,,1915-08-01,,0.0968,0,0,0,0,16,Released,False,,Horror,,
447385,tt0003869,The Dream Woman,The Dream Woman,en,"In this story the hero is haunted by a beautiful young woman who tries to stab him to death with a knife. This fantasy recurs on each of his birthdays, becoming more and more real as the years go on. He leaves home to secure a place as groom, but arrives at his destination too late. Forced to retrace his steps, he seeks shelter in a little inn, forgetting that the hour of his birth is approaching. In the middle of the night he awakens, terrified with fright… Based on Wilkie Collins' novel “The Dream Woman”.",,1914-03-01,/heEqX0kBiJvTyBkLSbdb9Nmxbfc.jpg,0.2143,0,0,0,0,44,Released,False,,"Drama, Horror, Mystery",,
455141,tt0821127,A Catastrophe in Hester Street,A Catastrophe in Hester Street,en,"Two workers leave boxes of explosives with a push cart street vendor while they visit a bar. They return drunk and accidentally drop a box of nitro powder, causing an explosion that wrecks the block and blows off the vendor’s arm. A policeman shows up to the carnage and tries to replace the vendor’s arm with a severed leg.",,1904-01-12,/ceEO7CzdUUJoeh6K89vh4dyIjFY.jpg,0.6618,2,6.0,0,0,2,Released,False,,"Comedy, Action, Horror",,
482646,tt0000178,The Cavalier's Dream,The Cavalier's Dream,en,"He sits asleep at a bare table; old witch enters, raps three times, then disappears; cavalier sees table spread for a sumptuous repast. Mephistopheles appears; then the old witch, who suddenly changes to a beautiful young girl. The changes and magical appearances are startling and instantaneous.",,1898-12-22,/xxz57yyy2Q67OcPQcwBBc5kKqmz.jpg,0.3354,17,4.5,0,0,1,Released,False,,"Horror, Fantasy",,
484219,tt0230955,A Visit to the Spiritualist,A Visit to the Spiritualist,en,A countryman goes to see a spiritualist and is frightened by what he sees.,,1899-12-01,/vfnLo133Mq8M4SXZOaWAhMVFgX7.jpg,0.0986,1,7.0,0,0,1,Released,False,,Horror,,
486773,tt0242107,The Vengeance of Egypt,The Vengeance of Egypt,en,A stolen mummy's ring brings death to all who acquire it until it is returned to its owner.,,1912-10-01,/z9EgM4SYDKlIhfMpKEnug1l1qM9.jpg,0.1195,1,10.0,0,0,0,Released,False,/sQyVagu8MLeAbBJB9FLwgaedJMd.jpg,"Drama, Horror",,
493044,tt0005120,"Colonel Heeza Liar, Ghost Breaker","Colonel Heeza Liar, Ghost Breaker",en,"In this latest exploit of the inimitable little colonel, he goes upon a ghost hunt – but the hunter becomes the hunted.",,1915-02-06,/dIXeYEv9Y3S0MSJMclw7QTJg5Lo.jpg,0.3358,0,0,0,0,9,Released,False,,"Fantasy, Animation, Comedy, Horror",,
505669,tt0007854,The Devil's Assistant,The Devil's Assistant,en,A physician enacts revenge on the woman he loves after she marries another by treating her exhaustion with maddening drugs. The film depicts her descent into madness in a red-tinted trip to hell itself.,,1917-04-01,/lJA4UBFm8vTamV4NuXO9rCk2SMb.jpg,0.1785,2,4.2,0,0,58,Released,False,,"Horror, Drama",,
555211,tt0010565,The Phantom Honeymoon,The Phantom Honeymoon,en,"Professor Tidewater tours Ireland with his two daughters to investigate the origins of ghost stories. After the girls leave him at Belmore Castle, reputed to be haunted, the Hindu caretaker Sakes relates the following tale: Henry Claven, Sakes' master, courted his beautiful neighbor Betty Truesdale, but when she became engaged to Captain Bob Lambert, Claven precipitated a duel by telling Lambert that he knew his mother was a negress",A ghost debunker is touring Europe with his niece when he gets a new case to tackle.,1919-10-19,/zjvi27dFGhBEDozr1qVE1IoFzvo.jpg,0.258,2,6.0,0,0,62,Released,False,,"Horror, Drama",,
609080,tt0004468,The Phantom Violin,The Phantom Violin,en,"Awakened during the night by a thunderstorm, a young Parisian woman hears a violin playing in the house next door. The following morning, she becomes acquainted with Ellis, the musician, and they fall in love. The happiness of their subsequent marriage is brief, however. The wife begins frequenting the cabaret where Ellis is employed as a violinist, accompanied by one of her husband's friends, and she becomes disenchanted with her marriage. Learning of his wife's infidelity, Ellis attempts to jump into the Seine, but he is restrained by the police. He returns, insane, to the cabaret, where he discovers a secret door leading to a crypt. There he dwells among the bones, and time passes.",,1914-10-01,/6CQWpOU7fA1mpOUa9OmCdVXsobH.jpg,0.1818,0,0,0,0,40,Released,False,,"Drama, Horror",,
614166,tt1311165,The Skeleton,The Skeleton,en,Naughty children steal an anatomy-class papier-mâché skeleton and use it to play pranks on people around town.,,1912-10-23,/5A1dV8M6EUG8Ak53bWeqmJqR2wA.jpg,0.1231,1,4.0,0,0,8,Released,False,,"Comedy, Family, Horror",,
627840,tt0005772,Mortmain,Mortmain,en,"Surgeon Crisp announces to his student doctors and friends that he has solved the problem of limb-grafting, and shows proofs. Among those deeply interested is Mortmain, a musician and a friend of the surgeon.",The Censorship Boards of Chicago and Philadelphia Refused to Let This Picture be Shown in These Towns. See What a Treat We Are Giving You.,1915-09-06,/AoSOIoZrYpIxiPOL6Ua0gChpbKe.jpg,1.0113,0,0,0,0,50,Released,False,,"Drama, Horror",,
704245,tt0459319,The Ghost of Twisted Oaks,The Ghost of Twisted Oaks,en,"Mary Randall, who has just lost her job, is taking care of her widowed mother. Mary learns that her late uncle has left her part of his estate. She and her mother move to Florida to live on the Twisted Oaks Plantation. Mary meets her neighbor, Jack Carleton, and the two fall in love. The workers on the plantation believe in voodoo. The Voodoo Priest incites the superstitious workers. Mary orders him off the plantation, and he vows revenge.",,1915-11-11,/7olZGQU6BFOcj933PIvK7JzZSXE.jpg,0.1667,1,10.0,0,0,0,Released,False,/1Wja65E71NpO1BgNiPaCEyRTiI5.jpg,"Drama, Horror",,
716472,tt0001441,The Vampire,The Vampire,en,"Guy Temple, as ""the fool there was"" marries his brother's ward, his boyhood sweetheart, Emily. The young husband becomes ensnared in the toils of the Vampire (a destroyer of souls). Clandestine meetings are arranged and the cunning, unscrupulous, satanic actions of the Vampire compels the poor weakling, Temple, to falter and fall before her charms. John Temple, the other brother, determines to save the young husband when he discovers his perfidy, and to recover the jewels given the Vampire by Guy.","A picture dramatization from Sir Ed Burne-Jones' famous painting, with suggestions from that world famous poem by Rudyard Kipling, each conceded a peer in the literary and world of art.",1910-11-10,,0.2131,0,0,0,0,11,Released,False,,"Fantasy, Horror",,
729634,tt0002677,The Bells,The Bells,en,,,1913-02-19,/eo9nVOqv9lgQF1VwDSYbqJnoJ7Y.jpg,0.2373,0,0,0,0,0,Released,False,,Horror,,
746929,tt0228718,The Picture of Dorian Gray,The Picture of Dorian Gray,en,"Dorian Gray, a young man who makes a pact with his portrait, allowing it to age and bear the signs of his sins while he remains eternally youthful and beautiful. He is lured into a life of hedonism and debauchery by the influential Lord Henry Wotton, and as his moral character deteriorates, his portrait reflects his inner corruption.",,1916-06-01,,0.4905,2,7.5,0,0,60,Released,False,,"Drama, Horror",,
787760,tt0375704,The Devil's Signature,The Devil's Signature,en,"Ethel Vandiver and her friend, Marie Le Farve, arrive at the former's country home. Ethel's father objects to her seeing Douglas, whom he thinks is a sweetheart. But, unknown to her parent, Ethel has married Douglas a year before. The day on which she arrives she receives a letter from her husband stating that he would rather see her dead than be separated from her any longer. A few hours later Marie is found dead in Ethel's room.",,1914-09-11,/33BBckwmLJOixzoqL1771RJMMTt.jpg,0.5142,1,9.0,0,0,20,Released,False,,"Horror, Crime, Mystery",,
862054,tt0172340,The Doll's Revenge,The Doll's Revenge,en,"A boy breaks his sister's doll and it mends, grows, tears him up and eats him.",,1907-03-02,/5ikaQvzBHx3rn1V7yLlSyUmjudn.jpg,0.2498,7,6.214,0,0,3,Released,False,/eyxVKA50BmlN8yRoehWKuGwKGoa.jpg,"Fantasy, Horror",,
862531,tt0000253,The Miser's Doom,The Miser's Doom,en,A miser dies of shock when the ghost of a poor woman appears.,,1899-09-01,/4HtSSjADqKKrwW6oIXQmgKxg5G9.jpg,0.4878,2,4.0,0,0,0,Released,False,/fZe4G3MXhpEqH3k1p8aywXdJNyJ.jpg,Horror,,
862533,tt0007744,The Brand of Satan,The Brand of Satan,en,A man discovers that he has two personalities--and one of them is a notorious strangler.,,1917-07-09,/yrVFwhqH22EpyeLnLshNKnxRGUl.jpg,0.6756,0,0,0,0,55,Released,False,,Horror,,
864142,tt0004013,The Ghost Breaker,The Ghost Breaker,en,"Carmen, a maid, steals a locket belonging to the Aragon princess Maria Theresa and sells it to Gaines, a New York art collector, not knowing that the locket contains the clue to the Aragon family fortune's whereabouts. Based on the 1909 Broadway play of the same name by Paul Dickey and Charles W. Goddard.",,1914-12-07,/guDzZ9tAnt44RanhAQqXJeCvenR.jpg,0.432,0,0,0,0,60,Released,False,,"Adventure, Drama, Horror, Mystery",,
879993,tt0348047,The Skull,The Skull,en,"Just as the bead clerk and his assistants are closing up the jewelry store for the day, a package containing a very costly necklace arrives by special messenger. The large safe deposit vault has been closed for the night and the time clock set. The head clerk is fearful to leave the necklace in the store and so decides to take it home. His actions have been closely watched by one of the junior clerks, with sinister and stealthy glances.",,1913-05-02,,0.3289,1,0,0,0,20,Released,False,,"Crime, Drama, Horror, Thriller",,
907390,tt0247195,The Beetle,The Beetle,en,"A beetle is possessed by the soul of an ancient Egyptian princess, who is determined to get her revenge on a member of the British Parliament.",,1919-12-01,/4N97PZbhqFAV6sVvIs2457oV6Zd.jpg,1.0526,1,8.0,0,0,62,Released,False,,Horror,,
934620,tt0000245,The Haunted House,The Haunted House,en,"Silas Hayseed arrives in town and proceeds to put up a hotel noted for its 'tables,' which are all made of hard wood. The country yokel is shown to his room and divests himself of his best Sunday-go-to-meetin' clothes. His little bunch of whiskers that adorn his chin seem to be as proud of him as his Melindy Jane, whom he left in Grassville, back over yonder. He is finally undressed and tumbles into bed, resolving meanwhile to dream of the good prices he will realize in his produce. While pondering over matters, he looks around and discovers a Ghost standing in the middle of the room. Silas becomes scared, begosh, and leaping out on the floor begs the Ghost to do him no harm. The Ghost suddenly vanishes and the Hayseed is about to jump into bed again when Satan appears from under the sheets and scares him to such an extent that he is willing to promise him even a box of fresh rooster eggs if he will only go away.",,1899-08-01,,0.2711,1,4.5,0,0,0,Released,False,,"Comedy, Fantasy, Horror",,
934630,tt0000261,Un bon lit,A Midnight Episode,en,"A sleeping apartment of a friend who retires for the night. The rays of the moon are shining upon the bed through the window. He is suddenly awakened by a bug of gigantic proportions crawling over him. This he attacks and destroys, but before again retiring he notices three more climbing up the wall. He lights the candle and applies the flame to each, causing them to explode with fine smoke effect. After this slaughter he retires in contentment and soon sleeps the sleep of the just. A very funny subject.",,1899-01-01,/zMBVYJ0Ecl9DqA3P4haHaIBmfuo.jpg,0.3226,1,3.5,0,0,1,Released,False,,"Comedy, Horror",,
936933,tt0000406,The Prince of Darkness,The Prince of Darkness,en,"In this picture some very remarkable effects are obtained by the reversal of the motion of the negative. A man comes home, somewhat under the influence of liquor, and starts to remove his outer clothes. As fast as he removes each article and throws it from him, it immediately flies back, and when he is completely bewildered by this weird proceeding, His Satanic Majesty suddenly appears, and the man collapses.",,1900-01-01,,0.1251,2,4.0,0,0,0,Released,False,,Horror,,
940165,tt0004929,The Avenging Hand,The Avenging Hand,en,The ghost of an Egyptian princess curses the archaeologist who stole her mummified hand.,,1915-09-01,/sR150AcUN3ZR2w4UcAaDueCcZkS.jpg,0.4887,0,0,0,0,18,Released,False,/6bpAwzgpBAGAwcoiX37zzbpqZUu.jpg,Horror,,
942364,tt0229434,The Haunting Fear,The Haunting Fear,en,"Lured by Diana, Katherine runs away from home. The foolish girl is soon drawn into the whirlpool. She meets Mace, a notorious man-about-town, and is fascinated by him. Doctor Busby, an insane physician, recognizes in Mace the man who had caused his daughter's death. Shortly afterward, Katherine discovers Mace's real character. Wild with rage, she stabs him.",,1915-06-11,/d88neYGE9iQsjJsTPD1KWw4ZqSk.jpg,0.2999,1,8.0,0,0,21,Released,False,,"Drama, Horror",,
946989,tt0002114,Conscience,Conscience,en,"More a cautionary moral tale than anything else, Conscience makes use of a setting that was to become a horror movie favourite: the chamber of horrors. Persuaded to elope by her lover Eric, Eleanor Donelly defies her police officer brother to go to New York, where the young couple are married. Soon deserted by Eric and desperate for food for her baby, Eleanor tries to steal a bottle of milk. Fleeing in terror from a policeman, she takes refuge in a chamber of horrors.  Coincidentally, fallen among disreputable companions, Eric has meanwhile accepted a wager daring him to spend a night in the same chamber of horrors. In the morning, seeing Eleanor in the shadows as she wakes and rises, Eric dies of fright while Eleanor goes mad.",,1912-07-15,,0.236,1,4.0,0,0,10,Released,False,,"Horror, Drama",,
947335,tt0008742,The Voice on the Wire,The Voice on the Wire,en,A silent action movie serial consisting of 15 chapters.,Great Trans-Atlantic Surprise Serial,1917-03-18,/zehdyJEzRTYLDKwEmxNVSAWcYY9.jpg,0.3184,1,6.0,0,0,180,Released,False,/w4p6ZDcipJCDgJVIZkRuyUh5crs.jpg,"Action, Adventure, Crime, Horror",,
958619,tt0313563,Il Paradise di Satana,Satan Paradise,en,"Phony spiritualists attempt, through repeated spurious séances, to convince a mother they can help her contact her supposedly deceased soldier son.",,1911-01-01,,0.1704,1,10.0,2000,0,7,Released,False,,Horror,,
981696,tt0010215,The Haunted Bedroom,The Haunted Bedroom,en,"Betsy Thorne (Bennett) travels to investigate a missing man where she overhears a conversation between the sheriff and an imported detective that reporters are barred from the house and grounds where the mystery has taken place. She comes across a maid sent to the house from Richmond, and so frightens her that she gains a chance to act in her place. During the first night at the house she is terrified when she sees a ghostly figure come from the grand organ. The house is roused by her screams as she flees the room, and she is forbidden from going back there by the sister of the missing man. During the following night she is locked in her room during a thunderstorm, and while escaping through a window sees the ghostly figure again in the family graveyard. She makes an investigation which starts from a particular chord played at the grand organ. They find that certain keys cause a secret door in the organ to open, revealing a secret passage to a family tomb.",,1919-12-05,/zRROISqTSM3jn7u2vgISdcv0W9B.jpg,0.2139,1,10.0,0,0,50,Released,False,/xR2aWUPw2pXDTT0iRAZ9IJyhU59.jpg,"Drama, Horror",,
988092,tt0007576,The Witching Hour,The Witching Hour,en,"Jack Brookfield, a gambler with clairvoyant and hypnotic powers, is able to win at cards through his unique gift. But when he inadvertently hypnotizes young Clay Thorne, Thorne kills an enemy of Brookfield's while under a trance. No one believes Brookfield's protestations that Thorne is innocent of any murderous intent",,1916-12-10,/xXGAE0bLWvKWJD0oCNEssQ10HKs.jpg,0.5541,0,0,0,0,70,Released,False,,"Drama, Horror",,
1008246,tt1872065,The Freak Barber,The Freak Barber,en,"A barber cuts heads off Negro and white customers, who then dismember him.",,1905-12-05,/eKmjM1eEqM7EPQ2aMJb0QQledNu.jpg,0.5883,0,0,0,0,0,Released,False,/oSSvaGu833j6GI48wRAvVWOFlUX.jpg,"Comedy, Horror",,
1010673,tt0009617,The Silent Mystery,The Silent Mystery,en,"While visiting Egypt, Mrs. Graham steals a famous jewel called ""The Eye of the World"" from a mummy's sarcophagus and returns to the United States, planning to use the gem as collateral for a loan. Kah, the priestess in charge of protecting the tombs of Egyptian nobility, is soon on her trail , determined to retrieve the gem. Mrs. Graham's lovely daughter, Betty, agrees to marry a suitor for money to prop up her father's failing business. When the bridegroom is murdered on the couple's wedding night, and the body disappears, Phil Kelly decides to lend a hand in solving the crimes.",,1918-11-01,/c4m7dltwLOzIiEAbHJU5u0buuMO.jpg,0.173,0,0,0,0,240,Released,False,/dPCBIngb7QqFqhUmG3YNfyWHEOP.jpg,"Drama, Horror",,
1011999,,Asleep at the Switch,Asleep at the Switch,en,"A railway switchman falls asleep whilst on duty. The swicthman wakes up too late, and, realizing his error, begins to hallucinate the probable outcome of his inaction. His wife, however, springs into action.",,1910-12-31,/qwAZNC05fonTWNyOcLMQqlJ9ve4.jpg,0.0976,0,0,0,0,4,Released,False,,"Thriller, Drama, Horror",,
1077097,tt0000196,Faust and Mephistopheles,Faust and Mephistopheles,en,"Satan conjures a vision of a girl, for whom an old man signs a pact and is made young. This is a lost film from George Albert Smith",,1898-01-01,/8ZQZdHEqT92JjyjiEgFpn13FOnj.jpg,0.0472,2,4.2,0,0,0,Released,False,,Horror,,
1100727,tt0000285,Chinese Magic,Chinese Magic,en,Trick film. A stage magician transforms a woman into a butterfly and himself into a giant bat. This film is considered lost.,,1900-09-01,,0.555,1,4.5,0,0,0,Released,False,,Horror,,
1102111,tt0000412,The Troublesome Fly,The Troublesome Fly,en,"A huge fly is bothering an old gentleman, who is trying to take a nap. The old gentleman, after standing the torment as long as he can, jumps up and taking a shot-gun, fires at the fly and blows it to pieces, then goes back to bed to sleep in peace. The idea is a very good one, and is very well worked out.",,1900-05-01,,0.1131,2,3.8,0,0,0,Released,False,,"Horror, Comedy",,
1122220,tt32082826,Untitled Blair Witch Film,Untitled Blair Witch Film,en,A family goes on a camping trip and goes missing one by one after they hear strange noises in the forest.,,2027-09-24,/1mi6QRfUaSoe9pTvSY4L9AHdazh.jpg,0.9169,0,0,10000000,0,0,Planned,False,/3vvWLWzmBsjHxv8LfAdLiEMwHg0.jpg,Horror,,
1184925,,Midnight Oxygen,Midnight Oxygen,en,"Described as an ensemble, coming of age extraterrestrial horror movie.",Take The Air You Need Now.,2027-09-22,/1cbqKt4xp67ckCWD0zVRmN5qPyO.jpg,0.1457,0,0,0,0,0,In Production,False,,"Horror, Science Fiction, Mystery",,
1202568,tt18561610,shuteye,shuteye,en,A student researching sleep paralysis slips into a lucid nightmare.,You won't sleep a wink.,2027-10-29,/dRHVocnmLsXLxnAYZqc2fLJf4o1.jpg,1.2376,0,0,5000,0,90,In Production,False,/55VZceSgkzvTifm9bBrr2Wwt7YH.jpg,Horror,,
1206628,tt8702454,The Third Parent,The Third Parent,en,A neighborhood Fourth of July celebration is interrupted by a ferociously bizarre anomaly who overpowers a family in order to teach them how to become better people and more compliant citizens.,,2027-01-22,/IGPqX9Lk9bPvUKBkh54QAE01jP.jpg,1.7062,0,0,0,0,0,In Production,False,,"Horror, Thriller",,
1209628,tt30177009,Wafflehead,Wafflehead,en,Two documentarians settle into a small town and persuade a few hillbilly locals to help them find the sole survivor of a massacre.,,2027-02-26,,2.2225,0,0,3000,0,40,In Production,False,,"Horror, Comedy",,
1211637,tt30229270,Christmas Stalkings,Christmas Stalkings,en,"A sadistic pedophile mall Santa is arrested after a group of kids alarm local adults and police of his activity. Years later, the pedophile escapes from prison during a blackout. Donning his Santa Claus uniform and wielding a fire axe, the pedophile begins hunting down the now grown-up children one by one.",Slashing through the snow...,2027-12-24,,1.0386,0,0,5000,0,10,In Production,False,,"Horror, Comedy",,
1215987,,Astral Projections,Astral Projections,en,Plot TBA,We truly live in a time.,2027-11-30,/6TmGripDYxVHLghK29hAKRdjjRS.jpg,0.0941,0,0,0,0,0,Planned,False,,"Horror, Drama, Mystery",,
1224105,tt0005116,Colonel Heeza Liar in the Haunted Castle,Colonel Heeza Liar in the Haunted Castle,en,A Colonel Heeza Liar Cartoon,,1915-02-20,,0.2003,0,0,0,0,5,Released,False,,"Animation, Comedy, Horror",,
1225335,tt30761061,bodybags,bodybags,en,"A feature adaptation and expansion of the story in ""bodybag"" (2024).",The path to hell begins in the flesh.,2028-10-27,,0.7795,0,0,10000,0,0,In Production,False,,Horror,1225336,bodybag Collection
1267277,tt0313622,Snow White in the Dark Woods,Snow White in the Dark Woods,en,A young woman goes on a search for her kidnapped sister. She soon falls victim to a jealous queen who can't stand anyone who is considered more beautiful than herself. The adventure and terror begins as the young woman battles the evil queen to get to her sister.,,1916-01-01,/alfIOU50f93FmJSFMPk12ozcyAg.jpg,0.1799,1,7.0,0,0,116,Released,False,,"Fantasy, Horror, Adventure",,
1267286,tt0402325,The Kiss of a Vampire,The Kiss of a Vampire,en,American horror movie from 1916.,,1916-01-01,,0.1876,1,7.0,0,0,20,Released,False,,Horror,,
1267304,tt0317165,The Black Night,The Black Night,en,A lord changes places with a dead jewel thief in order to steal his wife's letters back from a blackmailer.,,1916-11-01,/3vsv42B3z6GtovA1moB6ZVpQQIt.jpg,0.4334,1,8.0,0,0,90,Released,False,,"Horror, Crime",,
1267360,tt4623098,Satan's Signature,Satan's Signature,en,American horror short from 1919.,,1919-01-01,/twtkfeeAmgAE9SE2bCXy5TFXjTV.jpg,0.1804,0,0,0,0,0,Released,False,,"Drama, Horror",,
1269411,tt1093811,播州皿屋敷,Banchō Sarayashiki,en,Japanese horror movie from 1918.,,1918-12-18,,0.2446,0,0,0,0,0,Released,False,,Horror,,
1275166,tt1534527,The Hon. Mr. Jap Van Winkle,The Hon. Mr. Jap Van Winkle,en,American horror short from 1919.,,1919-08-16,,0.0436,0,0,0,0,0,Released,False,,Horror,,
1277031,tt0200593,The Duality of Man,The Duality of Man,en,Dr. Jekyll faces horrible consequences when he lets his dark side run wild with a potion that changes him into the animalistic Mr. Hyde.,,1910-02-01,,0.2786,1,8.0,0,0,5,Released,False,,Horror,,
1277039,tt0256936,A Modern Jekyll and Hyde,A Modern Jekyll and Hyde,en,"Dr. Henry Jekyll experiments with scientific means of revealing the hidden, dark side of man and releases a murderer from within himself.",,1913-12-29,/ePIoQwOXq7wmd9YoxWvZNGXcR3u.jpg,0.2585,1,8.0,0,0,0,Released,False,,Horror,,
1277048,tt0007660,Avarice,Avarice,en,"Death reviews the life of a mean, miserly old woman.",,1917-02-09,,0.8735,0,0,0,0,10,Released,False,,Horror,,
1277053,tt0007891,The Enchanted Kiss,The Enchanted Kiss,en,"Sam, in love with Katie, drinks too much absinthe and dreams he is a hero saving Katie from danger.",,1917-12-22,,0.3772,0,0,0,0,20,Released,False,,Horror,,
1277056,tt0007347,The Silent Stranger,The Silent Stranger,en,"The man is a mystery in the little town. He lives alone in his cabin and will not meet the advanced of his neighbors. One night he talks and tells the story of his life. He had been a prosperous lawyer in an eastern town and was engaged to be married to the sweetest of girls. The night before the wedding day she died and in his anguish he called in the devil. The devil said that he would bring back the departed life, but that if the man laughed he would lose his love again. And in the man's joy at his sweetheart's recovery he forgot and laughed and straight the girl died. ""Here is Satan now,"" said the man, as he fell over dead.",,1916-08-10,,0.4863,0,0,0,0,20,Released,False,,"Drama, Horror",,
1277059,tt0398085,The Gray Horror,The Gray Horror,en,American horror movie from 1915.,,1915-04-13,/qdN3q0iJ7s1Shi4vO0XwMOs6I06.jpg,0.1778,1,9.0,0,0,0,Released,False,,Horror,,
1279922,tt2108642,The Vampire,The Vampire,en,"In India, an explorer shoots the vampire woman who killed his friend. She becomes a snake and kills him.",,1913-09-01,,0.0318,0,0,0,0,0,Released,False,,Horror,,
1279930,tt2177755,The Fakir's Spell,The Fakir's Spell,en,"In India, a girl's British lover, changed into a gorilla by her father, is captured by a circus.",,1914-07-01,/iXFMk1U48tE9NLmBTq4Xuax2K0w.jpg,0.0414,1,6.0,0,0,0,Released,False,,Horror,,
1280081,tt0006229,The Vivisectionist,The Vivisectionist,en,"When a neighbor complains about strange noises, an officer goes undercover to investigate Dr. Jardine. After her cover is blown, she infiltrates his lab and stops him from performing an illegal surgery on an escaped convict.",,1915-06-23,/3rqqTbmlPslJl62fqJRV7Rx8qA2.jpg,1.5905,0,0,0,0,20,Released,False,/lvdNkiIkElWKc2RVrwkVLsL1UCY.jpg,Horror,,
1280215,tt0451402,From the River's Depths,From the River's Depths,en,A murder victim's spirit takes revenge on the man who killed him.,,1915-09-05,/wYlx7MpxhsMvvf9hC23VmEEKlZk.jpg,0.3336,1,8.0,0,0,0,Released,False,/pt8USXhxAGXc7nDY9jqOWN4YGse.jpg,Horror,,
1280376,tt0222386,The Spider's Web,The Spider's Web,en,"Banker Graham Lawlor is convinced to invest in Silver Shield Mines and becomes president, unaware that promoters Harris, Brennen, and Lester are frauds. He asks his son, Trevor, a small-town lawyer, to join as secretary. Trevor suspects foul play, warns his father, and returns to his practice after a disagreement. Lester, one of the promoters, woos and abandons his stenographer, Brenda Wray. When rumors surface about the mine’s instability, the promoters attempt to place blame on Lawlor. Knowing he holds documents to clear his name, they bribe his servant to steal them. Brenda, seeking justice from Lester, overhears the plan and informs Trevor. Lawlor’s servant, Thompson, is caught, confesses, and clears Lawlor’s name, leading to the arrest of Harris, Brennen, and Lester.",,1912-05-14,/1lB8vEO249oipmH0TuEDa4h0muH.jpg,0.6401,1,10.0,0,0,12,Released,False,/5VQhwvogePmx3zgTtI5zZG1Y6Uj.jpg,"Horror, Crime",,
1280608,tt32219574,Evil Dead Wrath,Evil Dead Wrath,en,"Plot TBA. A prequel to the first film, set in 1972.",,2028-04-05,/r10fSbmxDipJG6VOyt9nkX3zEbx.jpg,2.7513,0,0,20000000,0,0,Post Production,False,/xkDrNYTcQgq6TFnx5mfQapMXmPA.jpg,"Horror, Thriller",1725885,Evil Dead Standalone Collection
1286493,tt0007574,The Witch,The Witch,en,A young woman uses her hypnotic powers to destroy the potential marriage of her crush.,,1916-02-27,/Ao9XRgIzjwXH1FiE2U8W5nuInuS.jpg,0.2588,0,0,0,0,50,Released,False,/bjOcXuI5FrWldzkAx7CTesEHVWW.jpg,"Horror, Drama",,
1292378,tt0217661,The Monkey's Paw,The Monkey's Paw,en,"A paw grants its owner three wishes, causing his son to die and return from the grave.",,1915-02-01,,0.4573,1,9.0,0,0,0,Released,False,,Horror,,
1292379,tt0218443,The Monkey's Paw,The Monkey's Paw,en,British adaptation of the story “The Monkey’s Paw” from 1919.,,1919-01-01,,0.02,1,7.0,0,0,0,Released,False,,Horror,,
1297467,tt32492552,The Exorcist: Martyrs,The Exorcist: Martyrs,en,A small-town rookie detective takes on a case involving inconceivable darkness.,,2027-03-11,,2.9081,0,0,0,0,0,Post Production,False,/bl4ym2v9TfJEoYM7flLtIHksXp8.jpg,Horror,,
1299747,,"""I Don't Wanna Do This Anymore""","""I Don't Wanna Do This Anymore""",en,"Reese finds herself in the desert after a party when her drunken girlfriend hurts someone. When she wakes up, they are preparing for the same party. The time is ticking to solve the time loop, while those around her become increasingly beaten and broken, mentally and physically.",No do-overs... Not this time.,2027-12-31,/jgjP3Lv2qPnnpKyV8TLZmPMN3bQ.jpg,0.5679,0,0,2000,0,85,Planned,False,,"Horror, Thriller, Drama, Romance",,
1301360,tt2357384,Dr. Jekyll and Mr. Hyde,Dr. Jekyll and Mr. Hyde,en,American horror movie from 1913.,,1913-06-01,/vlatp4MWwR5uAJ0mxrVcAChzolD.jpg,0.5897,0,0,0,0,0,Released,False,,Horror,,
1301363,tt0965414,"Dr Jekyll and Mr Hyde, Done to a Frazzle","Dr Jekyll and Mr Hyde, Done to a Frazzle",en,American horror comedy movie from 1914.,,1914-11-01,,0.528,0,0,0,0,10,Released,False,,"Horror, Comedy",,
1305140,tt2144610,The Cellar of Death,The Cellar of Death,en,British crime horror movie from 1916.,,1916-12-01,,0.1773,0,0,0,0,0,Released,False,,"Crime, Horror",,
1305810,tt32881124,The Auction,The Auction,en,"The film is set at Aztec Corp., a company that auctions off ancient antiquities and semi-distinct wild exotic animals.",F**k Around And Find Out,2027-08-01,,1.318,0,0,2000000,0,110,In Production,False,,"Thriller, Action, Science Fiction, Horror, Mystery",,
1308261,,Untitled Leave Me Alone Sequel,Untitled Leave Me Alone Sequel,en,The upcoming sequel to the 2022 horror film 'Leave Me Alone'.,"Friendship brought them together, friendship will tear them apart.",2027-12-31,,0.3847,0,0,2000,0,0,Planned,False,,"Mystery, Horror, Thriller",,
1324923,tt36495786,A Quiet Place Part III,A Quiet Place Part III,en,The third installment in the franchise. Plot TBA.,,2027-07-28,/37XcaePjgtaga0gB3dFNSc7QnuS.jpg,2.7384,0,0,0,0,0,In Production,False,/t9FIKABadNBLQaHTu3jnmT5tnhL.jpg,"Horror, Science Fiction, Thriller",521226,A Quiet Place Collection
1339547,tt0001940,Trilby and Svengali,Trilby and Svengali,en,British adaptation of Trilby filmed in Kinemacolor. Presumed lost.,,1911-01-01,,0.3393,0,0,0,0,17,Released,False,,"Drama, Horror",,
1372031,tt0479421,The House of Horror,The House of Horror,en,"A drunken Clark threatens a moneylender, blacks out, and wakes to find the man murdered. He flees from police who find his bloodied stick, then discovers the real killers and brings them to justice after a struggle.",,1915-01-16,,0.5654,1,7.0,0,0,19,Released,False,,"Drama, Horror",,
1380163,tt34378250,Pendulum,Pendulum,en,"Young couple Patrick and Abigail journey to a new-age retreat in New Mexico, drawn by the possibility of healing after a traumatic event. Patrick is willing to do anything to help his wife but becomes distrustful of the retreat’s enigmatic leader even as Abigail falls under her spell. As paranoia builds, the couple must determine if the group’s unconventional spiritual practices offer genuine healing or mask a terrifying truth that threatens to consume them both.",,2027-01-01,/oAjHDlaGHHWVZ0OcnadHPm8YIE.jpg,0.6191,0,0,0,0,0,In Production,False,,"Horror, Mystery",,
1381087,tt34383418,Monitor,Monitor,en,A social media moderator unleashes a deadly terror when she refuses to publish a cryptic video.,,2027-04-30,/4mNVblPF1tTRok3PINiQnZW7RMl.jpg,3.4621,0,0,0,0,88,Released,False,,"Horror, Mystery",,
1418000,,Zatrucie Rodziny,A Family Getting Sick,en,A family suffers a sudden poisoning and an intruder breaks in,,2027-12-31,,0.1268,0,0,0,0,0,Planned,False,,"Drama, Horror",,
1422967,tt1872866,The Minotaur,The Minotaur,en,"The hero Theseus with the help of his beloved, slays the Minotaur, a half-man, half-bull monster that demands a sacrifice of seven youths and seven maidens from Athens and Crete.",,1910-04-30,,0.0118,0,0,0,0,12,Released,False,,"Fantasy, Horror",,
1423577,tt2918116,Gremlins 3,Gremlins 3,en,The third installment in the franchise. Plot TBA.,,2027-11-18,,1.7781,0,0,0,0,0,Planned,False,,"Comedy, Horror, Fantasy",89151,The Gremlins Collection
1451238,tt35893068,Drag,Drag,en,A routine robbery at a rural house turns into a nightmare for two amateur burglars when one of them throws their back out. Things spiral out of control as they try to make it out before the homeowner returns.,Back pain. It's all in your head.,2027-01-29,/64Ny6F2RpcGociNnRqx27sESU8N.jpg,0.8798,0,0,0,0,86,Released,False,/pY8W4m3JjSPa97aOYpbggMCKTJE.jpg,"Comedy, Horror, Thriller",,
1482214,tt36972737,Skeletons,Skeletons,en,A young boy slowly begins to discover that his beloved parents are hiding a disturbing secret about his mother’s true nature.,,2027-06-04,,1.7547,0,0,0,0,0,In Production,False,,Horror,,
1482558,tt37255755,Lice,Lice,en,"A gruesome death. A sealed-off high school. Something crawling beneath the skin. When a student’s terrifying breakdown shocks a classroom, an almost invisible parasite spreads through the halls, instantly twisting teens into maniacs. Locked inside with no escape, students and staff spiral into violence and hysteria. Amid the chaos, Principal Van struggles to maintain control, drowning his anxiety in alcohol before losing his grip on reality – and his head. Burned-out science teacher Mr. Shanker steps up as the only adult trying to make sense of the madness, uncovering traces of a government experiment gone wrong. Outside the quarantined halls, Detective Sikorski races to contain the outbreak before it consumes the entire town. The real horror isn’t what’s under your skin – it’s what it makes you do.",,2027-01-27,/2Y3Lk03S32O3l6seJTPqMQey3jo.jpg,1.6711,0,0,0,0,0,Post Production,False,/9eCwdDRRd7LuXGnlBFblgmy4RhC.jpg,"Comedy, Horror, Thriller",,
1484970,tt43365642,In Search of Darkness '70s,In Search of Darkness '70s,en,"The Exorcist. The Omen. Halloween. Dawn of the Dead. Jaws. Carrie. The Texas Chain Saw Massacre. The Amityville Horror. Phantasm. Invasion of the Body Snatchers. Alien... The '70s were an absolute golden age for horror at the movies, a collective time of cinematic greatness reflected by so many iconic films defining how we look at the genre for decades to come.",,2027-07-01,/zihyTQMKMpxRxgZVLRPPwZu1jWJ.jpg,0.596,0,0,0,0,0,Planned,False,,"Documentary, Horror",797016,In Search of Darkness Collection
1485138,tt37075972,Inside That House,Inside That House,en,"After a number of strange disappearances have been reported in the area, Andrew and Jason, two brothers who received a drone for graduation, decide to film around their town to learn more about them, but then become distracted by a new girl in school who lives nearby. The two boys devise a plan to sneak their drone through an open window of her home, only to discover a terrible, dark secret.",,2027-01-29,/wGN0bq0yJoKSex6WJiUzMOKRkeF.jpg,1.0088,0,0,0,0,82,In Production,False,,"Horror, Thriller",,
1490000,,Τ’ αστέρια σβήνουν,The Stars That Fade,en,"After a tragic loss, a writer seeks comfort in publishing an anthology of horror stories. As his mental state deteriorates, his imagination blends with reality and tragedy seems imminent.",It looks just like me.,2027-01-31,/zbb24jyihVlCc0a9jyhu6NsnpZB.jpg,0.1464,0,0,870,0,80,In Production,False,/A3NgqTmZAO9fQ5IkuQQxJOmzak.jpg,"Horror, Mystery",,
1492972,,Citric Acid,Citric Acid,en,A young artist is stalked via the internet by a mysterious online celebrity who harshly criticizes their artwork.,,2027-01-08,/6szlKCAZRk20PrB6sVFxs6F0iaa.jpg,0.2375,0,0,0,0,0,Rumored,False,,"Horror, Mystery",,
1505252,tt37855651,Final Destination 7,Final Destination 7,en,The seventh installment in the Final Destination franchise. Plot TBA.,,2028-05-11,/pSyFYidTEa9mCyfXy5EWaPK9IxV.jpg,0.9132,0,0,0,0,0,Planned,False,,"Horror, Mystery",8864,Final Destination Collection
1505506,,Rocky Wake,Rocky Wake,en,"Elise, long estranged from her mother Megan, visits her as she lies on her deathbed. Her mother recounts a life-changing moment from the early 80s, her father’s devastating diagnosis and a serial killer stalking the town. Elise reconstructs her mother’s memories, drawing them closer as the night unfolds.",Family. Trauma. Terror.,2027-01-01,/pGv6LSJKgu1gs5oXJN5u7QwQvix.jpg,3.2718,0,0,0,0,130,In Production,False,/6ddPeTjd8f8PTTBBIi4qhgdjrIL.jpg,"Family, Horror, Crime, Drama",,
1525218,,Narco Shark 3,Narco Shark 3,en,"The inner worlds are in chaos, reality is collapsing and somehow... Hitler has returned. Now, only an extremely macho and emotionally unavailable hero can save us!",FOR THE POWER. FOR THE GLORY. FOR THE LAST TIME!,2028-08-18,/aD3fm1iwVJjv2Uq1OnH2KKdQEDi.jpg,0.2379,0,0,10000,0,99,Planned,False,,"Action, Horror, Comedy",1668361,Narco Shark Collection
1529259,,The Flood,The Flood,en,"A deep-space exploration team aboard the Spiritus Mundi pick up a strange, recurring signal from a remote planet. Captain Elena Voss leads the mission to investigate, only to discover a bizarre alien artifact that starts warping time, reality, and the crew’s minds.",,2028-06-10,,0.9014,0,0,0,0,0,Planned,False,,"Horror, Science Fiction, Thriller",,
1529266,tt38487331,Gladys,Gladys,en,"Prequel to the 2025 film Weapons, telling the backstory of the parasitic witch Aunt Gladys. Plot details TBA.",,2028-09-07,,0.9109,0,0,0,0,0,In Production,False,,"Horror, Mystery",1531466,Weapons Collection
1533611,tt37897207,The Revenge of La Llorona,The Revenge of La Llorona,en,"A grieving mother's ancient curse targets a troubled family, forcing them to confront their own hidden past while fighting to survive her supernatural wrath.",,2027-02-25,,1.4289,0,0,0,0,0,Post Production,False,,Horror,1533646,La Llorona Collection
1536556,,Grave Echos,Grave Echos,en,A Direct Sequel to Grave Mistakes...,You can never outlive the dead..,2028-08-17,/bCfw1weZpSKC3fDzbUvo5Cev0Qo.jpg,0.3998,0,0,0,0,0,Planned,False,,"Horror, Mystery",,
1544162,tt39372868,The Conjuring: First Communion,The Conjuring: First Communion,en,A prequel in the franchise. Plot TBA.,,2027-09-09,/dgyJySF7AETucMIxl8dyEsE9oWy.jpg,1.8958,0,0,0,0,0,Planned,False,,Horror,,
1573756,,The Hollow Season,The Hollow Season,en,"In the remote mountain town of Graven Hollow, autumn is more than just a season — it’s a warning. Every thirteen years, as the harvest moon rises and the leaves turn blood-red, the town prepares for a ritual it dares not speak aloud. When a group of college friends arrives for the annual fall festival, they’re drawn into a chilling legend about the Hollow Man — a masked figure born of fire and betrayal, who returns to collect a blood debt. As the friends unravel the town’s secrets and fight to survive, they discover that tradition runs deep… and some roots are soaked in horror.","Every thirteen years, the leaves fall redder, the nights grow colder, and the town of Graven Hollow remembers what it tried to forget. As the harvest moon rises, so does the Hollow Man — and this season, the blood runs deeper than ever.",2027-02-25,/rhmqyB3tfr7jGM1UN9JvoAAHhyc.jpg,0.1316,0,0,15000000,8000000,109,In Production,False,/r1Tl36IVbLzU4LBwd3LOMbt1FDq.jpg,"Horror, Mystery, Thriller",,
1586888,,Hungry Creatures,Hungry Creatures,en,"When Tess starts working in her aunt and uncle's restaurant, she encounters mysterious monsters and visions that send her down a dark, twisty path of moral reckoning.",,2027-11-26,/iLnZS8bnLc9KOai0iho0pUIjb4a.jpg,0.2027,0,0,0,0,0,In Production,False,,"Drama, Horror, Mystery",,
1592312,tt38060963,Slay Day,Slay Day,en,"On Friday the 13th, 1987, in the picture-perfect town of Belle Falls, six teens prepare for their biggest night of the year: the Sadie Hawkins dance. But when the town exhumes the body of the real Sadie Hawkins to unravel the truth behind her killing spree fifty years earlier, a malevolent force returns to the town.",Can you survive a high school dance when it turns deadly?,2027-02-12,,2.9081,0,0,0,0,0,Post Production,False,,Horror,,
1592452,tt39104938,Paranormal Activity 8,Paranormal Activity 8,en,The eighth installment in the franchise. Plot TBA.,,2027-05-20,/5qwFilGZbYaXHLG4I1Kp82bwbGL.jpg,1.9805,0,0,0,0,0,Planned,False,,"Horror, Mystery",,
1597138,,The Fields of Abbottsville,The Fields of Abbottsville,en,"In Ohio, late 2004, after a young religious fanatic Joshua Tinsman (Brennan Abbott) celebrates his 18th birthday. He is then forced into committing crimes by his preacher Ron Tinsman Jr. (Aaron Hickman) that he doesn't want to follow through on. Years of indoctrination and influence from his friends discourages him from leaving. After all, it's the ideology that he and his childhood friend Stephen grew up with since birth. How can you leave something you spent your whole life working towards? Loosely based on a true story.",,2027-07-11,/24j5pP9jz05CPyCuzD8ptvZ6IEf.jpg,0.3741,0,0,3000,0,71,In Production,False,/xlBCbWaQtfW7TtPCPGxZRuPD6Me.jpg,"Horror, Mystery",,
1611600,tt33508846,The Eight Saga:N.E.S.T.Project,English,en,"After a solar flare causes society's collapse, a new world emerges under the control of the N.E.S.T organisation, where the illusion of freedom masks a sinister reality.",,2027-05-27,/tzi0GVi0cf0uAwrguZBCZ0HJ52b.jpg,0.699,0,0,0,0,120,In Production,False,/yPj8XwBJog2dRocX3FWwEx8itFv.jpg,"Action, Fantasy, Drama, Horror",,
1612048,,S/H/V,S/H/V,en,"Four students, who make money by putting stolen school items online, are hired to steal a VHS tape from their Physical Education Teacher’s Office. However, things take a turn for the worse, when they find dozens of tapes, and being kids, they dare each other to partake in watching them.",,2027-02-04,/cE5XBDB6KkpgyDWslKgZFx8SvTn.jpg,0.1921,0,0,0,0,0,Rumored,False,,Horror,,
1615504,,Before the Silence,Before the Silence,en,"Three brothers uncover a dark secret in their bay, revealing their father’s violent past as family bonds fracture and danger closes in around them.",Some secrets don't stay buried,2028-05-19,/sjIauzvI6o1wpQJj0fQau6z4B8J.jpg,0.1232,0,0,0,0,0,In Production,False,/nuZTj5cpyBZASCKkPRdbgox7vZy.jpg,"Drama, Horror, Crime, Thriller",,
1616478,,Brujo,Brujo,en,Plot unknown.,,2027-01-01,,0.1519,0,0,0,0,60,In Production,False,,Horror,,
1625381,tt42004793,Heart Eyes 2,Heart Eyes 2,en,The sequel to the 2025 film. Plot TBA.,,2028-02-10,/r0btyELemirUN2EGFOCuOPuKY8r.jpg,0.4661,0,0,0,0,0,Planned,False,,"Horror, Romance",1679123,Heart Eyes Collection
1628117,,Untitled Ataraxia Sequel,Untitled Ataraxia Sequel,en,"Ever since the storm subsided and the aberrations it birthed withered into the ruins, the Impact Zone has been closely monitored - its horrors believed contained. But when strange infections begin appearing beyond the Impact Zone's borders, it becomes clear that the nightmare is far from over...",Return To The Shore,2027-07-30,,0.3089,0,0,0,0,0,Planned,False,,"Horror, Science Fiction, Fantasy",,
1631640,,Satan s'amuse,Satan at Play,en,"The Devil visits Earth on a magic elevator. He surprises two sewer workers, disguises himself, and spreads chaos: a quarrel with a coachman, an altercation with a police sergeant, the confusion for a barman and others. He is trapped in a cage with a young woman and returns to Hell. It is revealed that the young woman is, in fact, the jealous Madame Devil in disguise. It is often confused with Le spectre rouge, notably in the IMDB database and subsequently in YouTube attributions.",,1907-09-12,,0.5047,0,0,0,0,10,Released,False,,"Fantasy, Horror",,
1636855,,Fish in a Barrel,Fish in a Barrel,en,"A group of friends devise a plan to avoid the workforce after graduating college. This plan however, could be detrimental to their lives.",Who is They?,2027-12-18,/wRHxxuIRubChdjdNuJfFWg6v6zC.jpg,0.2929,0,0,0,0,95,In Production,False,/nr8Th6xwug9QPjHa7IBUlMH3Ul4.jpg,"Comedy, Crime, Thriller, Drama, Horror, Action",,
1642940,tt41804875,Don't Kill Loretta,Don't Kill Loretta,en,"At a wellness retreat deep in Germany's forests, a group of young Americans encounter a terrifying presence after a night of partying. As fear and paranoia take hold, they must uncover the truth before it's too late.",,2027-02-18,,0.763,0,0,0,0,0,Post Production,False,,Horror,,
1643462,,Ātaahua,Ātaahua,en,"A lonely man seeks solace in an art gallery, but instead meets the face of death- Hinenui Te Pō",Dare to Dream,2027-01-01,/A13fudi91xxaXwZLm1z6ZMGyUUs.jpg,0.828,0,0,0,0,11,In Production,False,,"Horror, Thriller",,
1648434,tt40201379,The Final Hour,The Final Hour,en,A group of friends find themselves trapped in a deadly situation as a mysterious killer begins hunting them one by one during the final hour.,Slasher horror timeout,2027-08-08,/31ceMg4HPYlj7ZBavlDCZRdXcHo.jpg,0.0632,0,0,1000,0,90,In Production,False,,"Horror, Adventure",,
1653067,tt33440451,The Young Justice,The Young Justice,en,"After the Justice League vanishes into a war in space, The Young Justice steps up to investigate a series of brutal murders. As the team balances growing personal struggles with the responsibilities of saving the world, they find themselves targeted by a mysterious and deadly mastermind.","ALL FOR ONE, ONE FOR ALL",2028-10-13,/oHuw4ANN7nmVv3TIMPextHnzXoS.jpg,0.6639,0,0,0,0,0,In Production,False,,"Action, Mystery, Horror, Fantasy, Drama",,
1659742,,All Legs,All Legs,en,"On their annual summer camp, a group of Boy Scouts are attacked in the woods by a creature with legs for arms.",He doesn't need hands to fuck you up,2027-01-01,/a0M3MgOgcrs9jMb7VoA6syGahwk.jpg,3.3969,0,0,8000,0,90,Post Production,False,,Horror,,
1665172,,ROOMMATES,ROOMMATES,en,"Turning to a website to find a roommate, a young man’s life takes a turn for the worst.",You Let Them In…,2027-06-11,/nhJNtZvTYrJPmufJokPNhQJtS9G.jpg,0.1321,0,0,0,0,105,In Production,False,,Horror,,
1665183,,Enervo,Enervo,en,"On the one-year death anniversary of her mother, Mikey is forced to face her inner demons while paralyzed as her guilt manifests itself into physical form.","During a rehearsal for her high school’s dance recital, the lead understudy encounters an unknown dark entity.",2027-01-01,,1.5368,0,0,4099,0,10,In Production,False,,"Drama, Thriller, Horror",,
1671441,tt41786209,Untitled Longlegs Film,Untitled Longlegs Film,en,Set in the Longlegs universe. Plot TBA.,,2028-01-13,/5qfQvRmYCgPXHwmZAWGWgEDVNuZ.jpg,0.4464,0,0,0,0,0,Planned,False,,"Horror, Mystery",1679129,Longlegs Collection
1676989,,Face Value,Face Value,en,"'In the attempt to create a masterpiece, aspiring artist Kaia finds herself on a haunted journey full of confusion as she struggles to create a self-portrait that it true to herself, yet perfect in every single way.'",A sacrifice for success,2027-10-15,/ecufW3bGDHqxl3QETpR5ctgxfgf.jpg,1.1304,0,0,3200,0,7,In Production,False,/voXZ62L6QJTxLFUt4KYooaEntBO.jpg,Horror,,
1680924,,Soft Things Rot,Soft Things Rot,en,A supernatural folk horror story about a witch who is helplessly in love with her roommate.,Desire is not enough.,2027-02-14,/9DBtVtoseiKES1xqIg9z8R7UYet.jpg,0.5837,0,0,1000,0,70,Planned,False,,"Horror, Fantasy, Romance",,
1682648,,The Current,The Current,en,The Current is an upcoming psychological horror movie based on the real events at Lady Bird Lake. It is currenting in early production with no set release period/time.,Some patterns aren’t coincidences.,2028-01-01,/fwVf2pJf6z2Y9P4NPTPXMAiGAX2.jpg,0.719,0,0,0,0,0,Planned,False,,"Horror, Crime, Thriller, Mystery",,
1684156,,Fingertips: Reborn,Fingertips: Reborn,en,Reimagining the story of the 2025 short film Fingertips—revealing what was never seen… and never told.,Before the legend… there was a boy.,2028-07-07,/r5MxcXCjZpX2LrgqCxurpEMaqDj.jpg,0.8783,0,0,0,0,0,In Production,False,,"Horror, Thriller, Drama",,
1685754,,The Beauty in Boredom,The Beauty in Boredom,en,"The day after his little brother’s death, Johnathan Fox is abducted into a mysterious experiment where total isolation and relentless boredom begin to unravel his already fragile mind.",ENTER THE CROSSWAY...,2027-08-01,/rgbEkFPW8beolM8hFCtiAF783i.jpg,0.1004,0,0,0,0,20,Planned,False,/sKTRmvotFJFiHUmPMuz0wZCfsJv.jpg,"Thriller, Science Fiction, Fantasy, Horror",,
1688883,,Worse Than Death,Worse Than Death,en,"When an isolated woman attempts to escape from her abusive marriage, she must decide what her life and her faith really mean to her.",,2027-06-05,,0.839,0,0,8,0,15,In Production,False,,"Drama, Horror, Thriller",,
1696369,,Kannibalen på Fårö,The Fårö Cannibal,en,A traumatized screenwriter travels to Fåro to write a revenge-film about Ingmar Bergman. A meta-horror film.,,2027-12-31,,0.1535,0,0,0,0,0,In Production,False,,"Horror, Thriller",,
1701671,,Intrigued,Intrigued,en,A doctor and a run-down detective come together to stop and capture the one who causes trauma,,2027-10-29,/9ecKadrOlPMdOVxORTwzNJfHrdp.jpg,0.8509,0,0,0,0,0,In Production,False,/ulpvc9nYP9lzi8FwhGrVBw66mOa.jpg,"Drama, Horror, Science Fiction",,
1702923,,Shadows of the Circle,Shadows of the Circle,en,"A Whispering Tree begins whispering the names of the lonely at midnight and luring them into fog, three college friends set out to investigate the campus legend — only to discover that the truth behind the myth is far darker than they ever imagined.",We’re not chasing ghosts. We’re chasing answers,2027-06-12,/9k8frAtaMa0DhE833IXZIa6LgQm.jpg,0.3133,0,0,1070,0,14,In Production,False,/8cr6iKEAOCBTOieIVsxKOP4tTlt.jpg,"Mystery, Horror, Comedy",,
1707880,tt43038430,Dire Dryer,Dire Dryer,en,"Lynn N. is a five-year-old girl who can't sleep without her blanket. She is afraid of the dark and the loud rumbling of the dryer; only her blanket can make her feel safe enough to sleep. When Lynn has to sneak out after bedtime, she discovers the dryer has created laundry monsters that lurk in the shadows and must confront her fears to rescue her blanket.","If it's Dire, it's gotta be Dryer.",2027-05-29,/aVawozhUbK8lmS28anNexcjTEsO.jpg,3.2862,0,0,0,0,4,In Production,False,/pj1uxeukyQhSG8xJ3bDJzuSrBt1.jpg,"Animation, Action, Family, Horror",,
1711651,,Carver,Carver,en,A hangout between two brothers experiences unexplainable and intrusive interruptions.,WARNING. THE COUNTY WEATHER SERVICE HAS ISSUED A WARNING FOR A METEOROLOGICAL EVENT. THE WARNING IS EFFECTIVE IMMEDIATELY AND CONTINUES UNTIL SUNRISE TOMORROW MORNING.,2027-03-07,/g6oK6Vv1Q3K7NqeSPMIdlYeqEIU.jpg,0.3153,0,0,450,0,50,Post Production,False,,"Mystery, Horror, Science Fiction",,
1711760,,Antipathy,Antipathy,en,"A young 16-year-old named Michael Miller lives a seemingly normal life. When a close friend of Michael is suddenly murdered, Michael devotes all of his time to discovering the mystery of what happened to him. As more and more suffering is inflicted upon people close to Michael, he must grapple with his own paranoia as he descends into madness and spirals into a chaotic nightmare that leaves one more dead body.",A Triad of Sins,2027-11-18,/nM2lhOxEJLAEBBUItjY1lf7mU4F.jpg,0.2776,0,0,0,0,0,Planned,False,/70aAzmNy5yTf8NDicqXg08RFXXv.jpg,"Thriller, Horror, Mystery",,
1713503,,Closing Hour,Closing Hour,en,A young woman is stalked by a man who is becoming increasingly infatuated with her.,What lengths will a man go to for his desire?,2027-05-30,/pMWyLQkCDWXu0RFvuaXCa0qlewc.jpg,0.5374,0,0,0,0,5,In Production,False,/hpnKBtJBjASUgq7xIavuaE4L4yP.jpg,"Horror, Thriller",,
1719306,tt43610781,Freddy the 13th,Freddy the 13th,en,A family vacation turns into a nightmare when fun Uncle Freddy accidentally kills the Boogeyman and takes on his powers.,Freddy hasn't exactly been killing it…until now.,2028-10-13,/byfiFcAqop3h6T0P0klI2JLsUa2.jpg,0.3756,0,0,0,0,0,Planned,False,,"Animation, Comedy, Horror",,
1720581,tt43617537,Onion Milk,Onion Milk,en,"When a teen drinks milk, his body starts to transform into something more than human.",Hide behind fear,2027-10-05,/7KGYyqsAZij5JthlBnZ5ITo1GXv.jpg,0.875,0,0,648,0,0,In Production,False,,"Horror, Drama, Thriller",,
1725731,tt39196169,Andheron Ka Sayya 2,Andheron Ka Sayya 2,en,"After the Iron Nail is disturbed once again, terror returns with greater force. As Kaalesha and Dhanraj investigate a series of supernatural events and deadly trials, long-buried secrets surrounding the cursed Katjuri Colony begin to emerge. The deeper they venture into the darkness, the closer they come to an ancient evil determined to consume them all.",Unholy,2027-05-06,/smtGCigj2HeT3Bov1V1o138D6tD.jpg,0.0643,0,0,23256,0,0,In Production,False,,Horror,,
1729815,,The Marked Room,The Marked Room,en,"A post-societal Texas, where the frozen thickets are roamed by Survivors, Scavengers, Thieves, and Killers. A grizzled crew venture into the Black Zone, an exceedingly dangerous area shrouded in mystery. Treasure calls from the depths of the zone; ""Salvation"" or ""Doom"".","Treasure calls from the depths of the zone; ""Salvation""  or  ""Doom""",2028-01-01,/3GvweJsVU1402xUqItAGUuYxGFY.jpg,0.2523,0,0,2000,0,93,Post Production,False,/5WL1GLERDRfie4UlXdGbEcwmkwn.jpg,"Thriller, Action, Horror",,
1732615,,Consumption,Consumption,en,A young man wonders into a middle aged women's home after watching her through her basement window.,Man I Love Milfs,2028-10-31,/49nHHlVFXuyeSxEeBXDCcQNrqvf.jpg,0.0833,0,0,0,0,0,In Production,False,,"Horror, Comedy",,
1736993,tt39602731,Thera: The Inverted Planet,Thera: The Inverted Planet,en,"On another world much like our own, a young Samoyed named Seamus Alessandro O'Shaughnessy discovers a lost girl named Dakota who has unfathomable magic! Seamus must overcome great challenges both physical & emotional alongside his best friend Carolina Oriqueda Campbell Keeshond-Seal to save Great Canyon City from the Menace known as The Blurred Blaze! Can our heroes defeat their foes while simultaneously protecting an innocent child in the process? And who exactly is The Blurred Blaze?",Let the Voices win.,2027-04-01,,0,0,0,200000,0,118,Post Production,False,,"Action, Adventure, Comedy, Animation, Drama, Science Fiction, Horror",,
1737197,,Myrrh Meridian,Myrrh Meridian,en,"It's Christmas again. Last Christmas, Erik was mugged and humiliated outside his home at night, and the season now holds a lot of despair for him. He wants vengeance. Late at night, all alone, he sees three magi bring gifts to a baby doll with light shooting out of its mouth and eyes. They see Erik watching, and beckon him to join them. But these magi are not the ones from The Bible. They are bloodthirsty, and their gifts are born from sacrifice.",,,,0,0,0,0,0,0,Released,False,,,,
