id,imdb_id
22616,tt0230575
42903,tt0468988
103970,tt1706365
164337,tt1870326
475305,tt6945978
480913,tt7309938
509679,tt1986097
557508,tt9288676
575976,tt0334744
590178,tt9742438
600701,tt15572540
608319,tt11779626
724359,tt35222310
730788,tt8355838
789446,tt8773662
789791,tt0441787
874753,tt15418540
874756,tt15416924
874758,tt15416816
920362,tt29733669
928634,tt6412974
1025586,tt0374526
1058724,tt27802446
1153281,tt0016220
1329629,tt36058165
1383330,tt17346570
1504913,tt37519421
1648296,tt40502503
