id,imdb_id,status
661289,,empty
800597,,empty
911926,,empty
1031141,,empty
805104,,empty
267574,,empty
845692,,empty
454289,,empty
1028005,,empty
466658,,empty
619290,,empty
446297,,empty
30456,,empty
297548,,empty
130972,,empty
638265,,empty
714358,,empty
833639,,empty
256795,,empty
413708,,empty
884093,,empty
459856,,empty
473544,,empty
976432,,empty
386037,,empty
984225,,empty
856547,,empty
918547,,empty
604487,,empty
982419,,empty
249602,,empty
292227,,empty
770165,,empty
680369,,empty
439943,,empty
524138,,empty
973911,,empty
864844,,empty
1005559,,empty
756820,,empty
923869,,empty
273422,,empty
892259,,empty
459614,,empty
298347,,empty
524577,,empty
571155,,empty
720667,,empty
139879,,empty
246023,,empty
268948,,empty
273425,,empty
276346,,empty
300591,,empty
320078,,empty
330747,,empty
361193,,empty
400404,,empty
418253,,empty
421112,,empty
432269,,empty
448645,,empty
455484,,empty
462877,,empty
469972,,empty
472896,,empty
478939,,empty
478929,,empty
478953,,empty
479342,,empty
479337,,empty
480002,,empty
483534,,empty
484457,,empty
488078,,empty
499399,,empty
505587,,empty
508234,,empty
517217,,empty
520082,,empty
521487,,empty
521490,,empty
530098,,empty
533000,,empty
540974,,empty
552032,,empty
564729,,empty
567245,,empty
567953,,empty
571116,,empty
571099,,empty
574493,,empty
578177,,empty
583532,,empty
583520,,empty
609245,,empty
611083,,empty
621222,,empty
635040,,empty
637040,,empty
640786,,empty
645828,,empty
652860,,empty
665921,,empty
674259,,empty
698074,,empty
707031,,empty
715486,,empty
715894,,empty
718617,,empty
720959,,empty
721940,,empty
729722,,empty
736189,,empty
745213,,empty
751801,,empty
758772,,empty
772318,,empty
774763,,empty
784147,,empty
800302,,empty
803182,,empty
804392,,empty
813263,,empty
813724,,empty
814686,,empty
814678,,empty
817869,,empty
818072,,empty
818664,,empty
819660,,empty
826135,,empty
831529,,empty
837286,,empty
839647,,empty
843039,,empty
845251,,empty
854114,,empty
855044,,empty
861418,,empty
862789,,empty
870542,,empty
876177,,empty
881219,,empty
881402,,empty
883275,,empty
884826,,empty
896268,,empty
897260,,empty
914572,,empty
916042,,empty
930765,,empty
930308,,empty
937693,,empty
963140,,empty
969005,,empty
971725,,empty
973936,,empty
979094,,empty
978071,,empty
981631,,empty
983825,,empty
984072,,empty
985276,,empty
987102,,empty
988498,,empty
999981,,empty
1009154,,empty
1016519,,empty
1022828,,empty
1025508,,empty
1032667,,empty
1031989,,empty
1173172,,empty
1026401,,empty
966661,,empty
1298828,,empty
1173194,,empty
1173196,,empty
957841,,empty
1045940,,empty
1046021,,empty
1064418,,empty
1074103,,empty
1083669,,empty
1086611,,empty
1093098,,empty
1101818,,empty
1103391,,empty
1117550,,empty
1124630,,empty
1139126,,empty
1145765,,empty
1161988,,empty
1163878,,empty
1166240,,empty
1173214,,empty
1183937,,empty
1185927,,empty
1185950,,empty
1185980,,empty
1185988,,empty
1189281,,empty
1193038,,empty
1194372,,empty
1194816,,empty
1200877,,empty
1208069,,empty
1214421,,empty
1226617,,empty
1227907,,empty
1228463,,empty
1230431,,empty
1234015,,empty
1239657,,empty
1244062,,empty
1245234,,empty
1255162,,empty
1256728,,empty
1263318,,empty
1274566,,empty
1277003,,empty
1278989,,empty
1283609,,empty
1284008,,empty
1290158,,empty
1293271,,empty
1294340,,empty
1298306,,empty
1300379,,empty
1301196,,empty
1302433,,empty
1305044,,empty
1310671,,empty
1311488,,empty
1312448,,empty
1321137,,empty
1321451,,empty
1322374,,empty
1323351,,empty
1326338,,empty
1328192,,empty
1330059,,empty
1341400,,empty
1351591,,empty
1355994,,empty
1362472,,empty
1362575,,empty
1365512,,empty
1376188,,empty
1377314,,empty
1377969,,empty
1381049,,empty
1385156,,empty
1386947,,empty
1388524,,empty
1389514,,empty
1394063,,empty
1394697,,empty
1397440,,empty
1400500,,empty
1403029,,empty
1412171,,empty
1416731,,empty
1417569,,empty
1431516,,empty
1436932,,empty
1441202,,empty
1441969,,empty
1442704,,empty
1442912,,empty
1445945,,empty
1450678,,empty
1451359,,empty
1451570,,empty
1452523,,empty
1453109,,empty
1457700,,empty
1459933,,empty
1460565,,empty
1462224,,empty
1463644,,empty
1466771,,empty
1468801,,empty
1473792,,empty
1478501,,empty
1478694,,empty
1481393,,empty
1486392,,empty
1498452,,empty
1498777,,empty
1499312,,empty
1499363,,empty
1499799,,empty
1502939,,empty
1505948,,empty
1506037,,empty
1511111,,empty
1514584,,empty
1519253,,empty
1525341,,empty
1525910,,empty
1526741,,empty
1530207,,empty
1534580,,empty
1536383,,empty
1538712,,empty
1541383,,empty
1542655,,empty
1549340,,empty
1555096,,empty
1555576,,empty
1558271,,empty
1558416,,empty
1562243,,empty
1562959,,empty
1565447,,empty
1565756,,empty
1566522,,empty
1569796,,empty
1571124,,empty
1571731,,empty
1571931,,empty
1575401,,empty
1575406,,empty
1575410,,empty
1583360,,empty
1591150,,empty
1591158,,empty
1593002,,empty
1604261,,empty
1606966,,empty
1646290,,empty
1658267,,empty
1664530,,empty
1677112,,empty
1680371,,empty
1707748,,empty
1715382,,empty
1725258,,empty
1727787,,empty
1730682,,empty
1734127,,empty
1250854,,empty
1282686,,empty
1445246,,empty
1465155,,empty
1471251,,empty
1530929,,empty
1532053,,empty
1545812,,empty
1573153,,empty
1606871,,empty
1606969,,empty
1607468,,empty
1615290,,empty
1622520,,empty
1625875,,empty
1627299,,empty
1630746,,empty
1637260,,empty
1637971,,empty
1638528,,empty
1640477,,empty
1643458,,empty
1646522,,empty
1646650,,empty
1649517,,empty
1654803,,empty
1659399,,empty
1660952,,empty
1661127,,empty
1664807,,empty
1677050,,empty
1679959,,empty
1683446,,empty
1688202,,empty
1688495,,empty
1691931,,empty
1696147,,empty
1697835,,empty
1704110,,empty
1706084,,empty
1711104,,empty
1714195,,empty
1723448,,empty
1728171,,empty
1728239,,empty
1728338,,empty
1728343,,empty
1729087,,empty
1299747,,empty
1490000,,empty
1505506,,empty
1525218,,empty
1573756,,empty
1597138,,empty
1636855,,empty
1659742,,empty
1680924,,empty
1711651,,empty
1729815,,empty
27772,,empty
44954,,empty
126512,,empty
136705,,empty
251721,,empty
272350,,empty
272810,,empty
273675,,empty
275804,,empty
279428,,empty
281114,,empty
302644,,empty
354325,,empty
365537,,empty
379565,,empty
418266,,empty
419279,,empty
429031,,empty
444913,,empty
444972,,empty
451331,,empty
452499,,empty
471177,,empty
478819,,empty
479331,,empty
496865,,empty
502940,,empty
531502,,empty
575514,,empty
579156,,empty
594030,,empty
594094,,empty
618418,,empty
643502,,empty
645510,,empty
659158,,empty
669974,,empty
674895,,empty
704262,,empty
708706,,empty
717859,,empty
721257,,empty
728690,,empty
732550,,empty
735423,,empty
742191,,empty
757360,,empty
759802,,empty
766069,,empty
771820,,empty
791335,,empty
802657,,empty
805748,,empty
812341,,empty
822075,,empty
828192,,empty
834192,,empty
842819,,empty
865008,,empty
881800,,empty
882157,,empty
896662,,empty
904669,,empty
934611,,empty
936852,,empty
958633,,empty
973970,,empty
975026,,empty
977639,,empty
982498,,empty
1006453,,empty
1012855,,empty
1017752,,empty
1027876,,empty
1029539,,empty
1034245,,empty
1035882,,empty
1037017,,empty
1037684,,empty
1038092,,empty
1038454,,empty
1040938,,empty
1042091,,empty
1042114,,empty
1042158,,empty
1042678,,empty
1047376,,empty
1050988,,empty
1052907,,empty
1054422,,empty
1055384,,empty
1061347,,empty
1069869,,empty
1071607,,empty
1078479,,empty
1078492,,empty
1089235,,empty
1098008,,empty
1100841,,empty
1100849,,empty
1106982,,empty
1109928,,empty
1113305,,empty
1113412,,empty
1115037,,empty
1117178,,empty
1125639,,empty
1138689,,empty
1144180,,empty
1144279,,empty
1150497,,empty
1151692,,empty
1151713,,empty
1152303,,empty
1152639,,empty
1158427,,empty
1164563,,empty
1166592,,empty
1167553,,empty
1167764,,empty
1169439,,empty
1170919,,empty
1172491,,empty
1172493,,empty
1173124,,empty
1173316,,empty
1183096,,empty
1186362,,empty
1187937,,empty
1188626,,empty
1189016,,empty
1195715,,empty
1205119,,empty
1206952,,empty
1213042,,empty
1214934,,empty
1215712,,empty
1220973,,empty
1223357,,empty
1223359,,empty
1226585,,empty
1228244,,empty
1236249,,empty
1239491,,empty
1239817,,empty
1247276,,empty
1253367,,empty
1256600,,empty
1258604,,empty
1259560,,empty
1259895,,empty
1262718,,empty
1265633,,empty
1272407,,empty
1277427,,empty
1278924,,empty
1281640,,empty
1287025,,empty
1293005,,empty
1300172,,empty
1309747,,empty
1315974,,empty
1316590,,empty
1317781,,empty
1320604,,empty
1327541,,empty
1328527,,empty
1339155,,empty
1339159,,empty
1354783,,empty
1365740,,empty
1369744,,empty
1373173,,empty
1374767,,empty
1384139,,empty
1384614,,empty
1390583,,empty
1392630,,empty
1398669,,empty
1398943,,empty
1399072,,empty
1402358,,empty
1417712,,empty
1428606,,empty
1429283,,empty
1429429,,empty
1431446,,empty
1435585,,empty
1435755,,empty
1436559,,empty
1437118,,empty
1439182,,empty
1439434,,empty
1439929,,empty
1440137,,empty
1446781,,empty
1447506,,empty
1455078,,empty
1455634,,empty
1461690,,empty
1463635,,empty
1465119,,empty
1467276,,empty
1472426,,empty
1480129,,empty
1480140,,empty
1509057,,empty
1510954,,empty
1517854,,empty
1518962,,empty
1537732,,empty
1540652,,empty
1545469,,empty
1548647,,empty
1549019,,empty
1549071,,empty
1551756,,empty
1554394,,empty
1554844,,empty
1560057,,empty
1562195,,empty
1575465,,empty
1578424,,empty
1592491,,empty
1608097,,empty
1613002,,empty
1613145,,empty
1616669,,empty
1620030,,empty
1632384,,empty
1639192,,empty
1645114,,empty
1646442,,empty
1649704,,empty
1649727,,empty
1650098,,empty
1650115,,empty
1650124,,empty
1655673,,empty
1655937,,empty
1657117,,empty
1659151,,empty
1661191,,empty
1662495,,empty
1663979,,empty
1669469,,empty
1669999,,empty
1676367,,empty
1680041,,empty
1680368,,empty
1681395,,empty
1687720,,empty
1688634,,empty
1693137,,empty
1701052,,empty
1703073,,empty
1706110,,empty
1707736,,empty
1711077,,empty
1716852,,empty
1722917,,empty
1735570,,empty
1199546,,empty
1255945,,empty
1520771,,empty
1544212,,empty
1650534,,empty
1680958,,empty
1696337,,empty
