id,title,year,genre_names,reason
3144,Rock 'n' Roll Frankenstein,1999,"Comedy, Horror, Music",tmdb_genre_Music
13013,Son of Dracula,1974,"Comedy, Horror, Music",tmdb_genre_Music
14353,Repo! The Genetic Opera,2008,"Horror, Music, Science Fiction",tmdb_genre_Music
24103,Haunted Honeymoon,1986,"Comedy, Drama, Horror, Music, Mystery",tmdb_genre_Music
27327,Phantom of the Paradise,1974,"Comedy, Fantasy, Horror, Music, Thriller",tmdb_genre_Music
28128,Hard Rock Zombies,1985,"Comedy, Horror, Music",tmdb_genre_Music
29616,Crazy Animal,2007,"Horror, Music",tmdb_genre_Music
34321,Cradle Of Filth : PanDaemonAeon,1998,"Documentary, Horror, Music",tmdb_genre_Music
36762,Rock 'n' Roll Nightmare,1987,"Horror, Music",tmdb_genre_Music
37924,Sweeney Todd,2006,"Drama, Horror, Music, Thriller",tmdb_genre_Music
38134,Vicious Lips,1987,"Comedy, Horror, Music, Science Fiction",tmdb_genre_Music
38258,Grizzly II: Revenge,2020,"Horror, Music, Thriller",tmdb_genre_Music
40208,Shock 'Em Dead,1991,"Horror, Music, Thriller",tmdb_genre_Music
42794,The Horror of Party Beach,1964,"Horror, Music, Science Fiction",tmdb_genre_Music
44028,Suck,2009,"Comedy, Horror, Music",tmdb_genre_Music
44436,ODDSAC,2010,"Horror, Music",tmdb_genre_Music
48302,Bad Channels,1992,"Comedy, Horror, Music, Science Fiction",tmdb_genre_Music
55616,Dracula: Pages from a Virgin's Diary,2002,"Drama, Horror, Music",tmdb_genre_Music
58520,Live Freaky! Die Freaky!,2006,"Animation, Comedy, Horror, Music, Science Fiction",tmdb_genre_Music
77824,Rockula,1990,"Comedy, Horror, Music, Romance",tmdb_genre_Music
83404,Don't Go in the Woods,2012,"Horror, Music",tmdb_genre_Music
84289,Black Roses,1988,"Horror, Music",tmdb_genre_Music
84590,Banned,1989,"Comedy, Fantasy, Horror, Music",tmdb_genre_Music
84994,Rocktober Blood,1984,"Horror, Music",tmdb_genre_Music
85182,Terror on Tour,1980,"Comedy, Crime, Horror, Music",tmdb_genre_Music
98209,Nudist Colony of the Dead,1991,"Comedy, Horror, Music",tmdb_genre_Music
99008,Hillbillys in a Haunted House,1967,"Comedy, Horror, Music",tmdb_genre_Music
100960,Sweeney Todd: The Demon Barber of Fleet Street in Concert,2001,"Crime, Drama, Horror, Music",tmdb_genre_Music
125751,Point of Terror,1971,"Drama, Horror, Music, Mystery, Thriller",tmdb_genre_Music
128191,Punk Rock Holocaust,2004,"Horror, Music",tmdb_genre_Music
137562,Mr. Bricks: A Heavy Metal Murder Musical,2011,"Crime, Horror, Music",tmdb_genre_Music
139668,Attitude for Destruction,2008,"Comedy, Horror, Music",tmdb_genre_Music
144716,Jekyll & Hyde: The Musical,2001,"Drama, Horror, Music",tmdb_genre_Music
145099,The Dead Inside,2011,"Horror, Music",tmdb_genre_Music
159515,GWAR: Dawn of the Day of the Night of the Penguins,1997,"Horror, Music",tmdb_genre_Music
160405,Nocturna,1979,"Comedy, Horror, Music",tmdb_genre_Music
172620,Billy the Kid and the Green Baize Vampire,1985,"Comedy, Horror, Music, Western",tmdb_genre_Music
175940,Gone the Way of Flesh,2006,"Horror, Music",tmdb_genre_Music
178122,Maximum Shame,2010,"Fantasy, Horror, Music, Science Fiction",tmdb_genre_Music
192125,The Legend of Hillbilly John,1974,"Adventure, Fantasy, Horror, Music",tmdb_genre_Music
194290,The Medium,1951,"Drama, Horror, Music",tmdb_genre_Music
196425,Utopia,2013,"Horror, Music",tmdb_genre_Music
204609,Stomp! Shout! Scream!,2005,"Horror, Music, Science Fiction",tmdb_genre_Music
209495,Misfit Heights,2013,"Comedy, Horror, Music",tmdb_genre_Music
257629,Puss Bucket,1991,"Comedy, Horror, Music",tmdb_genre_Music
274247,Punk Rock Holocaust 2,2008,"Horror, Music",tmdb_genre_Music
285743,Alleluia! The Devil's Carnival,2016,"Horror, Music",tmdb_genre_Music
295974,The Vampyr: A Soap Opera,1992,"Drama, Fantasy, Horror, Music, Romance",tmdb_genre_Music
298663,Sweeney Todd: The Demon Barber of Fleet Street,2014,"Drama, Horror, Music, Thriller",tmdb_genre_Music
299012,Alice Cooper: The Nightmare,1975,"Horror, Music, TV Movie",tmdb_genre_Music
302490,Trasharella,2009,"Comedy, Crime, Fantasy, Horror, Music",tmdb_genre_Music
306746,HorrorGirl,1995,"Horror, Music",tmdb_genre_Music
320153,Buddy BeBop vs. The Living Dead,2009,"Horror, Music",tmdb_genre_Music
323373,Deathgasm,2015,"Comedy, Horror, Music",tmdb_genre_Music
324436,Dyke Hard,2014,"Action, Adventure, Comedy, Fantasy, Horror, Music, Science Fiction",tmdb_genre_Music
346825,Scumbabies,2010,"Comedy, Drama, Horror, Music",tmdb_genre_Music
350916,Spidarlings,2016,"Comedy, Horror, Music, Thriller",tmdb_genre_Music
352850,Letters to the Dead,2012,"Fantasy, Horror, Music",tmdb_genre_Music
354032,The Bloody Indulgent,2014,"Comedy, Horror, Music",tmdb_genre_Music
359348,The Worst Movie Ever!,2011,"Action, Comedy, Drama, Horror, Music, Science Fiction",tmdb_genre_Music
364873,Rocky Horror Show Live,2015,"Comedy, Horror, Music",tmdb_genre_Music
366255,Killer Rack,2015,"Comedy, Horror, Music",tmdb_genre_Music
372800,Sisters of No Mercy,2011,"Action, Comedy, Horror, Music, Thriller",tmdb_genre_Music
416674,Miss Strangelove,2013,"Horror, Music",tmdb_genre_Music
419625,Eat Me: A Zombie Musical,2009,"Horror, Music",tmdb_genre_Music
425788,Frankenstein,2016,"Horror, Music",tmdb_genre_Music
426249,Lords of Chaos,2018,"Drama, Horror, Music, Thriller",tmdb_genre_Music
453299,Sublimate,2016,"Comedy, Horror, Music, Science Fiction",tmdb_genre_Music
454918,The Turn Of The Screw,2004,"Horror, Music",tmdb_genre_Music
492189,The Marshmallow Ghosts present Corpse Reviver No. 2,2011,"Drama, Fantasy, Horror, Music",tmdb_genre_Music
503744,Rock-a-Die Baby,1975,"Drama, Horror, Music, Mystery, TV Movie",tmdb_genre_Music
564366,Strange Vibes,2018,"Comedy, Horror, Music",tmdb_genre_Music
585013,Shakespeare’s Shitstorm,2020,"Comedy, Horror, Music",tmdb_genre_Music
616584,K-12,2019,"Fantasy, Horror, Music",tmdb_genre_Music
643550,Nocturne,2020,"Horror, Music, Mystery, Thriller",tmdb_genre_Music
656381,Fury,2009,"Comedy, Horror, Music",tmdb_genre_Music
667154,Uncle Peckerhead,2020,"Comedy, Horror, Music",tmdb_genre_Music
701909,Vampire Burt's Serenade,2020,"Comedy, Horror, Music",tmdb_genre_Music
706581,It's Only a Movie!,1990,"Comedy, Horror, Music",tmdb_genre_Music
713166,Zombies of Eureka,2008,"Horror, Music",tmdb_genre_Music
722571,Beneath Glass Trees,2014,"Fantasy, Horror, Music",tmdb_genre_Music
730426,The Strings,2020,"Horror, Music, Thriller",tmdb_genre_Music
738186,Sister Tempest,2020,"Comedy, Horror, Music, Science Fiction, Thriller",tmdb_genre_Music
741914,Kill Dolly Kill,2023,"Horror, Music",tmdb_genre_Music
754006,The Turn of the Screw,2020,"Drama, Fantasy, Horror, Music",tmdb_genre_Music
825751,Little Shop of Horrors,1987,"Comedy, Horror, Music, TV Movie",tmdb_genre_Music
852830,Torn Hearts,2022,"Horror, Music, Thriller",tmdb_genre_Music
855466,Nash the Slash Rises Again!,2025,"Documentary, Music, Horror",tmdb_genre_Music
860721,Til Death Do Us Part,2019,"Horror, Music",tmdb_genre_Music
881260,The Inferno Index,2021,"Drama, Horror, Music",tmdb_genre_Music
891811,The Copper Queen,2021,"Drama, History, Horror, Music, Romance, Western",tmdb_genre_Music
895744,Studio 666,2022,"Comedy, Horror, Music",tmdb_genre_Music
912872,Bring on the Damned!,2025,"Horror, Comedy, Science Fiction, Music, Crime",tmdb_genre_Music
913772,The Severing,2022,"Horror, Music",tmdb_genre_Music
928162,Powertool Cheerleaders vs the Boyband of the Screeching Dead,2022,"Horror, Music",tmdb_genre_Music
974558,Destroy All Neighbors,2024,"Horror, Comedy, Music",tmdb_genre_Music
1012520,Rock And Roll Fuck 'n' Lovely,2013,"Drama, Horror, Music",tmdb_genre_Music
1021950,Ed Gein: The Musical,2010,"Horror, Music",tmdb_genre_Music
1023371,The Monster of Phantom Lake: The Musical!,2017,"Comedy, Horror, Music",tmdb_genre_Music
1030247,Tripping The Dark Fantastic,2022,"Documentary, Horror, Music",tmdb_genre_Music
1031216,Black Lodge,2022,"Horror, Music, Mystery",tmdb_genre_Music
1048494,Death Metal,2023,"Horror, Music",tmdb_genre_Music
1061456,A Bold Voyage,2024,"Horror, Music",tmdb_genre_Music
1078743,The Good People of Orphan Ridge,2023,"Comedy, Horror, Music",tmdb_genre_Music
1100782,Smile 2,2024,"Horror, Music, Mystery, Thriller",tmdb_genre_Music
1102067,The Boulet Brothers' Halfway to Halloween TV Special,2023,"Horror, Comedy, Music",tmdb_genre_Music
1142275,Alter Ego Film Project,2024,"Music, Thriller, Drama, Fantasy, Horror, Romance",tmdb_genre_Music
1145817,"Eldritch, USA",2023,"Horror, Comedy, Music",tmdb_genre_Music
1160200,Frankenstein,2023,"Romance, Music, Horror, Drama",tmdb_genre_Music
1176130,Decibel,2024,"Horror, Thriller, Music, Science Fiction",tmdb_genre_Music
1195107,Murder Ballads: How to Make It in Rock 'n' Roll,2023,"Comedy, Horror, Music, Crime",tmdb_genre_Music
1224146,Art of a Hit,2024,"Music, Thriller, Horror",tmdb_genre_Music
1229915,Dead Mail,2024,"Crime, Thriller, Music, Mystery, Horror",tmdb_genre_Music
1291247,Director's Cut,2024,"Music, Horror, Thriller",tmdb_genre_Music
1380907,Dank Frank,2025,"Science Fiction, Comedy, Fantasy, Horror, Music, Crime, Thriller",tmdb_genre_Music
1400656,Sweet Meats,2024,"Horror, Comedy, Music",tmdb_genre_Music
1483251,The Threshold,2025,"Animation, Horror, Music",tmdb_genre_Music
1529805,The Blood Moon,2025,"Drama, Music, Fantasy, Horror",tmdb_genre_Music
1610073,Ice Nine Kills Presents: Welcome to Horrorwood,2024,"Horror, Music",tmdb_genre_Music
