id,title,year,director,reason,candidates
1199546,HOUSE 6,,Domiziano Cristopharo,no_year,
1544212,Channel 9,,Ashley Allen; Enrico Drago; Jonathan Heatley; Jake Hirsch; Ty McClellan; Quin Terry; Anatoly Yashin; Montante X; Richard Roberts,no_year,
1650534,Hollow Trees,,Cathal Fitzpatrick,no_year,
1696337,Twin Demons,,Simi Opeoluwa,no_year,
1255945,Witching Hour,,Elliot Masters,no_year,
1520771,Ghost Ship,,Robert Young,no_year,
1680958,The Hand,,Harsh Gogi,no_year,
661289,The Summers of IT: Chapter Two,2019,Constantine Nasr,year_mismatch page=2025,tt13110510:2022|tt23805664:2022|tt23137904:2024|tt3562110:2025
800597,Registros Fatais 3: Apocalypse,2012,Lázaro Hahn,no_suggest_candidates,
911926,Issac,2022,Josh Webber,no_suggest_candidates,
1031141,Mad God Ghoul Log,2022,Chris Morley,director_mismatch page=Patrick Read Johnson,tt0944214:2007|tt0279513:2001
805104,"Hannibal Lecter, l'icône du mal par excellence",2010,Caroline Amiard,no_suggest_candidates,
1024207,this is my world,2022,,no_tmdb_director,
462987,666: Salem Calling,2008,,no_tmdb_director,
299768,Carmilla,1989,,no_tmdb_director,
550718,Leviathan: The Story of Hellbound: Hellraiser II,2015,,no_tmdb_director,
267574,The Shining: Forwards and Backwards,2011,Akiva Saunders; John Fell Ryan,director_mismatch page=Michael Jones,tt0294912:2001|tt14293584:2021|tt32221048:2024
94161,Dracula,2002,,no_tmdb_director,
845692,Murders,2022,,no_tmdb_director,
454289,The Brandon Corey Story,2006,Brian Kraft,year_mismatch page=2026,tt0144801:1998|tt5377640:None|tt12879768:None|tt2950418:2016|tt40386163:2026
1012840,The Sweet Scent of Death,1984,,no_tmdb_director,
526146,Intruders,1992,,no_tmdb_director,
1012853,The Late Nancy Irving,1985,,no_tmdb_director,
1028005,Moon Light,2022,,no_tmdb_director,
466658,Ennama Katha Vuduranga,2016,V. Francis Raj,no_suggest_candidates,
619290,Girls Gone Grabblin',2005,,no_tmdb_director,
783208,The Ultimate Dilemma Part 2,2020,,no_tmdb_director,
446297,Dr. Shagetz,1975,Larry Spiegel; Peter S. Traynor,year_mismatch page=1985,tt0071560:1985
1012847,Black Carrion,1984,,no_tmdb_director,
1012826,Paint Me a Murder,1985,,no_tmdb_director,
30456,Vampire Catholic School Girls from Hell,2001,Chuck Hart,no_suggest_candidates,
473647,Sandkings,1995,,no_tmdb_director,
297548,Never Can Say Good-bye,2018,Armand Mastroianni,director_mismatch page=Mark David,tt32646887:None
130972,The Night Marchers,2001,Blake Cousins; Brent Cousins,year_mismatch page=2026,tt9072236:None|tt13058504:2020|tt42911911:2026
638265,Return of The Ghoul Log,2019,Larry Fessenden,year_mismatch page=1983,tt36757286:None|tt0167260:2003|tt0089907:1985|tt0086190:1983
714358,The Making of The Battery,2014,Christian Stella,no_suggest_candidates,
869915,His Name Was Jason,2021,,no_tmdb_director,
928317,The Eyes of the Panther,1989,,no_tmdb_director,
833639,Halloween Jack O'Lantern,2019,,no_tmdb_director,
256795,Perawan Malam,1988,Aziz Sattar,year_mismatch page=1974,tt29545189:1974
413708,Häxan: Witchcraft Through The Ages,1968,Benjamin Christensen,year_mismatch page=1922,tt0260246:1974|tt0013257:1922
884093,American Apocalypse,2021,Bruce Andrew Robertson,director_mismatch page=Rob Lemkin,tt6975054:2020
459856,The Pink Egg,2017,Jim Trainor,year_mismatch page=2004,tt2678146:2013|tt27684092:2023|tt12001676:None|tt0374277:2004
473544,Vault of Horror I,1994,Steven E. de Souza; Stephen Hopkins; Tom Hanks,year_mismatch page=2019,tt4807936:1992|tt0070868:1973|tt9442842:2019
976432,The F13th Fan Film Mixtape,2019,,no_tmdb_director,
386037,Cannibal Killer Clowns On Dope,2020,Eugene Hughes,year_mismatch page=2003,tt0355650:2003
679870,Dreams of Darkness,2020,,no_tmdb_director,
856547,Giallothon,2019,,no_tmdb_director,
918547,Smut Without Smut: Satanic Horror Nite,2021,Lucifer Jr.,no_suggest_candidates,
604487,Terror Tales of the Mandarin Orange Boy,2019,Alesha Claveria,year_mismatch page=2010,tt1754662:2010
982419,Do Not Enter 2,2022,Caleb McClinton,year_mismatch page=2026,tt27155283:2024|tt37594431:2025|tt3515878:2026
249602,The Beast,2004,Jarungsak Wongleang,year_mismatch page=2026,tt14407336:2023|tt29256561:2026
292227,Night is the Time For Killing,1975,John Cooper,year_mismatch page=2021,tt0217152:1970|tt14586008:2021
770165,Tersimpang Ke Alam Bunian,2020,,no_tmdb_director,
680369,Sleepless in Salamanca: Wildwood Sanitarium,2020,Mike Hatcher,no_suggest_candidates,
439943,Return Of The Snake Girl,2014,Emeka Hill Umeasor,year_mismatch page=2003,tt0167260:2003
524138,Culinária Dumbo,2018,Julho,no_suggest_candidates,
973911,The Legacy: A Ghost Story,2004,Jim Lawrence,year_mismatch page=1987,tt0396171:2006|tt6265828:2017|tt4762824:2018|tt0093978:1987
688005,Community,2008,,no_tmdb_director,
864844,Snuff,2021,Chaz Mosier,year_mismatch page=1975,tt0072184:1975
647354,Midday Demons,2018,,no_tmdb_director,
1005559,Heavy Metal vs. Dominator,2005,Tony Luke Jr.,no_suggest_candidates,
756820,Face your Fears | Thriller shorts for Adults,2020,Nicholas Verso; Shawn David Thompson; Vanessa Gazy; Jeremy Robbins,no_suggest_candidates,
923869,Urban Horror Series,2021,Jordan Gouveia; Felecia Howell; Angela White,no_directors_on_page,tt19267488:2021|tt43407409:2021
273060,The Evil Dead Inbred Rednecks,2012,,no_tmdb_director,
273422,It Exists,2014,Dharma Aizat,no_directors_on_page,tt27825286:None
601107,Dr. Ling's Torture Greenhouse,2019,,no_tmdb_director,
892259,Hunks on Haunted Hill,2000,Jerry Jensen,director_mismatch page=William Malone,tt0185371:1999
459614,Your Eyes Are Bleeding,2017,Pete Jacelone; William Hellfire,no_directors_on_page,tt21377158:2021
298347,Monkey Boy,1992,Lawrence Gordon Clark,year_mismatch page=2009,tt0297291:1996|tt33428602:None|tt1419346:2009
524577,The Unbelievable Channeling The Spirits,2012,Chan Tat-Nin,year_mismatch page=1989,tt0107151:1993|tt0100842:1989
571155,Zombies Invade Pittsburg,1988,Jess Turner,no_suggest_candidates,
720667,INFINITY minus Infinity,2019,,no_tmdb_director,
1012953,Last Video and Testament,1984,,no_tmdb_director,
139879,The Lizard of Death,2000,Benjamin J Heckendorn; Alexander B. Kressel,year_mismatch page=2026,tt32273171:2026
246023,Malam Penuh Bermisteri,2013,Shasha Omar,no_suggest_candidates,
268948,The Best Of Tromadance Film Festival: Volume 2,2003,,no_tmdb_director,
273425,Cara Mengundang Hantu,2014,M. Subash Abdullah,no_suggest_candidates,
276346,Cinema of Death,2006,,no_tmdb_director,
300591,Mistik Syirik Tahyul,2014,M. Subash Abdullah,no_suggest_candidates,
320078,Kano Vision,2012,Bill Cate,director_mismatch page=Taichi Ishidate,tt3203996:2013
330747,Eyewitness Murders: An Experiment in Reality Television,1988,Jason Holt,no_suggest_candidates,
361193,Death Reel,1986,Mark Polonia; John Polonia,year_mismatch page=2015,tt5129848:2015
400404,Perjanjian Syaitan,2016,M. Subash Abdullah,year_mismatch page=2024,tt11147180:2019|tt1801064:2011|tt30325827:2024
421112,Ghostbox,2015,Warren Croyle; Mike O'Mahony,year_mismatch page=2012,tt3996012:2012
432269,Supernatural Tales,2015,,no_tmdb_director,
448645,Nightmare from Snake,2003,James Ha Chim-Si,no_suggest_candidates,
455484,M4TI,2017,,no_tmdb_director,
462877,Weird Weird Movie Kids Do Not Watch The Movie,2013,Rouzbeh Rashidi; Maximilian Le Cain,no_suggest_candidates,
467151,Child's Play,1984,,no_tmdb_director,
469972,Self Decapitation,2017,Rouzbeh Rashidi; Maximilian Le Cain,director_mismatch page=Thomas Bertay;Pacôme Thiellement,tt13702318:2016
472896,Summer Lake Massacre,2018,Andre Madness,no_suggest_candidates,
477982,In Possession,1984,,no_tmdb_director,
478939,Lurid Crime Stories 2,2004,Gary Whitson,no_suggest_candidates,
478929,Photo Murders 2,2003,Gary Whitson,no_suggest_candidates,
478953,Watch It & Die!,2005,Gary Whitson,year_mismatch page=1968,tt3150700:2014|tt23556468:None|tt43122948:None|tt0106413:1993|tt0260532:1968
479342,Slaughtered Real Estate Agents,2010,Gary Whitson,director_mismatch page=William Kallay,tt33381545:2022|tt38671317:2025
479337,The Sleepwalker Strangler,2010,Gary Whitson,no_suggest_candidates,
480002,The Cornfield,2017,George Bonilla,director_mismatch page=Michael Guerraz,tt8256000:2018
483534,The Darkest Nothing: Paraphrenia,2017,Filip Chalatsis,director_mismatch page=Filip Halo,tt8595572:None|tt8595366:None|tt8595700:None|tt8595716:None|tt8595650:None
484457,Aos Sí,2017,Nadine E. Smith; Emily Brown; Monica Cheema; Matt Gottesfeld; Kristen Yoonsoo Kim; Raya Martin; Alexa Harrington; Ry O’Toole; Gina Telaroli; Kellen Jackson; Ostin Fam; Kerr Holden; Jessica Johnson; Miguel Mantecon; Sophy Romvari; Karen Zolo; Neil Bahadur,director_mismatch page=Jacques Audiard,tt8267604:2018|tt4971344:2018
488078,The Centerfold Murders,1975,Albert Band,director_mismatch page=Dean McKendrick,tt5747412:2016
490870,The Idol,2017,,no_tmdb_director,
499399,Visit From a Dead Man,1975,,no_tmdb_director,
505587,Cursed,2013,,no_tmdb_director,
508234,Demon of the Flats,2012,Chris DuFresne; Brynden Whitten,year_mismatch page=1957,tt0408236:2007|tt32843325:2025|tt0050766:1957
517217,Evil Has A Grin,2013,Donnie Martin,director_mismatch page=Rob Fresco,tt13540744:2023|tt0116248:1996
520082,Fangs For Nothing,2008,Andrew N. Shearer,director_mismatch page=Kathryn Becher,tt33808962:2023
521487,Til Death: Bloodbath,2008,Jeff Williams,no_directors_on_page,tt34954630:None
521490,Living Nightmare 2,2008,Leo Evans,year_mismatch page=2023,tt34953697:None|tt7505028:None|tt5661172:None|tt7798634:2019|tt5346636:2023
530098,Life of Unbeknownst,2018,,no_tmdb_director,
533000,The Chloroformed Model,1998,Gary Whitson,no_suggest_candidates,
540974,Beach 24,2015,Emmanuel Ehumadu,year_mismatch page=1959,tt27435653:2027|tt0163978:2000|tt0094715:1988|tt0053137:1959
552032,Bunian,2004,Kimo Stamboel,director_mismatch page=Issey Fazlisham,tt5648882:2023|tt32295023:2024
564729,Tales from the Drive-In,2018,Stan Workski,no_directors_on_page,tt8741290:2020|tt0096708:1989
567245,Terror Trap: The Silver Mummy 2,2001,Gary Whitson,no_suggest_candidates,
567953,The Hawkins Family Yule Log,2017,Edmond Hawkins,no_directors_on_page,tt39367484:2025|tt0395823:1966
571116,Bloodrush,1997,Mark Stone,director_mismatch page=Ric Shields,tt2310838:2011
571099,Terror Tales from the Female Vampires,2011,G.R. Claveria,year_mismatch page=2004,tt8254162:2015|tt0468774:2004
574493,Internet Fear,2005,Todd Michael Smith,year_mismatch page=2016,tt5291862:2016|tt6350498:2016
578177,Nenek Siam,2015,Andreas Sullivan,director_mismatch page=Jiří Trnka,tt0239543:1962
583532,Kaikou The Encounter,2016,Jacky Woo,no_suggest_candidates,
583520,Trapping 214,2019,Joshua Lucke,year_mismatch page=2023,tt14030142:2023
609245,Luminous Void: Docudrama,2019,Rouzbeh Rashidi,no_suggest_candidates,
611083,Tödlicher Schnitt,2019,Colin Lee,director_mismatch page=Dick Lowry,tt4259364:2011|tt1512852:2009|tt1029404:2007|tt0109574:1994|tt0099839:1990
621222,Dracula Vampyre in Beijing,2019,Tim Lies,no_directors_on_page,tt33046456:2018
635040,Xenia: Priestess of Night,1976,Dana M. Reemes,no_suggest_candidates,
637040,Mutilated Movies,2007,Mark Borchardt,no_suggest_candidates,
639571,Skin and Bones,2008,,no_tmdb_director,
640786,R.I.P. - Bis zum Morgengrauen,1996,Ralf Möllenhoff,director_mismatch page=Kristoffer Tabori,tt0116050:1996
645828,Cold Storage,1988,Paul M. Rinehard,year_mismatch page=2026,tt1308635:1983|tt0462232:2009|tt2285429:2009|tt4897426:2013|tt8879928:2026
652860,Vampire Tales,1993,Gary Whitson,director_mismatch page=Casey Keith,tt16977520:2021
655058,The House on Devil's Road,2019,,no_tmdb_director,
665921,Festival Of Fright,2006,,no_tmdb_director,
671730,The Turn of the Screw,1989,,no_tmdb_director,
674259,The Offerings,2015,Danny Draven,year_mismatch page=1989,tt1042503:2009|tt0098014:1989
687661,New Year's Day,2008,,no_tmdb_director,
698074,Zombie Scumbags,2020,Trevor Webb; Gavin Rye,year_mismatch page=1992,tt0387661:1992
707031,Hag of Black Howe Moor,2020,Mike McCarthy,year_mismatch page=1955,tt1027198:2008|tt0112513:1995|tt0047849:1955
715486,Coldwater St. Massacre,2019,Miraç Ören,no_suggest_candidates,
715894,The Great Satan At Large,1991,Lou Perfidio,no_directors_on_page,tt24022364:1991
718617,Jade of Tai Chi,2017,Rongsheng Zhang,no_directors_on_page,tt9853488:2016
720959,Goodnight City Radio,2020,GAVRILO Z.,no_suggest_candidates,
721940,Night Visions,2020,Matt O'Meara/Treven Fuger,director_mismatch page=Wes Craven,tt0102532:1995|tt0100253:1990
729722,Afterward,1983,Simon Langton,year_mismatch page=2018,tt6865584:None|tt9010460:2018
729975,Porkin' Across America,2012,,no_tmdb_director,
736189,Dorm,2016,,no_tmdb_director,
745213,Life in the Dead Zone,2018,Peter Tonks,year_mismatch page=1983,tt0085407:1983
751801,Full Moon Massacre,2006,Thomas Lee Rutter,no_suggest_candidates,
758772,Duck Dynasty: Quack Or Treat,2013,,no_tmdb_director,
772318,3 Dukun Santet,2020,Azhari Mohd Zain,year_mismatch page=2025,tt32633892:2025
773327,La Playa,1999,,no_tmdb_director,
772948,The Clock,2020,,no_tmdb_director,
774763,Method to the Madness,2020,,no_tmdb_director,
784147,Ile Alatau,2021,Ердос Даут,year_mismatch page=1996,tt2112132:2011|tt1399211:2009|tt0117731:1996
791038,The Island of Dr. Moreau,2021,,no_tmdb_director,
793385,Tennis Court,1985,,no_tmdb_director,
800302,The Man With The Top Hat,2021,Stefano Simone,no_suggest_candidates,
803182,Moon Men,2017,Adrian Beqiri,year_mismatch page=1955,tt1535107:2010|tt0058100:1964|tt0058311:1964|tt0057423:1963|tt0048238:1955
804392,Sleepover Massacre: The Curse,2016,Gary Whitson,year_mismatch page=1989,tt0241962:1989
813263,Sweaty Dreams,2020,Feck Speiderbeck,year_mismatch page=1986,tt4595204:2018|tt14260538:2023|tt37918739:None|tt0281202:2001|tt0091306:1986
813724,Smut Without Smut: Bizarro Horror Nite,2018,,no_tmdb_director,
814686,Insect,2021,Carlo Giudice; Paolo Marcellini,year_mismatch page=2017,tt5783476:2018|tt3508238:2017
814678,Die Moorde Van Boven,2021,Trudie Berry,year_mismatch page=1931,tt3296908:2017|tt0021119:1931
817869,The Milkman Returns,2021,Will Harwell,year_mismatch page=2007,tt0820118:2007
818072,The Impalers,2021,Jean-Philippe Langlois,year_mismatch page=2003,tt8748608:2018|tt2543202:2013|tt19045594:None|tt0309916:2003
818664,Kuyang the Movie,2021,Sonny Gumelar,year_mismatch page=2016,tt37039145:2023|tt9457036:2019|tt7268778:2018|tt38121182:2025|tt6208698:2016
819660,Curse of the Full Moon,1971,Andy Milligan,year_mismatch page=2023,tt0050766:1957|tt0325980:2003|tt0312004:2005|tt4913966:2019|tt5537002:2023
826135,Hantu Rimau,1959,L. Krishnan; Dato' S. Roomai Noor; B. N. Rao,year_mismatch page=1938,tt0030213:1938
831529,Preys of Torture,1987,Chatri Dechaseni,director_mismatch page=Victoria Jardine;Inès Pagniez,tt6431980:2016
837286,Semangat Ular,1972,M. Amin,no_suggest_candidates,
839647,Pemuja Kubur,2021,Azmir Affandi,no_suggest_candidates,
843039,Camp Summerstar,2021,Jasher Drake,no_directors_on_page,tt14443892:2020
845251,Cut,2003,C.P. Quiros,year_mismatch page=2024,tt26697087:2024
854114,Sissy Sorcery,2021,Frances Arpaia,no_suggest_candidates,
855044,Ordalie,2020,,no_tmdb_director,
861418,Dr Sander´s Hour of Horror,2021,Mart Sander,no_suggest_candidates,
862789,Garin Movie Project,2012,,no_tmdb_director,
870542,Suzanne's Hypnosis,1997,Dave Castiglione,no_suggest_candidates,
876177,Killer Horizon,2008,,no_tmdb_director,
881219,Night of the Ghoul Log,2021,,no_tmdb_director,
881402,Followers of the Dead Light,2020,Yan Kaos,year_mismatch page=2004,tt0365748:2004
881597,Ritual The Series,2021,,no_tmdb_director,
883275,From The Depths Of Depravity: Forgive Me Father For I Have Sinned,2004,Pete Jacelone,year_mismatch page=2015,tt2254418:2012|tt42907500:None|tt4440878:2015
884826,Irving Undead,2021,James Swanton,year_mismatch page=1974,tt31350873:2027|tt0112896:1995|tt0100258:1990|tt0089907:1985|tt0071431:1974
894733,The Tragedy Of Doctor Jekyll And Mister Hyde,2021,,no_tmdb_director,
896268,Man-Horse,2021,Kieran Persaud,year_mismatch page=2008,tt2557924:2008
911229,"It's Me, Billy",2021,,no_tmdb_director,
914572,Pandemic Hotel,2021,Tomarin,director_mismatch page=Phil Gorn;Kirk Zeller,tt13857702:2021
916042,"Shinshu, A Curse Video Legend: 13 Infectious Straw Dolls",2020,Matsuura Sho,no_suggest_candidates,
928313,The Strange Case of Dr. Jekyll and Mr. Hyde,1989,,no_tmdb_director,
930765,The Undying Curse,2020,,no_tmdb_director,
930308,Beasts: Baby,1976,John Nelson-Burton,year_mismatch page=2023,tt0043865:1951|tt1365050:2015|tt3183660:2016|tt15006566:2022|tt5090568:2023
937693,1-900 Vampire,2017,John A. Russo,no_directors_on_page,tt0409752:2004|tt12298120:1998|tt12298100:1997
954600,Another!,2022,,no_tmdb_director,
959307,The Woods: Man's Natural Enemy,2022,,no_tmdb_director,
963140,Chupa La Mingus Presenta: Una Noche Solo en Tijuana,2022,Chupa La Mingus,no_suggest_candidates,
969005,UFO・UMA 11,2017,Iidani Tadaharu,no_directors_on_page,tt2189248:2008
971725,Di Gal Bite Mi,2013,JC Money,no_directors_on_page,tt21442110:2022
973936,The Ghost of the Mikogami Festival,2018,Ryō Matsumoto,year_mismatch page=1999,tt0165798:1999
979094,Expediente 212 Archivo Fantasma,2019,Sebastián Ubiedo; Rocío Coronel,no_suggest_candidates,
978071,Dead Vision,2021,Kavan Mulvey,director_mismatch page=Bill Norton,tt9603212:2023|tt7986046:2023|tt9603208:2025|tt0118945:1997
981631,"Tales of Terror from Tokyo and All Over Japan (Volume 3, Part 1)",2007,Keisuke Toyoshima; Noboru Iguchi; Hirohisa Sasaki; Shunichi Hirano; Ryuta Miyake; Kosuke Suzuki,year_mismatch page=2004,tt0468774:2004
983825,Broadcast Dekinai Forbidden Spiritual Video,2014,Jun'ichi Yamamoto,no_suggest_candidates,
984072,Ghost Tower: A Complete Urban Legend from Hell,2011,Kiyotaka Taguchi,no_suggest_candidates,
985276,Honto ni Atta! Noroi no Video: Vol. 83,2019,,no_tmdb_director,
987102,Turd Merchants of Death,2009,Samuel Hines,year_mismatch page=1962,tt0200851:1999|tt0094693:1989|tt0415285:1962
988498,Highland Invasion,2022,Jordan Dove,no_suggest_candidates,
989253,Sacrificial Lambs,2022,,no_tmdb_director,
991953,Devil's Fairground,2020,,no_tmdb_director,
991182,Night of the Living Dead: 30th Anniversary Edition,2001,,no_tmdb_director,
996327,Blood & Makeup: The Last Laugh of Blah Blah the Clown,2020,,no_tmdb_director,
1000589,And the Wall Came Tumbling Down,1984,,no_tmdb_director,
999981,Death Cabin,2000,Faith Bezzie; Mia Bezzie,year_mismatch page=2012,tt1977895:2012|tt2140671:2012
1009154,Horny as Hell for Evil,2015,Johann Tetreault,no_suggest_candidates,
1012859,A Distant Scream,1984,,no_tmdb_director,
1012824,The Corvini Inheritance,1985,,no_tmdb_director,
1015721,The Spirit Box,2009,,no_tmdb_director,
1016519,S.O.V. The True Independents,2018,Tony Masiello,director_mismatch page=Don Swanson,tt7974220:2018
1022828,Octoberland,2016,Nolan Sordyl,no_suggest_candidates,
1025508,Junji Inagawa's Mystery Night Tour 2020,2020,,no_tmdb_director,
1032890,Welcome to the Occult Forest,2022,,no_tmdb_director,
1032667,Shaye Saint John: The Triggers Compilation,2006,Eric Fournier,year_mismatch page=2004,tt0307456:2004
1031989,The Mutilator Watchalong Live,2021,,no_tmdb_director,
1173172,Monster Cat Akabe Daimyojin,1938,Kazuo Mori,no_suggest_candidates,
1026401,The Ghost Catcher,1939,Wong Toi,no_directors_on_page,tt10627062:None
966661,Ghost Woman of the Old Mansion,1949,Lau Fong; Chiu Shu-ken,director_mismatch page=Billy Hin-Shing Tang,tt0063171:1968|tt0175661:1917|tt14792620:2007
1298828,The Razor's Edge,1949,Yeung Kung-Leung,year_mismatch page=2024,tt0038873:1946|tt32360501:None|tt33319692:None|tt0087980:1984|tt32143636:2024
1173194,Monsters Catcher Oedo Seven Changes,1949,Keigo Kimura,no_suggest_candidates,
1173196,Yaji Kita Cat Ghost Road,1949,Kintaro Inoue,year_mismatch page=1958,tt1493309:1956|tt0052412:1958
957841,Silent Monologues,2023,Kurtis Matthew Russell,year_mismatch page=2008,tt1332563:2008
1045940,Barkley Dubis' Danse Macabre,2023,Barkley Dubis,no_suggest_candidates,
1046021,I am Perfectly Normal: Part II,2023,Barkley Dubis,no_suggest_candidates,
1064418,Auteur,2023,Jisan Haque,year_mismatch page=2008,tt2300552:2014|tt0906319:2008
1074103,The Awnik,2023,Jarrod Lee,director_mismatch page=Sunvik Bhhardwaj;Pinaki Bose,tt16436422:2021
1083669,Between the Ocean and the Clouds,2024,Kai Perrignon,director_mismatch page=Jeremy Power Regimbal,tt8721632:2024
1086611,Monotonous Green,2023,McNaught,no_suggest_candidates,
1093098,MUSTARD,2025,Tex Gresham,no_directors_on_page,tt27524765:2023
1101818,Imposter Cleaning Crew,2023,,no_tmdb_director,
1103391,The James Allen Vianes Show,2023,,no_tmdb_director,
1117550,Scared Crazy,2023,,no_tmdb_director,
1124630,Dinner By Breakfast,2023,Peter Rizzo,year_mismatch page=2010,tt13963632:None|tt39453868:None|tt14202642:2013|tt1913003:2010
1139126,The Pill,2023,J. Antonio Silguero,year_mismatch page=2011,tt1691154:2011
1145765,"Up, Up, & Up",2023,Juaquin Rosales,year_mismatch page=1996,tt14364480:2025|tt26735622:2026|tt1049413:2009|tt0211174:2000|tt0118055:1996
1161988,The Redeye Tapes,2023,Frances Campbell,no_suggest_candidates,
1163878,Saco Part II,2025,Harley Konieczka,year_mismatch page=2004,tt28291167:None|tt0366137:2004
1166240,Our House Is Not Haunted,2023,Daniel C Tuck,director_mismatch page=Brian J. Smith,tt28628329:2024
1173214,Mama Casserole,2023,Syd Sutherland,no_suggest_candidates,
1183937,Auditions for Her Nightmare,2023,Paul Bellini,no_suggest_candidates,
1185927,I Heard You Edit Baby Videos,2023,Ethan Williams,no_suggest_candidates,
1185950,Black Forest,2023,Ernest Obi,year_mismatch page=2010,tt10409958:2019|tt8702008:2018|tt13679286:None|tt1776088:2012|tt1587668:2010
1185980,Black Forest 2,2023,Ernest Obi,year_mismatch page=2010,tt16210888:2021|tt8702008:2018|tt13679286:None|tt1776088:2012|tt1587668:2010
1185988,Black Forest 3,2023,Ernest Obi,year_mismatch page=2010,tt10409958:2019|tt8702008:2018|tt13679286:None|tt1776088:2012|tt1587668:2010
1189281,Grand Hampton the Movie: Anthology,2023,Antony Capers,director_mismatch page=Naoki Miyahara,tt38525001:2023|tt31806053:2024
1193038,Maya Valai,2023,Saran Z,director_mismatch page=Kyle Marshall,tt32223312:2024
1194372,Hiding Henry,2024,Sean Whiteman,year_mismatch page=1944,tt4283414:2016|tt0102768:1991|tt0085668:1983|tt0085670:1983|tt0036910:1944
1194816,Surviving a Week at the Real Conjuring House,2023,Colby Brock; Sam Golbach,director_mismatch page=Matt Benton,tt14941898:2022
1208069,"End All, Say All",2024,,no_tmdb_director,
1214421,What's Wrong With You?,2024,Katie Werner,director_mismatch page=Sebastian Zeglarski,tt10540900:2019
1226617,The Salvages,2024,Carrsan T. Morrissey,director_mismatch page=Andy Leo,tt6765052:None
1227907,Redgate,2023,,no_tmdb_director,
1228463,Behind the Camera,2023,Christian Byrd,year_mismatch page=2013,tt2704282:2013
1230431,The Bizarre Trial of Doctor victor Frankenstien,2025,Aidan MacKay,no_suggest_candidates,
1234015,The Gocuyyeh Tapes,2024,Evan Kascinde,no_suggest_candidates,
1239657,The Last Beta Player,2023,Mongster,director_mismatch page=Walter R. Booth,tt10116408:2019|tt0212101:1903
1244062,Vimy Bridge,2024,Adam Badreddine,director_mismatch page=John Bradshaw,tt1024997:2007|tt0206472:1997|tt0224647:1997
1245234,From The Other Side Of The Window,2023,Dorian Bele; Bruno Ledinski,director_mismatch page=Carlos Ayala,tt14228078:2022|tt10071550:2024
1255162,Question Mark (?),2024,Vipra,year_mismatch page=2011,tt1979169:2011
1256728,Short Shits,2024,Jon Coffey,director_mismatch page=Don Carmody;Michael Doherty,tt10887538:2018|tt42662284:None
1263318,It's Only a Movie,2023,Kevin O'Brien,year_mismatch page=1990,tt1564828:2002|tt0229482:1990
1274566,The Demoniacal,2023,Shreco Bakari,director_mismatch page=Scott Clifford Evans,tt13345606:2023|tt32268869:2023
1277003,Empath,2024,Rebecca Shenfeld; Rafael Villanueva; Ian Cone,year_mismatch page=2002,tt11580624:2020|tt0251681:2002
1278989,Wake The Dead,2023,Hugh Gallagher,no_directors_on_page,tt4765610:2017|tt15248466:None
1283609,Night Owls Episode 335,2024,Colin Cairnes; Cameron Cairnes,no_directors_on_page,tt30207544:2022
1284008,"Tales of the Twisted, True & Macabre",2024,Woody Sackville-Jones,director_mismatch page=Ruth Norman,tt0471385:2003|tt4365390:1981
1290158,Ghost Adventures: Skinwalker Invasion,2024,,no_tmdb_director,
1293271,The Chef 2: The Aroma Of Vengeance,2024,Felix Sutton,director_mismatch page=R. Ajay Gnanamuthu,tt25151410:2024
1294340,The Cloudvale Tapes,2024,Anthony Albuquerque,no_suggest_candidates,
1298306,Tasmogor,2024,Youssef Louz,year_mismatch page=2013,tt1170358:2013
1300379,YO-YO: Influence of a Murder,2023,Tatum Moss,no_suggest_candidates,
1301196,Frankie News 4,2023,Pibbles mcbibbles,no_directors_on_page,tt17498148:2022
1302433,In Search of Gladys Glover,2024,Gina Telaroli,year_mismatch page=1981,tt11341742:2022|tt9442842:2019|tt4801232:2017|tt1216300:2008|tt0080341:1981
1305044,The Vacation Tapes,2024,Joey Struyk,year_mismatch page=1939,tt43694802:2026|tt0100312:1990|tt0056255:1962|tt0031108:1939|tt0031676:1939
1310671,Wolf Awakened,2024,Landon Ferrell,no_suggest_candidates,
1311488,The Porcelain Pianist,2024,,no_tmdb_director,
1312448,Adrenochrome,2024,Travis Snell,year_mismatch page=2017,tt2273648:2017
1321137,The Limestone Surveyors,2023,F. Theodore Elliott,no_suggest_candidates,
1321451,InDIEpendence Day,2024,Adam J. Browning,director_mismatch page=Don Wright,tt37521397:1997
1322374,OHSS Studios 2023 recap,2024,amfg,no_suggest_candidates,
1323351,Paryl,2024,Jack Campbell,year_mismatch page=1985,tt0088979:1985
1326338,Photosynthesis,2024,Bode Sekela; Kaiden Durham,year_mismatch page=2014,tt2262397:2014
1328192,MalHare,2024,Alex Williams,year_mismatch page=1951,tt0368007:1951
1330059,Bad Ben 15: Poltergeist,2025,Nigel Bach,no_suggest_candidates,
1341400,MUNAA : THE LEGEND ( PART 1),2024,GUNJAN KUMAR DAS,year_mismatch page=2014,tt13721828:2022|tt5795232:2027|tt9389998:2021|tt8574252:2018|tt1951265:2014
1351591,Midwest Sessions,2024,Mario J. Ricciardi,director_mismatch page=William A. Graham,tt0112470:1995
1355994,Weird Visions Society,2024,Ryan Petrillo,no_suggest_candidates,
1362472,Footprints of Fear,2024,Peter Nepi; Landan Reich; Ian Bogle; Tycho Wade,director_mismatch page=Anthony Mealing,tt34877855:2023
1362575,Koma: Berhenti Sebelum Mati,2024,Kin Jun,no_suggest_candidates,
1365512,Ladder Man,2024,John Mandell,director_mismatch page=William Soleau,tt42172044:1992
1376188,Mawang: Jangan Sebut Namanya,2024,Iqbal Rachman,no_suggest_candidates,
1377314,Radha and Maeve Become Vampires,2024,,no_tmdb_director,
1377969,Tales From the Graveyard,2023,James Ian Mair,year_mismatch page=1995,tt0114609:1995|tt0114608:1995
1381049,No Escape (A Backrooms Film),2024,A-Sync Research,year_mismatch page=1988,tt39934200:None|tt4268850:2015|tt0236216:2000|tt0167504:1988
1385156,The Hundred Voices of Harry Hoffman,2024,Brandon Carter,no_directors_on_page,tt14050770:None
1386947,Violated,2024,Jason Impey,year_mismatch page=1953,tt0088356:1984|tt0256308:1975|tt0046520:1953
1388524,Crimson Maw,2024,Jose Sarango,year_mismatch page=1989,tt10544746:None|tt1381274:2009|tt0319777:1989
1389514,She's a Bitch,2025,Eileen Daly,director_mismatch page=Anthony Falleroni,tt1500887:2009
1394063,Liquid Vinegar,2024,Charlotte Lapadite,no_suggest_candidates,
1394697,Death O' Lantern: Corn on the Mac-Cob,2024,Chris Seaver,no_suggest_candidates,
1397440,Noise: Reflejo,2025,,no_tmdb_director,
1400500,The Moon King,2024,Drew West,year_mismatch page=1994,tt1071815:2006|tt0111252:1994
1403029,Yaksha,2025,Sunil Sharma,nav_err TimeoutException,tt13690306:2010
1412171,The Bombay Halloween Special,2024,Mihika Kulkarni; Suhani Dhupar; Hiyaneijemmy Das,nav_err TimeoutException,tt0800332:1977
1416731,The Edensphere Saga,2025,David Torres II,no_suggest_candidates,
1417569,The man in the window,2024,Aaron Sciortino,nav_err TimeoutException,tt36590778:2026
1431516,The Haunting at St. Madeline,2024,J. Jones,nav_err TimeoutException,tt34501500:2025
1436932,Satellite,2023,Nick Menendez,nav_err TimeoutException,tt0408162:2005
1441202,Scrupulosity,2025,McNaught,year_mismatch page=1993,tt7741984:2017|tt2011159:2014|tt0133122:1998|tt0110999:1994|tt0111093:1993
1441969,Alienated,2023,Glenn Chan; Noh Do-yeon,nav_err TimeoutException,tt10364272:2021|tt3735332:2015
1442704,Heat Sig,2024,Liam Cassidy,director_mismatch page=Vanessa Caswill,tt2183014:2023
1442912,To Be a Starfish,2025,Hunter Bishop,year_mismatch page=2013,tt6915770:2023|tt5700182:2018|tt4528454:2016|tt2328813:2013
1445945,housofpsychoticmn.mp4,2025,Christian Byrd,no_suggest_candidates,
1450678,Xander,2025,Dennis,year_mismatch page=2017,tt1293847:2017
1451359,Heavily Pregnant Susan,2025,Oscar Bowman,no_suggest_candidates,
1451570,The Beast of Bray Road,2025,Benjamin Brauer,year_mismatch page=2005,tt0462193:2005
1452523,Ghost Stories,2025,Jeremy Dyson; Andy Nyman; Sean Holmes,nav_err TimeoutException,tt10230404:2020|tt5516328:2017
1453109,Hotel Attack,2025,Aiden Palomo,nav_err TimeoutException,tt33175825:2024
1457700,Stillness Spreads,2025,Marci de la Mort,nav_err TimeoutException,tt6647826:2017
1459933,Unlike You,2025,Jack Henry Calverley,nav_err TimeoutException,tt41933156:2026
1460565,Rec Nights At Freddys 2,2025,KEG-83; LGodd,director_mismatch page=Emma Tammi,tt30274401:2025
1462224,Dendam Dalam Dosa,2025,Firman Nurjaya,no_suggest_candidates,
1463644,Viper Visionz,2024,Adam Mirajkar,nav_err TimeoutException,tt12451792:2019|tt22003794:None
1466771,Welcome To Fredbear's,2025,Thats Tiny; LGodd,no_suggest_candidates,
1468801,A Very Blood Sick Christmas Special,2024,Brewce Longo; David M. Dawson; Josh Christensen; Annie Mitchell; Richard Baylor; Dave Castiglione; Nicholas DeGideo; Michael DiFrancesco; Justin Cottingham; Lou Twilley; Ryan Petrillo; Dan Lisowski; David Nelson; Joel D. Wynkoop; Del Worshim; Trevor Bather; Zoe Angeli; Cacia Rose,nav_err TimeoutException,tt35332651:2024|tt30056935:2023
1473792,Dollar Store Killers,2025,Cleve Braddy,nav_err TimeoutException,tt33083538:2025
1478501,A Visitor in the Night,2025,Victor Dubyna; Amanda Coates,nav_err TimeoutException,tt2797642:2013|tt0066141:1971
1478694,Wolf Moon Rising,2025,Todd Sheets,year_mismatch page=2017,tt7274588:2017
1481393,The Dark House,2025,Hans Wanaghi,year_mismatch page=2009,tt1385543:2014|tt1485698:2009
1486392,The Birdwatcher,2025,Balraj Kang,year_mismatch page=1988,tt13222790:None|tt43390667:None|tt3756472:2015|tt0234961:1988
1498452,Edmonton To Milan,2025,Jamie McRae,no_suggest_candidates,
1498777,The ghost light of the Big Thicket,2025,,no_tmdb_director,
1499312,In The Land of Fish and Honey,2025,John Ledingham; JP Meldrum,year_mismatch page=2001,tt15782690:2023|tt4141544:None|tt1714209:2011|tt0405042:2004|tt1966479:2001
1499363,Dawn Of The Dyer,2025,Jay Quest,director_mismatch page=Paul Hoen,tt31241595:2025
1499799,Slop.,2024,Jafrank,director_mismatch page=Sebastian A. Colina;Nahuel Padula,tt8215884:2018|tt8988644:None
1502939,Harvest Brood,2025,Joe Meredith,director_mismatch page=Geno McGahee,tt21443306:2025|tt43045458:2026
1505948,Whiteface,2025,,no_tmdb_director,
1506037,The Movie That Was Never Made,2025,mohamedo rayen,director_mismatch page=Félix Dufour-Laperrière,tt32583148:2025
1514584,Blood Weekend,2025,Joseph Voegele,nav_err TimeoutException,tt16152226:2020|tt8752130:None|tt1176733:2009|tt0110374:1994
1519253,Ape,2025,Joshua Guyton,nav_err TimeoutException,tt2339367:2012|tt0074148:1976
1525341,Kaycee Brown,2024,Logan Payne,no_suggest_candidates,
1525910,Day of the Draugr,2025,Samuel Adams,year_mismatch page=1973,tt5052474:2018|tt0107943:1993|tt0069947:1973
1526741,An Evening with Rodney Ascher,2025,Rodney Ascher,nav_err TimeoutException,tt6518270:2018
1530207,52AMGOD,2025,Matt Gerendasy,director_mismatch page=Ravi Gowda,tt38775702:2025
1534580,"JPW x Brendan Underground - Die in Hell, Bro",2025,John Murphy; Brendan Flynn,no_suggest_candidates,
1536383,The Veiled Abyss,2024,Hayley Paultyn,nav_err TimeoutException,tt31322095:None
1538712,Tulsa Terrors,2025,Bryan Crain,year_mismatch page=1949,tt0041994:1949
1541383,The Killer Within,2025,Sebastian Fischer; Ethan Diddlemeyer,year_mismatch page=2006,tt1882069:None|tt0497398:2006
1542655,Death Cult,2025,Kazuhiro Taira,nav_err TimeoutException,tt33030352:2027|tt27403971:1992|tt0079788:1980|tt0073461:1975
1549340,No Longer Humans,2025,Luca D'Andrea,year_mismatch page=1978,tt10065976:2019|tt8925298:2018|tt2361439:1978
1555576,Spite,2025,Carolynn Cecilia,nav_err TimeoutException,tt36484338:None
1558271,Amityville: Bed & Breakfast,2025,Walt Braley; Joe Blackstock; Harry Pasley,nav_err TimeoutException,tt28668112:2024
1558416,Candleman: Part One,2025,Jackson Holmer,no_suggest_candidates,
1562243,Smosh vs Aliens: The Movie,2025,Alex Tran,year_mismatch page=1972,tt13186528:2020|tt4184878:2015|tt3335192:2013|tt2549540:2012|tt0069262:1972
1562959,10/31: KNIGHTS,2025,Nick Matthew Menendez,director_mismatch page=John Llewellyn Moxey,tt1345836:2012|tt0468569:2008|tt0067490:1972
1565447,Lock Your Doors,2025,Alex Curtis,nav_err TimeoutException,tt27644832:None
1565756,Do Not Watch This Film,2025,Maximus Cardillo,nav_err TimeoutException,tt40637847:2026
1566522,The Creature,2025,Sebastian DiGirolomo,year_mismatch page=1977,tt0075889:1977
1569796,Star Shark Squad,2025,James Balsamo,no_suggest_candidates,
1571124,Screamityville: A Frightseeing Tour,2025,Ryan Archibald,no_suggest_candidates,
1571731,The Tall-N-Short Halloween Special - Vol. VI,2025,Cash Davenport; Jackson Neuberger; Ethan Cash; Natalie Neuberger; Phoenix Davenport,no_suggest_candidates,
1571931,Midwest Angelica,2025,Aidan Chick,nav_err TimeoutException,tt30689921:2022
1575401,The Cult of the Antichrist,2025,,no_tmdb_director,
1575406,Gacy's House,2025,,no_tmdb_director,
1575410,Nightmare Released,2025,,no_tmdb_director,
1583360,Come To Brazil,2025,Gui Feit,year_mismatch page=1998,tt1202026:2007|tt0169145:1998
1591158,VideoNapped,2023,Luis Viera,no_directors_on_page,tt31091665:None
1593002,"It’s Not the House, It’s My Mother",2023,Kelly Hughes,director_mismatch page=Paloma Sermon-Daï,tt21992864:2023
1604261,The Seed of the Whampire,2025,Jon Olavarria,no_suggest_candidates,
1606966,Unity for Nostalgia,2025,Korakrit Arunanondchai,no_suggest_candidates,
1646290,Etouffe-moi Seul,2025,Vivian Kay Quintero,no_suggest_candidates,
1658267,Pinwydd,2025,Iolo Walker; Jeno Davies,nav_err TimeoutException,tt0130945:1990
1664530,Theater in Quarantine: The Phantom of the Opera,2025,Joshua William Gelb,nav_err TimeoutException,tt14802342:2021
1677112,Youming Flowers Bloom,2025,Dong Fei,director_mismatch page=Zhihui Long,tt35815071:2025
1680371,The Mummy Creeps,2024,David Nelson,no_suggest_candidates,
1707748,Late At Night,2023,Cody Knepper,nav_err TimeoutException,tt6313066:2016
1715382,Generation Loss: The Social Experiments (Founder's Cut),2024,,no_tmdb_director,
1725258,"Those Days Gone By, Forget Them and Sleep",2025,Ols,no_suggest_candidates,
1727787,Found Footage #1,2024,Sean Darragh,nav_err TimeoutException,tt27200503:2025
1734127,As Dark As Us,2024,Paul Buteață,director_mismatch page=Petter Holmsen,tt23790418:2023
1250854,Duped (The Jezbel Experience),2026,"S.V. Henson, Jr.",no_suggest_candidates,
1282686,Whispered Voices,2026,Abdullah Ghazanfar Ali,year_mismatch page=2024,tt32250300:2024
1445246,REEL,2026,Kharis Dunsby,year_mismatch page=2015,tt5089740:2015
1465155,Amityville Alone,2026,Gerardo Preciado,director_mismatch page=Forrest Casper;Charles Chudabala;Robbie Dias,tt29463911:2026|tt17065786:2025
1471251,Intrusion,2026,Declan Sennott,nav_err TimeoutException,tt5563324:2021|tt6228950:2021|tt6487642:2018|tt4105082:2012
1530929,Over the Rainbow,2026,Rowan Stone,year_mismatch page=2002,tt0313445:2002
1532053,Samhain,2026,Josh Pierce,director_mismatch page=Gabriele Rolland,tt15387348:2024|tt10425364:None
1545812,Watergate,2026,Baylor Way,no_directors_on_page,tt7768736:None
1573153,Fall Dies,2026,Declan Sennott,year_mismatch page=1995,tt4067324:2015|tt0112461:1995
1606871,"Knock, Knock, Knock",2026,Jackson Bigley,nav_err TimeoutException,tt37887424:2025
1606969,Banana: The Whole Bunchy Affair,2026,Ryan Gross,director_mismatch page=David Nutter,tt39281768:2025
1607468,Into the Spiral,2026,Joseph Robinson,nav_err TimeoutException,tt30972880:2025
1615290,The Nursing Home,2026,Mattias J. Skoglund,nav_err TimeoutException,tt21954988:2025
1622520,biarkan aku ganti,2026,mandy boonstra,no_suggest_candidates,
1625875,The Chattanooga Syndrome - NOCLIP 3,2026,Gavin Charles; Alex Conn,no_suggest_candidates,
1627299,Mapleshade Stories,2026,Mathieu Choquette,no_suggest_candidates,
1637260,Hoppy Ending,2026,,no_tmdb_director,
1637971,The Colored Experiment (Film Edition),2026,Oscar Perez Enriquez,nav_err TimeoutException,tt37361733:2025
1638528,The Coohatch,2026,Dave Sondrini,nav_err TimeoutException,tt31726535:2025
1640477,G2.22,2026,Molly Michelson,nav_err TimeoutException,tt0860906:2009
1643458,when i go i want it to hurt,2026,Autumn Kotlar,year_mismatch page=1989,tt14018370:2021|tt15700158:None|tt0114968:1995|tt0097555:1989
1646522,Come In From the Cold,2026,Abe Callard,year_mismatch page=1965,tt0059749:1965
1646650,Kodak,2026,mandy boonstra,year_mismatch page=2023,tt22496294:2023
1649517,What Lurks In the Shadows,2026,Michael Johnson,director_mismatch page=Jose Gomez De Vargas,tt11543660:2019
1654803,Channel 9 FM,2026,Enrico Drago; Quin Terry; Jake Hirsch; Talissa Wright; Jack McMillan,director_mismatch page=James Burrows,tt14536184:2021|tt6063592:2016|tt0203391:1995|tt1165261:1988
1659399,House of Leaves,2026,Sagan Hawkes,year_mismatch page=2018,tt27763357:2024|tt4738912:2018
1660952,My Body is a Prison,2026,Mason Pugsley,director_mismatch page=Woo Mi-hwa;Pil Gam-Sung,tt36553678:2025
1661127,She Fell Asleep and Dreamt of a Library,2026,Oliver Folan; Sam Mazza,no_suggest_candidates,
1664807,Don't Make Friends,2026,Joey Sawyer,year_mismatch page=2009,tt27665814:2022|tt4796366:2016|tt1155056:2009
1677050,2 hours of On This Spot files to sleep to (or if you’re really high),2026,,no_tmdb_director,
1679959,The Second Skeleton,2026,Sandra Muñoz,no_directors_on_page,tt21994546:2018
1683446,Break Out,2026,Jules MacRae; Vivian Nightshade,year_mismatch page=2002,tt41875986:None|tt0325743:2002
1688202,Night of the Blood Curse,2026,Rich Tranter,no_directors_on_page,tt2401256:2016
1688495,The Shadowman's Nightmare,2026,Mark Bonanno,nav_err TimeoutException,tt39051758:None
1691931,LAKESVILLE MOVIE,2026,"William ""Roxie"" Haylor",nav_err TimeoutException,tt43645326:2026
1696147,Incident At Grandma's,2026,,no_tmdb_director,
1697835,WE WHO HUNGER,2026,Hieronymus Glover,nav_err TimeoutException,tt8952400:1969
