id,title,year,pred,conf,p_painted,p_photo,p_composite,margin,path
1367761,Victim of Circumstance,2024,composite,0.4025,0.2946,0.3029,0.4025,0.0996,/3TCSRTyKBnOxKZjCxs0tjtWaZde.jpg
288250,Sinister,2011,composite,0.4295,0.3014,0.2691,0.4295,0.1281,/2oMoSP51anLh7KmkIVVCa5EAgjt.jpg
618620,Wicked Witches,2019,painted,0.3553,0.3553,0.3312,0.3134,0.0241,/hFC0vgbiRD88sLeH346kpMRusHs.jpg
596767,Recovery,2019,photo,0.3786,0.243,0.3786,0.3784,0.0002,/1ftQmSj0lvpGkNuZkIa8La95XSD.jpg
156597,Stage Fright,2014,photo,0.3778,0.3742,0.3778,0.248,0.0036,/a92NoM9rikfHrLbWS2Isg0cYXw4.jpg
1125551,A Beautiful Shadow,2023,photo,0.4105,0.3809,0.4105,0.2086,0.0296,/w9wz3IoyIhsmSKkfuUOVadA5BnZ.jpg
1225377,The Mouse Trap,2024,composite,0.3721,0.2996,0.3283,0.3721,0.0438,/3ovFaFeojLFIl5ClqhtgYMDS8sE.jpg
1144577,Scissors,2025,painted,0.3393,0.3393,0.3337,0.327,0.0056,/f6udKbkssWbOykK3PmMGVNx88YL.jpg
1668859,It’s a Wonderful Night of the Living Dead,2026,painted,0.3686,0.3686,0.3506,0.2807,0.018,/5VGXg21tPB4BrZJwGmCrcle64wU.jpg
1314441,For Sale By Exorcist,2024,photo,0.3687,0.2668,0.3687,0.3645,0.0042,/uMfyd8b7IrJnoKNkbgPTol0iFRh.jpg
364767,Follow That Skirt,1965,composite,0.3611,0.2864,0.3525,0.3611,0.0086,/vvx9VyXga7Ok4T0ijwRM8yWJPLP.jpg
91908,Rings,2005,composite,0.4068,0.2575,0.3356,0.4068,0.0712,/mjtAYGglfOO6T1jRov35jH46J6Z.jpg
1457700,Stillness Spreads,2025,composite,0.3782,0.2957,0.3261,0.3782,0.0521,/qgYLDQfJUIFsweY3X2lzidVttXU.jpg
509901,Deadly Reunion,2019,composite,0.4266,0.179,0.3944,0.4266,0.0322,/hWr94UJnO25bA3AU2IYxbYNoHVU.jpg
50471,The Erotic Rites of Countess Dracula,2001,painted,0.3775,0.3775,0.3449,0.2777,0.0326,/dBK5QzDuBJSP1FtVxNZp80iWebB.jpg
746157,Chop Chop,2020,composite,0.4243,0.2246,0.3511,0.4243,0.0732,/9ny8lUIm3Zjqkww2ku8i1PhqJhS.jpg
1172466,Horror Anthology Volume 1,2022,photo,0.3707,0.3235,0.3707,0.3058,0.0472,/6zSvqiwmbcjA4C0sRGD0Tdn36mQ.jpg
137528,You Can't Kill Stephen King,2012,composite,0.382,0.2838,0.3341,0.382,0.0479,/o65cbWl3dtvJK0pa6iBiw5SMemS.jpg
379889,The Boneyard Collection,2008,photo,0.3538,0.3101,0.3538,0.3361,0.0177,/a26vGixXnJlbGVotVzEyV9lcPFC.jpg
1109739,Synchronicity,2008,photo,0.3581,0.2846,0.3581,0.3573,0.0008,/kPkCPZx7sZAy2yMZB3lnUaMiyI1.jpg
1539251,Mirror Mirror,1969,painted,0.371,0.371,0.2719,0.3571,0.0139,/pHwImY1PqzzS1BwqxneEsRHNzFG.jpg
472338,Victor Crowley,2017,painted,0.3999,0.3999,0.2958,0.3042,0.0957,/lcZtqUStEvS9y0bFZrO80oIUhJk.jpg
33347,Paranoid,2000,composite,0.4114,0.1795,0.4091,0.4114,0.0023,/7ERnpPPhr6mbzKIAqdKsMi6ycQq.jpg
670490,Possum,1997,composite,0.3946,0.2801,0.3253,0.3946,0.0693,/dkS3Ypwin2i78X9cp4ReLWcPxYV.jpg
1646894,Bucharest Horror Show,9999,photo,0.3809,0.3721,0.3809,0.2469,0.0088,/nYUG4Cq7qA3hwqxQJDNKP2Otsl9.jpg
366150,Far Out,2007,painted,0.391,0.391,0.2535,0.3555,0.0355,/klrwiQlvcJLZcISrESLLcIlJM0D.jpg
1008412,Loon Lake,2022,composite,0.4203,0.3809,0.1988,0.4203,0.0394,/3VLMHmOtZAnM2x1zaZXdifu8Dk1.jpg
1233512,Murdaritaville,2024,composite,0.4027,0.2765,0.3209,0.4027,0.0818,/juMRx6cWDRif2Q8yc9GqpoKkt9V.jpg
17168,The Temp,1993,photo,0.4147,0.2553,0.4147,0.33,0.0847,/87h7OsuTWZURTZ1oSNfLl8bqfbO.jpg
52742,Experiment in Torture,2007,painted,0.3807,0.3807,0.3306,0.2887,0.0501,/z9hsqmZNHn0xIF3tQMWIsadWoSX.jpg
114684,Talisman,1998,photo,0.3546,0.3025,0.3546,0.3429,0.0117,/elUiODkTakLC2k2wCKEJWeAC3NG.jpg
1354762,Stereo-Vision,2024,composite,0.429,0.3041,0.2669,0.429,0.1249,/saenCeDRFX1W7EySKuBj2MYhEnf.jpg
603565,Muerte: Tales of Horror,2018,composite,0.4148,0.3669,0.2183,0.4148,0.0479,/xbN8K8ID8ja2XtU7W2QkOAJqfU8.jpg
346960,Peggy and Fred in Hell: The Complete Cycle,2002,photo,0.4076,0.3885,0.4076,0.204,0.0191,/yxRNAmHG74vw4S6X5tNziVlct9n.jpg
257117,Blood Punch,2014,painted,0.4017,0.4017,0.2321,0.3662,0.0355,/qQZkm86UV5qiRPbcWQOPN6iF6HN.jpg
28352,Hellroller,1992,painted,0.3694,0.3694,0.2819,0.3487,0.0207,/jQbSl2tDDFjEPiRU03Bv9E4EqYj.jpg
477704,Crustacean,2009,composite,0.4223,0.2217,0.356,0.4223,0.0663,/jYSxZx5XqEw5xI0SMpmyfRucz6F.jpg
1427153,Ghost of the Night,2018,composite,0.4229,0.3396,0.2375,0.4229,0.0833,/1rEKtKxtDlSANQra1zbkKw1cSKC.jpg
1039442,The Sparkle Spell: Ghosting Made Fun!,2022,composite,0.3769,0.2854,0.3377,0.3769,0.0392,/rvmwI3yuY4IzlFw9i5p752OrNzj.jpg
124553,Interface,1985,painted,0.3683,0.3683,0.3422,0.2894,0.0261,/x3dLeRbdarTXvcLYFJQLVix4GDC.jpg
1536756,Blood & Rust,2026,photo,0.3943,0.2289,0.3943,0.3768,0.0175,/hg7DClp5yenC5IbJ04sl8Mn2b32.jpg
700650,Horrorbabe.com 1,2008,composite,0.394,0.3394,0.2667,0.394,0.0546,/gsJLa6By52kFxtU2pkaR4gOiF7R.jpg
766579,Alpine Lake,2020,composite,0.4232,0.2946,0.2822,0.4232,0.1286,/gS3B3PxL8cY6jbLvTndi1eP3kdv.jpg
221002,The Chelsea Murders,1981,composite,0.4297,0.2313,0.339,0.4297,0.0907,/m1oYV9nLB6sgjNxWGflLutDgYnq.jpg
630288,The Final Scream,2020,painted,0.3957,0.3957,0.3212,0.2831,0.0745,/a8iK06ZnNY3EZZmdsg04bcl1P4o.jpg
108647,Bordello Death Tales,2009,composite,0.3752,0.2619,0.3629,0.3752,0.0123,/zmKYweLW8VqaHCsSXlCbgfzFOVl.jpg
127628,The Greed of William Hart,1948,photo,0.3888,0.3284,0.3888,0.2828,0.0604,/t162TDOEomg6ANPHqPpztIiX6Gn.jpg
1375238,Alvin and the Killmunks,2017,photo,0.38,0.347,0.38,0.273,0.033,/feKBTb5JcEXpb4MzwbtwyoMMhou.jpg
991924,The Woodsman,2022,composite,0.4015,0.2145,0.384,0.4015,0.0175,/7SbyZ4fkMrmxoJGmOpxoMxZ9wXb.jpg
1406584,Safebox,2024,painted,0.3912,0.3912,0.3442,0.2646,0.047,/y6Bd0YKv2M92chr7dlCfZxjNnCM.jpg
1032876,Cryptid,2022,photo,0.3668,0.3653,0.3668,0.2679,0.0015,/7co40dkpueinjxBOcVzxh3ZskLo.jpg
511068,Starling,2017,photo,0.3767,0.302,0.3767,0.3213,0.0554,/etM2qk2ixggzGjXuqA6OTJDGYvk.jpg
1376788,Fur Fatale,2007,photo,0.3967,0.2188,0.3967,0.3846,0.0121,/rcuFIOKWGVwxDgTpYnpOvOPoD6a.jpg
537668,Peeping Tom,1990,photo,0.3852,0.2673,0.3852,0.3475,0.0377,/zYqwGDyQBkkqNcxcr6HE47KzeJn.jpg
290637,Pay the Ghost,2015,composite,0.3637,0.3035,0.3327,0.3637,0.031,/iHG1QcxaRCiFIdSK1HZA6zOEFsl.jpg
1581397,Tingling,2025,composite,0.4075,0.1983,0.3942,0.4075,0.0133,/uVI5nzdVoeVAVM0QBWR07m4sQE4.jpg
676547,Prey for the Devil,2022,painted,0.3984,0.3984,0.2948,0.3068,0.0916,/iCvgemXf2Kpr2LvpDmt5J9NhjKM.jpg
1130784,WOKE,2023,composite,0.4204,0.4047,0.1749,0.4204,0.0157,/wk7EhHuVoSZRaczVLgGYGWd2YbH.jpg
100314,Nightmare,2007,painted,0.389,0.389,0.242,0.369,0.02,/2hISTFqNC3CmaK6W9xpe5ItHIQa.jpg
747578,Truly Dreadful Tales,2012,composite,0.3653,0.2934,0.3412,0.3653,0.0241,/uI3sGR2yLSmfdz9z3NC67fjO0RG.jpg
486457,Launder Man,2017,composite,0.4111,0.3362,0.2527,0.4111,0.0749,/8GiyEhPTj2JiRD645eEIgbXccHW.jpg
812612,Popsy,2019,photo,0.3894,0.2904,0.3894,0.3202,0.0692,/o88kxCLj8lBneexdzeY9gychsEH.jpg
153060,Reel Evil,2012,photo,0.3903,0.247,0.3903,0.3627,0.0276,/jl7qCHE1xZlcX2OgUfPWv1fehjN.jpg
98090,The Lemon Grove Kids Meet the Monsters,1968,photo,0.3803,0.3787,0.3803,0.241,0.0016,/mzXAmv65A0vto3U8GpABmXUhuSD.jpg
1472467,Rohan's Alien Encounter,2016,painted,0.3945,0.3945,0.3038,0.3017,0.0907,/sgRJeEycYUC73auiaD1m1Tg2hE4.jpg
1273189,Every Dream is a Child with Teeth,2017,composite,0.3955,0.3416,0.2628,0.3955,0.0539,/2cw9hXijT18kx1qR6pM8rzbzFTw.jpg
1152657,Ribcage,2022,painted,0.373,0.373,0.2981,0.3289,0.0441,/tYqV0Jd7h0c7LgtTSXj1lF2pbYA.jpg
237293,Haunting Melissa,2013,composite,0.404,0.2972,0.2989,0.404,0.1051,/mYL5pploOiYYrwPZekbAnWEXKUn.jpg
239380,Sinister Visions,2013,painted,0.3906,0.3906,0.3344,0.275,0.0562,/cLQymQGfTpPbmBKoAH8h00AyHEi.jpg
1446692,Picture Box,2023,composite,0.3557,0.3113,0.3331,0.3557,0.0226,/dzz2nATf8RmrVc2GN8LBcazClpm.jpg
1323570,Shadow Dancing in the West,2026,photo,0.3995,0.3185,0.3995,0.282,0.081,/orsfoRL9ZipPmMGFrjlrCcsW6Ue.jpg
835243,The Slayer Chronicles - Volume 1,2021,photo,0.404,0.2414,0.404,0.3546,0.0494,/1L9JHLp2q080k5VfJDhVtWosiIC.jpg
1505054,Heirlooms,2025,painted,0.3727,0.3727,0.3306,0.2967,0.0421,/yMtW05I3MMZhS0Se8hk9XKKt8tr.jpg
1164387,For a Moment,2017,photo,0.3582,0.3147,0.3582,0.3271,0.0311,/oEGky8YoGASXacEjPiJkyH8BgCC.jpg
1046205,File VL-624,2023,photo,0.396,0.2853,0.396,0.3187,0.0773,/sF1iKBI9GWLWS69sXMmD8GBb5GG.jpg
714270,Chrono,2020,painted,0.4029,0.4029,0.3957,0.2013,0.0072,/hLqJSzp2l9xQuKoXLnnOQjPmSPR.jpg
1199610,In My Bones,2022,composite,0.4044,0.3519,0.2437,0.4044,0.0525,/lhp8d5ZHcMHsWrCiVVRvjMmuMLq.jpg
455595,Residue,2017,painted,0.3786,0.3786,0.256,0.3654,0.0132,/wIqS9wHCWd76T7q7CxsWtKwcYa9.jpg
1433889,Spider,2024,photo,0.4125,0.2074,0.4125,0.3801,0.0324,/9I84LvVAIcsplTzoyDpcUzs4Rrl.jpg
14745,The Haunting of Molly Hartley,2008,composite,0.4219,0.287,0.2912,0.4219,0.1307,/XSy8BKHIa19yMAt7XyO2s9oIT5.jpg
594228,The 27 Club,2019,composite,0.4243,0.1878,0.388,0.4243,0.0363,/1ODeJnzKSFpZtBexj0C7jMBsGuu.jpg
1647838,Red Velvet Cake,2026,composite,0.4,0.3897,0.2102,0.4,0.0103,/qfgkO2Fti5E0PeYGkKXpYjybWCt.jpg
1166592,Neethraa,2020,photo,0.4004,0.21,0.4004,0.3896,0.0108,/ysS3rWm8GD59XaEOnJrY8ESK99A.jpg
1661225,Unsettled Woods: The Sequel,2025,composite,0.3774,0.3414,0.2812,0.3774,0.036,/x9uqC38gXKDTbXGDB6oXvzTWYFj.jpg
1661127,She Fell Asleep and Dreamt of a Library,2026,painted,0.3714,0.3714,0.2669,0.3617,0.0097,/rX4pnwN6aBUl9v5hfdfPh9DpDDh.jpg
720009,The Haunting of Pottersfield,2019,painted,0.3959,0.3959,0.3734,0.2307,0.0225,/jy3FrZIHxcDNsQPeDNKQeujUio4.jpg
643468,Split Decision,2018,composite,0.4139,0.3862,0.1999,0.4139,0.0277,/50p57tdGFmt0cBWGuStr9Uyqj7T.jpg
332280,Shark Killer,2015,composite,0.3966,0.2756,0.3278,0.3966,0.0688,/hja3kPXLLpHI95hf5k6ICViCS5d.jpg
1300805,Ek Hi Bhool,1940,composite,0.3431,0.3253,0.3316,0.3431,0.0115,/cu6xu4vzh15YjeA7d6t0hPesdXp.jpg
189755,The Happy House,2013,painted,0.35,0.35,0.323,0.327,0.023,/qi78BQaA2Y21qFJZ4uQdd17X6Mf.jpg
688436,Frigid,2016,photo,0.4119,0.217,0.4119,0.3711,0.0408,/1USqdGBcwofHJQYCPV1Et43wi4p.jpg
269870,Laura Panic,2008,painted,0.3729,0.3729,0.3008,0.3263,0.0466,/l0XpQbZZAsrwirz8Wpou5oNiJJW.jpg
883034,Vore Gore,2021,composite,0.3998,0.2137,0.3865,0.3998,0.0133,/rHbT7FxEMWjFN0Mmv7Z6eBa0pui.jpg
1528082,Try Your Luck,2025,photo,0.3487,0.3287,0.3487,0.3226,0.02,/lCmfbSGQEbkoNAvggN6zXeSHGQe.jpg
55328,When Good Ghouls Go Bad,2001,painted,0.3549,0.3549,0.3162,0.329,0.0259,/2SKXCsd4a44CO9ZQU6hNt1Kk18c.jpg
103607,Lone Wolf,1988,composite,0.4238,0.3462,0.2299,0.4238,0.0776,/iJBfeTZ9H7caPVksoXpLosP7Xg0.jpg
769319,Country of Hotels,2019,composite,0.397,0.3139,0.289,0.397,0.0831,/osjv53M2zTDo3wJXUQRQkrlPPvf.jpg
587041,Black Eyed Child (BEC),2018,photo,0.3778,0.3229,0.3778,0.2993,0.0549,/hiA6AlvFuFhUamjCvJDGiJaISZC.jpg
206183,Bad Karma,2002,painted,0.3914,0.3914,0.3181,0.2906,0.0733,/2BXycU7BClX75pacXh4VdbNN6tc.jpg
16077,My Little Eye,2002,painted,0.3927,0.3927,0.3313,0.276,0.0614,/wHEq0C5o0FTOOW5jmeCJtLhaj3G.jpg
1355159,DV5: Cord Cutter Hell,2021,photo,0.3761,0.2852,0.3761,0.3387,0.0374,/d3fTlip8tf7OZle3NRDlXizvSWP.jpg
134136,Totem,1999,photo,0.3844,0.3288,0.3844,0.2868,0.0556,/a1wDB2zrOIyOYBEdqrhDVlzFwMe.jpg
927854,Sleepyhead,2021,painted,0.3829,0.3829,0.253,0.3641,0.0188,/kebKpEsicM2wagdOB4dWgJlR3jX.jpg
101720,Zipperface,1992,painted,0.379,0.379,0.3168,0.3042,0.0622,/Z1hN8dd8YXDMb5ozdCgb9O2hj9.jpg
370167,Máquina,2006,painted,0.401,0.401,0.2555,0.3435,0.0575,/peuglUohECwSaPj2rWn8Hcq99qW.jpg
131914,The Uninvited,1996,composite,0.3966,0.3327,0.2706,0.3966,0.0639,/qLrqOl9VzpWjp661It30SBAmuHa.jpg
708699,Amunet,2019,photo,0.3874,0.3066,0.3874,0.306,0.0808,/m8adoOnH0MAcI0YkimX466fS4u.jpg
81489,Carnivorous,2007,photo,0.4135,0.2495,0.4135,0.337,0.0765,/uJw5Tb7oCoBoalWKfvTxwt9zVZE.jpg
532153,Amazon Hot Box,2018,photo,0.3682,0.3428,0.3682,0.289,0.0254,/i5sG67f8SgyjegxPO27S9C7czsK.jpg
1495071,SCARECROW,2025,composite,0.4046,0.3544,0.241,0.4046,0.0502,/cPVK2qK3Ft89o6ngoXb6WPDUvKy.jpg
68878,The Zombie Diaries 2,2011,painted,0.39,0.39,0.2785,0.3315,0.0585,/z4Td3qhcUpOTObAB2xuiJou1Pjp.jpg
309732,Legend of the Sandsquatch,2006,photo,0.3923,0.3517,0.3923,0.256,0.0406,/1UdpaSWp6lgT2Jix7gNeng3f4NZ.jpg
347855,Curtain,2015,composite,0.4219,0.4037,0.1744,0.4219,0.0182,/qVoBlKoBg4xfnBP6lIuozzQPAsi.jpg
677600,Nomina Domini,2000,painted,0.3895,0.3895,0.312,0.2985,0.0775,/9YwZ6DYIEvisTkm7vPqAIYarlYD.jpg
1234317,The Chant of July,2023,painted,0.3785,0.3785,0.2878,0.3337,0.0448,/442mi1nbkYCdUQSu947xEhZCrOM.jpg
1357161,My Child,2024,painted,0.3971,0.3971,0.3334,0.2696,0.0637,/jJImA2emuAWsLuvyNyK1CRKv7B3.jpg
1008980,Haunted Indiana,1981,painted,0.3972,0.3972,0.3122,0.2906,0.085,/max79jTr5GkaenN9JudU9viG4c2.jpg
298009,Iron Wolf,2014,photo,0.3914,0.3069,0.3914,0.3017,0.0845,/pBeoU5vxlxz4iaOX8wDSklKd7Gb.jpg
420674,BoF,2016,composite,0.3801,0.2513,0.3686,0.3801,0.0115,/1kYK4jsnrYNtevOFxPLMYX76wAV.jpg
1546216,The Collision,2025,photo,0.394,0.3596,0.394,0.2464,0.0344,/l9WjueYowY6WpiEsGXqAn87lwPj.jpg
461062,Wekufe: The Origin of Evil,2016,photo,0.3622,0.3522,0.3622,0.2856,0.01,/zft6KODM0ZP7agZESI6RX7ZNrMx.jpg
1376011,To Kill A Monster,2024,painted,0.3923,0.3923,0.3819,0.2258,0.0104,/5NqRTj0mkWF2b57lO8KRJy2uQKd.jpg
1242193,Deprivation,2024,painted,0.3606,0.3606,0.3313,0.308,0.0293,/mhI8gLRnIcKoQcpcYyTOruXApTx.jpg
1682620,Visitor,2026,painted,0.3403,0.3403,0.3242,0.3355,0.0048,/sKeTtM7H1iACmNNDBQGXPPzPIE4.jpg
942905,Ouch,1990,photo,0.3879,0.3067,0.3879,0.3053,0.0812,/dePP4utGSyjpMWHWPWr0vQzzvQS.jpg
652694,The Man in the Trunk,2019,composite,0.4148,0.1758,0.4093,0.4148,0.0055,/5iFnU1ef2H7rDpUqVjD1AwEVLLL.jpg
1243988,Magnum Opus,2022,painted,0.3765,0.3765,0.2517,0.3719,0.0046,/ymkbi0AlYm3BkjFnWrFZgVFmIUl.jpg
77361,Death Warmed Up,1985,painted,0.3819,0.3819,0.3392,0.2789,0.0427,/isV8EJK4EH5zRQAQybCcMLTGV5L.jpg
1188626,Operation Storm Cloud,2005,painted,0.3525,0.3525,0.337,0.3105,0.0155,/iinOsVHpVgqE5ftDea0j1JikWN1.jpg
354108,Girl Explores Girl: The Alien Encounter,1998,photo,0.392,0.3233,0.392,0.2847,0.0687,/gfT2yJr5SDWabecMKkpAmbxN8J6.jpg
1572497,Viral,2025,photo,0.3615,0.3565,0.3615,0.282,0.005,/8QcA1LfVCicETFBTuveBhwYTdoO.jpg
934781,Queen of Phoenix: Against Destiny,1990,photo,0.3893,0.2824,0.3893,0.3282,0.0611,/l0GL0MYTPcGgVuIGkCI3LwyZ0M1.jpg
642697,Woods,2015,composite,0.4125,0.2254,0.3621,0.4125,0.0504,/a6fTaENCOljnceGyRMtm5wxU4Wy.jpg
1415990,Reunion,2025,painted,0.3995,0.3995,0.2566,0.344,0.0555,/tTfc8ZcZy0LkYQo9mUEGWbUlTYd.jpg
1293977,The Open Window,1972,painted,0.3648,0.3648,0.3114,0.3238,0.041,/AqmMd1tSXV5JQgrm3WZqLR9fw4Z.jpg
323371,Ninja Zombie,1992,composite,0.3998,0.394,0.2062,0.3998,0.0058,/n4TxZ3pDOXjMJPOM3oLZStFFujz.jpg
1233231,Overtime,2024,painted,0.3633,0.3633,0.3301,0.3065,0.0332,/p3yAc3dTMpP3THIBquHMzCDUiJE.jpg
290725,Lazarus: Apocalypse,2014,photo,0.3495,0.3221,0.3495,0.3284,0.0211,/8OIdlTc4kEpjdjE9Br3b8Zi8Kkf.jpg
194421,Mirror of Death,1988,photo,0.3824,0.357,0.3824,0.2606,0.0254,/4YFiMsliWGlL0pzqcaul0UJMfNJ.jpg
1571171,Donut Do It!,2025,painted,0.3568,0.3568,0.2935,0.3497,0.0071,/2rnBW9rxljXgN5DWbb09t3YcAs.jpg
159031,The Ladies Club,1986,photo,0.3923,0.2286,0.3923,0.3792,0.0131,/fXPmpO7OCpQknNRRMNXeav1EJk7.jpg
14605,The Ghost Breakers,1940,composite,0.4078,0.3894,0.2028,0.4078,0.0184,/zytHhgTgPuHNdKFxeyznHa6BkA.jpg
1218933,Palaisipan,2022,composite,0.3787,0.3269,0.2943,0.3787,0.0518,/ysxJbwcRye2qNZkq9xWMHc05ADK.jpg
1541621,Dragged to Nowhere,2025,photo,0.4054,0.2188,0.4054,0.3758,0.0296,/oMIvGp4B25JEkBiA6g2UmqHfbih.jpg
1047810,Tap Man,2022,photo,0.3532,0.2997,0.3532,0.3471,0.0061,/3Xz032JUA4SZyKyiFWOn165QKQ.jpg
555631,Moon Cake,2012,composite,0.423,0.4226,0.1544,0.423,0.0004,/xczc1ziussB0Nrq5THkiFJkbXW8.jpg
11428,Sleepwalkers,1992,painted,0.3951,0.3951,0.3339,0.271,0.0612,/iiwplv5pET2HgMog6otunohIiSr.jpg
1059593,Do Not Watch,2023,painted,0.3373,0.3373,0.3278,0.335,0.0023,/zyLmhUnltbCfVekf9Q8bxQbwL5M.jpg
714669,Run Rabbit Run,2024,composite,0.3777,0.3614,0.2609,0.3777,0.0163,/cgetiYyTqJ4CMmPmvDw30nnYj1f.jpg
427472,Sheep Skin,2013,composite,0.4243,0.161,0.4147,0.4243,0.0096,/2BuWqvEqo2lmmRdfGcZ4Z73xS8B.jpg
1292267,House Hardy Halloween,2018,painted,0.3848,0.3848,0.2996,0.3156,0.0692,/dEAlJRxq09Q8e6jQOishBHocTMY.jpg
73519,I'll Bury You Tomorrow,2002,photo,0.3919,0.2819,0.3919,0.3262,0.0657,/nY9PC6tR8dqutIUafyQ51q2gY5j.jpg
1354087,Mirror,2024,composite,0.4179,0.4128,0.1693,0.4179,0.0051,/fu2BS16aHzsE4RuWnkTH5n2BPqD.jpg
338598,Slay Belles,2018,photo,0.412,0.3379,0.412,0.2501,0.0741,/25qsK9Qxs0hnXIYMpHjtL0A6ghI.jpg
429724,Browse,2020,photo,0.3728,0.3541,0.3728,0.2732,0.0187,/f5VrmnvvKF5sbi81JfcKvoY5nIO.jpg
949569,The Leprechaun's Curse,2021,photo,0.4092,0.3066,0.4092,0.2841,0.1026,/b6Junth0Ekue4tSwsDerhtieLVK.jpg
507540,Beast Mode,2020,painted,0.4009,0.4009,0.2874,0.3117,0.0892,/mfwtlayvpMCz4Kr4WTpotfxhiE8.jpg
1211157,The Girl with the Haunted Vagina,2023,photo,0.3897,0.2404,0.3897,0.3699,0.0198,/r0F8ycX7LrQhS6cKpfgntTJyVFW.jpg
1175194,They're Real,2023,composite,0.4018,0.316,0.2821,0.4018,0.0858,/1TBRlzt3GiRUoPgIplce5GwtIK0.jpg
86681,To Die For,1988,photo,0.3988,0.2874,0.3988,0.3138,0.085,/s1nqIPvGoP9jdGYY6r9Czn0Comq.jpg
30510,As Night Falls,2010,composite,0.3792,0.2527,0.3681,0.3792,0.0111,/7XjwnIuZgVG85TcMcVLdRESfoqy.jpg
9102,Screamers,1995,composite,0.4176,0.169,0.4134,0.4176,0.0042,/eqgBf791rMZG7ywHfObpXeMpiRf.jpg
516027,Hippopotamus,2017,composite,0.4077,0.2228,0.3695,0.4077,0.0382,/yFXyiBp3SVxu3U9SYpbZxvjgFfX.jpg
1052633,Last Burial,2000,composite,0.4269,0.4211,0.152,0.4269,0.0058,/rx72Uq3PnpG6PaMElf0TUpKet5U.jpg
796581,Strix,2021,composite,0.4289,0.2096,0.3615,0.4289,0.0674,/qUMoJUNwcHLC85HuKEaX9dAEx6V.jpg
128484,Boogeyman,2012,composite,0.4014,0.2173,0.3813,0.4014,0.0201,/ks438f3Y25Bw5GnOmNNID7Rt7Mp.jpg
1481331,Nahual,2025,composite,0.4287,0.3932,0.1781,0.4287,0.0355,/gQZn4Rx3LpIBnFunH1AKxAMYYd9.jpg
1316071,Janus,2024,photo,0.4058,0.249,0.4058,0.3451,0.0607,/2PADrwlt0DRKd13QbBooCPMxKRW.jpg
204772,Cyberstalker,1996,photo,0.3712,0.3425,0.3712,0.2863,0.0287,/htP7UQ2V6tohNHWnY3AT7DR4HCA.jpg
410465,Dry Blood,2017,painted,0.374,0.374,0.2813,0.3448,0.0292,/3GQZVi8vwxp4u0ES6wtHvLtsT9n.jpg
290537,The Asylum,2000,painted,0.3691,0.3691,0.363,0.2679,0.0061,/4XhujkwRjPMBIEAXkfSd5WmIYub.jpg
876210,Return of the Beast from Outer Space,2021,composite,0.3928,0.3883,0.2189,0.3928,0.0045,/ozZHJQmPVF97CIfU5pBWTHM2bsp.jpg
774131,Outtake Reel,2011,painted,0.3967,0.3967,0.3241,0.2792,0.0726,/bZWx5MIugcunymqhu9ce6NTe8Mg.jpg
59726,Wake Wood,2011,painted,0.3645,0.3645,0.3305,0.305,0.034,/7MyqqrjE8MmjPoHEs93apxhSsBe.jpg
1583174,For the Commune,2024,composite,0.4206,0.3384,0.241,0.4206,0.0822,/6pXAzEpN0kZYTXqJxdwMYnrKVIT.jpg
1307282,Secrets,2024,composite,0.4106,0.2057,0.3837,0.4106,0.0269,/9f1bq42P183PguOe4LQ9Y5i91lk.jpg
347199,Help,2014,photo,0.412,0.3739,0.412,0.2141,0.0381,/6PgSd7hXHbN6zSm1zmIhWztIoif.jpg
347847,The Sand,2015,painted,0.3646,0.3646,0.2932,0.3423,0.0223,/AiahhUWOvxUhH0QAj1hb5NDcWj9.jpg
763053,Brides of Satan,2020,composite,0.3791,0.3406,0.2803,0.3791,0.0385,/aWcqnRee8DZXOhp2tFKAcAkCGTg.jpg
80570,Family Demons,2009,composite,0.4052,0.3013,0.2934,0.4052,0.1039,/XwTm7YjtgUMToNX2uVXKxX9Qva.jpg
1632818,Dark Distortion,2026,photo,0.3927,0.3272,0.3927,0.2802,0.0655,/pWkuNCFXgT6Q7nHdtfMKPAtmLO6.jpg
1217624,The Evolution of Horror Cinema Worldwide,2025,composite,0.4277,0.3545,0.2178,0.4277,0.0732,/q4GDeVerLjRNzlHfAFPaRoE28PF.jpg
116583,Vampiro,2009,photo,0.4037,0.2074,0.4037,0.3889,0.0148,/sjBKR7kLm9oBs5Al13r3Sm9GCqU.jpg
929089,Experimenting on Roux: Prisoner 068,2021,photo,0.4048,0.3516,0.4048,0.2436,0.0532,/sjwZXwcYJijPr2JRJJm9KBV831j.jpg
451331,Dive into Doom,2013,composite,0.4206,0.2524,0.327,0.4206,0.0936,/qFnkUs72zpXuDb8aJBLklJUvR3y.jpg
1576549,Contamination,2025,photo,0.3917,0.2497,0.3917,0.3586,0.0331,/A1mtcKWE2vCg4sxYowKtHvyiKuF.jpg
42606,Invocation of My Demon Brother,1969,composite,0.3805,0.2904,0.329,0.3805,0.0515,/hnJN9z43zIvQkqr7ydl6rxMTvuh.jpg
283323,The Ridge,2005,composite,0.429,0.2875,0.2836,0.429,0.1415,/g0n99OHoVIaRlJ0zTyV0aG2yqpM.jpg
599735,Parva,2017,composite,0.3961,0.2609,0.343,0.3961,0.0531,/2uQViyYrLcFkggT8WYZ4QLB9tbw.jpg
1061213,"We, the Children of Caterpillars",2023,photo,0.3898,0.2584,0.3898,0.3519,0.0379,/xvW7nI5KPaIlsivHOFlTVhzsYSa.jpg
250352,Dream Stalker,1991,photo,0.3726,0.2552,0.3726,0.3722,0.0004,/4k1Vp2YZCbSzv45ykOz7KfHJT1t.jpg
91409,Dismal,2009,painted,0.3569,0.3569,0.311,0.3321,0.0248,/hOlL4AQr5jp7hfQI2njCD7FWWu.jpg
1113517,HIMS,2023,composite,0.3766,0.3606,0.2628,0.3766,0.016,/3JSDPa3EWTfRYUyfpoxRBu5cgM1.jpg
1083818,The Boy in the Tiny House and the Monster Who Lived Next Door,2022,composite,0.4162,0.2827,0.3012,0.4162,0.115,/64Bm9ltqIfMe58TLPz2Ypio9aHb.jpg
18781,The Haunting in Connecticut,2009,painted,0.3924,0.3924,0.2634,0.3442,0.0482,/dTfL0YbTa7S59vZYmWbk6UofHkI.jpg
823040,Dark Night of the Pumpkinman,2011,composite,0.4259,0.2943,0.2798,0.4259,0.1316,/219yjcd3MJosBBIKUU0WtE1dl4l.jpg
642694,The Demented,2021,composite,0.4269,0.3852,0.1879,0.4269,0.0417,/awKGmNSanNgdo5ilAa34i4ymiVf.jpg
295933,Sexsquatch: The Legend of Blood Stool Creek,2013,composite,0.3927,0.2204,0.3868,0.3927,0.0059,/8ck3PRQ5fcXZIuij3IwbhuyWG43.jpg
1654743,Rat,2026,composite,0.4291,0.2561,0.3148,0.4291,0.1143,/hQLvBpnnv7XSpKjY31qsJRCogFw.jpg
1295131,Echo,2024,painted,0.3936,0.3936,0.3358,0.2706,0.0578,/e1qphn14wFRA5ue5ch8cax1ijC3.jpg
69869,The House on Tombstone Hill,1989,painted,0.3981,0.3981,0.3253,0.2766,0.0728,/tHnVLQLYBhV1dj0OEBZpWaC5FX.jpg
293625,The Ritual,2009,composite,0.4255,0.1859,0.3886,0.4255,0.0369,/qX3WVtGBVWel4VEBthhedQz3PUG.jpg
760204,The Lair,2022,painted,0.3663,0.3663,0.342,0.2917,0.0243,/ifRFLx83Xk1DcwAS3OScgI6HmWO.jpg
1483743,"up here, disappear",2025,painted,0.3933,0.3933,0.3291,0.2776,0.0642,/zEPKQRzKlLT68RJJUpYV3vyPfbv.jpg
507938,Reawakened,2020,composite,0.4004,0.2928,0.3068,0.4004,0.0936,/hBzyWLeWRa3k8eYtJcSdraXMrct.jpg
594568,My Mouth Lies Screaming,2009,painted,0.3812,0.3812,0.3653,0.2535,0.0159,/u9BNdJmq09Lw66QjzCWRR0QxHZ8.jpg
632262,Changeling,2019,composite,0.4257,0.263,0.3113,0.4257,0.1144,/mu1rc359PQ0mb1iZDAiUr7bfCOm.jpg
270439,Church of the Damned,1985,painted,0.3952,0.3952,0.3095,0.2953,0.0857,/5p6ntJt4IygygsMoWnv1i58UA8o.jpg
1725879,inside.vbs,2026,painted,0.3464,0.3464,0.3443,0.3093,0.0021,/zyRTHvdoM2ubxRHi8nybMa7jkVT.jpg
140394,Apprentice to Murder,1988,composite,0.4005,0.3414,0.2582,0.4005,0.0591,/ewG6XQJKbT6JUoZxQdldyGO3M9f.jpg
508592,Kropemann,2016,painted,0.3745,0.3745,0.2573,0.3682,0.0063,/caNUEEEaPVzlaIvMJCfmGU7pTvy.jpg
1293320,Into the Depths,2011,painted,0.3659,0.3659,0.3338,0.3003,0.0321,/xBMhf3zj5DveBOCXedWiqLjwjIO.jpg
1328956,Alma & the Wolf,2025,composite,0.3496,0.3488,0.3015,0.3496,0.0008,/t4SUgmGGhMS4t9g0DJzAjRS5Hcj.jpg
384687,The Channel,2016,painted,0.3764,0.3764,0.3206,0.303,0.0558,/l9BDxdGJLyrmmBBWyPO0WpQVOen.jpg
1021035,Don't Panic It's Organic,2013,composite,0.4193,0.2065,0.3742,0.4193,0.0451,/butfSz3OcpEOmBrBzg1XqqJn37A.jpg
1132147,Dracula,1968,photo,0.3948,0.3067,0.3948,0.2985,0.0881,/f7HzIvCWbN7Ofw6TWlXM3ijXzFQ.jpg
1008026,Creep Box,2022,photo,0.3698,0.3357,0.3698,0.2945,0.0341,/sGj2ajc3AqkQADY9VoSBfzxpwKO.jpg
452895,7 Witches,2017,composite,0.4092,0.2872,0.3036,0.4092,0.1056,/oxJewYPAOhVMBbxCoyjB9gEZRGO.jpg
30236,The Fear Chamber,2009,photo,0.3592,0.3223,0.3592,0.3185,0.0369,/9CD5VXkXZgnIyEpgdDpS5uIHw7W.jpg
1466829,Daisy,2025,painted,0.3965,0.3965,0.2115,0.392,0.0045,/ixZ7L9ShLXKM6JjP5ZpLg0hBmDw.jpg
1526847,The Piano Killer,2025,painted,0.3483,0.3483,0.3333,0.3184,0.015,/k0wjyyoSEqHEIceJlMfC4mJouxZ.jpg
1690141,UGLY,2025,photo,0.4105,0.3867,0.4105,0.2027,0.0238,/9Iet2wdgf4Wi81lP9vpvq3yi1ja.jpg
622420,The Jack in the Box,2019,painted,0.3552,0.3552,0.3356,0.3092,0.0196,/suaQ6oScsa5rrfx3osJHyQp1ZXb.jpg
462263,Dawning of the Dead,2017,composite,0.4054,0.2735,0.3211,0.4054,0.0843,/gXkpGnmo4oeC0ZPXVBIqx04oCcF.jpg
224815,Skinwalker Ranch,2013,photo,0.392,0.257,0.392,0.351,0.041,/gqEfe007ZEa8WwWZAXl57zu4o0s.jpg
805429,The Missing,2022,painted,0.4013,0.4013,0.266,0.3327,0.0686,/ryjJ3E9OXi7FdawnB8pZnvFY0j1.jpg
9825,Lake Placid,1999,photo,0.3986,0.2792,0.3986,0.3222,0.0764,/pEszakCP8j9E9S0UPLfEa3Cad3O.jpg
1078203,De Profundis: Out of the Depths,2010,photo,0.3851,0.2935,0.3851,0.3215,0.0636,/zXr6ZqEvv3JLOrnfk81cyzXRTUA.jpg
874594,Nail Gun,2021,composite,0.4107,0.1975,0.3919,0.4107,0.0188,/y9oHFNgDUGfdQeRkJAd6p13pf8T.jpg
1341032,The Prophet,2024,composite,0.4088,0.2213,0.3699,0.4088,0.0389,/3DlL72rO36LzCHG7sLD2X384nfx.jpg
1239683,Cry Baby Blue,2018,composite,0.388,0.2436,0.3683,0.388,0.0197,/hXO3o9OW9C8qJpno4mA7TrDdyZX.jpg
157433,Pet Sematary,2019,composite,0.3696,0.3071,0.3233,0.3696,0.0463,/7SPhr7Qj39vbnfF9O2qHRYaKHAL.jpg
1222609,The Ray Bradbury Theater: A Sound of Thunder,1989,composite,0.3699,0.3469,0.2832,0.3699,0.023,/g2RR9aPgmicdWF1vXquwXFoUhvh.jpg
10063,The Breed,2006,photo,0.3594,0.3323,0.3594,0.3083,0.0271,/84wIp36RZ1zpVBoJTjwzGjZVRxD.jpg
1084439,SLEIGH!,2021,photo,0.3959,0.3785,0.3959,0.2255,0.0174,/lyO58ZgJZJ7hktg6qMOBis8qSZR.jpg
13557,The Gravedancers,2006,composite,0.3878,0.2797,0.3325,0.3878,0.0553,/n4Z1V30BBfe2zP7GkVC4eMg5fdV.jpg
1026057,The Visitor,2022,photo,0.3906,0.3387,0.3906,0.2707,0.0519,/q2IZhlxoWq0vSu5tomrBQv4hJwM.jpg
707851,Pursuit,2020,painted,0.3932,0.3932,0.2196,0.3871,0.0061,/71szQmdFBoudQS3kHKJw3ibQfNQ.jpg
723377,The Scary of Sixty-First,2021,painted,0.4011,0.4011,0.2975,0.3014,0.0997,/iP2x1rjh6H2dKSm5eFxAo2e46Jb.jpg
1686807,Mold,2026,photo,0.4144,0.3395,0.4144,0.2461,0.0749,/Af97d3H64EVxarIlAS7nG7diEFh.jpg
739403,Death by 1000 Cuts,2019,composite,0.3931,0.282,0.3249,0.3931,0.0682,/igTBTC9Hp8bnBSPQzxWibGWmLlH.jpg
24836,August Underground,2001,painted,0.3611,0.3611,0.3183,0.3206,0.0405,/4zdKBTOl4I6fOcXNWeecT0RXpLB.jpg
729613,Morbid Tales,2020,composite,0.399,0.3678,0.2332,0.399,0.0312,/gYA9axgB2Fn5Rv2LCueTg4IFGtm.jpg
1288715,Best Kept Shut,2024,composite,0.4098,0.3801,0.2102,0.4098,0.0297,/fg5TMpfn9zQYTMJqFBUwToYPbRA.jpg
45862,Hangman's Curse,2003,composite,0.4114,0.1805,0.4081,0.4114,0.0033,/x56Xy4QEVXiNXNpogBUebycGjW.jpg
200462,Hansel & Gretel,2013,composite,0.419,0.1995,0.3815,0.419,0.0375,/I0emCZ9h9WIJLnZqDYP5MZJgwH.jpg
212494,Don't Go to the Reunion,2013,painted,0.3623,0.3623,0.3268,0.3109,0.0355,/h1qRvWHJPgElb7U4sBLBfKlNsbM.jpg
225454,Confidential,1986,composite,0.3677,0.3199,0.3124,0.3677,0.0478,/qjAlZ8L1MqEP7Is8pEKIjZTk708.jpg
1656311,Smush!,2012,composite,0.3944,0.275,0.3307,0.3944,0.0637,/8U1LGqAktcKmWmBXlqLY3ypcDmj.jpg
800156,The Thing That Ate the Birds,2021,photo,0.4066,0.1889,0.4066,0.4045,0.0021,/dkzdEwuspkpvZlcVYYIT3sgV453.jpg
