id,title,year,runtime,imdb_id
661289,The Summers of IT: Chapter Two,2019,169.0,nan
800597,Registros Fatais 3: Apocalypse,2012,100.0,nan
911926,Issac,2022,87.0,nan
1031141,Mad God Ghoul Log,2022,60.0,nan
805104,"Hannibal Lecter, l'icône du mal par excellence",2010,50.0,nan
267574,The Shining: Forwards and Backwards,2011,144.0,nan
845692,Murders,2022,90.0,nan
454289,The Brandon Corey Story,2006,73.0,nan
1028005,Moon Light,2022,110.0,nan
466658,Ennama Katha Vuduranga,2016,135.0,nan
619290,Girls Gone Grabblin',2005,105.0,nan
446297,Dr. Shagetz,1975,88.0,nan
30456,Vampire Catholic School Girls from Hell,2001,83.0,nan
297548,Never Can Say Good-bye,2018,120.0,nan
130972,The Night Marchers,2001,67.0,nan
638265,Return of The Ghoul Log,2019,60.0,nan
714358,The Making of The Battery,2014,90.0,nan
833639,Halloween Jack O'Lantern,2019,59.0,nan
256795,Perawan Malam,1988,100.0,nan
413708,Häxan: Witchcraft Through The Ages,1968,76.0,nan
884093,American Apocalypse,2021,73.0,nan
459856,The Pink Egg,2017,71.0,nan
473544,Vault of Horror I,1994,90.0,nan
976432,The F13th Fan Film Mixtape,2019,72.0,nan
386037,Cannibal Killer Clowns On Dope,2020,90.0,nan
984225,The Resurgence,2022,61.0,nan
856547,Giallothon,2019,240.0,nan
918547,Smut Without Smut: Satanic Horror Nite,2021,75.0,nan
604487,Terror Tales of the Mandarin Orange Boy,2019,81.0,nan
982419,Do Not Enter 2,2022,59.0,nan
249602,The Beast,2004,93.0,nan
292227,Night is the Time For Killing,1975,70.0,nan
770165,Tersimpang Ke Alam Bunian,2020,98.0,nan
680369,Sleepless in Salamanca: Wildwood Sanitarium,2020,94.0,nan
439943,Return Of The Snake Girl,2014,124.0,nan
524138,Culinária Dumbo,2018,61.0,nan
973911,The Legacy: A Ghost Story,2004,75.0,nan
864844,Snuff,2021,75.0,nan
1005559,Heavy Metal vs. Dominator,2005,50.0,nan
756820,Face your Fears | Thriller shorts for Adults,2020,66.0,nan
923869,Urban Horror Series,2021,64.0,nan
273422,It Exists,2014,72.0,nan
892259,Hunks on Haunted Hill,2000,90.0,nan
459614,Your Eyes Are Bleeding,2017,93.0,nan
298347,Monkey Boy,1992,104.0,nan
524577,The Unbelievable Channeling The Spirits,2012,90.0,nan
571155,Zombies Invade Pittsburg,1988,86.0,nan
720667,INFINITY minus Infinity,2019,52.0,nan
139879,The Lizard of Death,2000,45.0,nan
246023,Malam Penuh Bermisteri,2013,80.0,nan
268948,The Best Of Tromadance Film Festival: Volume 2,2003,90.0,nan
273425,Cara Mengundang Hantu,2014,78.0,nan
276346,Cinema of Death,2006,300.0,nan
300591,Mistik Syirik Tahyul,2014,85.0,nan
320078,Kano Vision,2012,74.0,nan
330747,Eyewitness Murders: An Experiment in Reality Television,1988,87.0,nan
361193,Death Reel,1986,80.0,nan
400404,Perjanjian Syaitan,2016,85.0,nan
418253,Trapped!,1994,90.0,nan
421112,Ghostbox,2015,64.0,nan
432269,Supernatural Tales,2015,72.0,nan
448645,Nightmare from Snake,2003,81.0,nan
455484,M4TI,2017,86.0,nan
462877,Weird Weird Movie Kids Do Not Watch The Movie,2013,86.0,nan
469972,Self Decapitation,2017,65.0,nan
472896,Summer Lake Massacre,2018,47.0,nan
478939,Lurid Crime Stories 2,2004,65.0,nan
478929,Photo Murders 2,2003,70.0,nan
478953,Watch It & Die!,2005,75.0,nan
479342,Slaughtered Real Estate Agents,2010,75.0,nan
479337,The Sleepwalker Strangler,2010,68.0,nan
480002,The Cornfield,2017,46.0,nan
483534,The Darkest Nothing: Paraphrenia,2017,105.0,nan
484457,Aos Sí,2017,119.0,nan
488078,The Centerfold Murders,1975,66.0,nan
499399,Visit From a Dead Man,1975,90.0,nan
505587,Cursed,2013,120.0,nan
508234,Demon of the Flats,2012,57.0,nan
517217,Evil Has A Grin,2013,74.0,nan
520082,Fangs For Nothing,2008,83.0,nan
521487,Til Death: Bloodbath,2008,90.0,nan
521490,Living Nightmare 2,2008,90.0,nan
530098,Life of Unbeknownst,2018,100.0,nan
533000,The Chloroformed Model,1998,80.0,nan
540974,Beach 24,2015,220.0,nan
552032,Bunian,2004,83.0,nan
564729,Tales from the Drive-In,2018,165.0,nan
567245,Terror Trap: The Silver Mummy 2,2001,50.0,nan
567953,The Hawkins Family Yule Log,2017,120.0,nan
571116,Bloodrush,1997,95.0,nan
571099,Terror Tales from the Female Vampires,2011,70.0,nan
574493,Internet Fear,2005,90.0,nan
578177,Nenek Siam,2015,85.0,nan
583532,Kaikou The Encounter,2016,81.0,nan
583520,Trapping 214,2019,65.0,nan
609245,Luminous Void: Docudrama,2019,71.0,nan
611083,Tödlicher Schnitt,2019,105.0,nan
621222,Dracula Vampyre in Beijing,2019,95.0,nan
635040,Xenia: Priestess of Night,1976,81.0,nan
637040,Mutilated Movies,2007,96.0,nan
640786,R.I.P. - Bis zum Morgengrauen,1996,103.0,nan
645828,Cold Storage,1988,91.0,nan
652860,Vampire Tales,1993,50.0,nan
665921,Festival Of Fright,2006,70.0,nan
674259,The Offerings,2015,120.0,nan
698074,Zombie Scumbags,2020,84.0,nan
707031,Hag of Black Howe Moor,2020,84.0,nan
715486,Coldwater St. Massacre,2019,75.0,nan
715894,The Great Satan At Large,1991,50.0,nan
718617,Jade of Tai Chi,2017,89.0,nan
720959,Goodnight City Radio,2020,42.0,nan
721940,Night Visions,2020,42.0,nan
729722,Afterward,1983,52.0,nan
736189,Dorm,2016,91.0,nan
745213,Life in the Dead Zone,2018,80.0,nan
751801,Full Moon Massacre,2006,65.0,nan
758772,Duck Dynasty: Quack Or Treat,2013,66.0,nan
772318,3 Dukun Santet,2020,94.0,nan
774763,Method to the Madness,2020,45.0,nan
784147,Ile Alatau,2021,77.0,nan
800302,The Man With The Top Hat,2021,80.0,nan
803182,Moon Men,2017,148.0,nan
804392,Sleepover Massacre: The Curse,2016,81.0,nan
813263,Sweaty Dreams,2020,70.0,nan
813724,Smut Without Smut: Bizarro Horror Nite,2018,75.0,nan
814686,Insect,2021,85.0,nan
814678,Die Moorde Van Boven,2021,90.0,nan
817869,The Milkman Returns,2021,107.0,nan
818072,The Impalers,2021,83.0,nan
818664,Kuyang the Movie,2021,84.0,nan
819660,Curse of the Full Moon,1971,73.0,nan
826135,Hantu Rimau,1959,118.0,nan
831529,Preys of Torture,1987,76.0,nan
837286,Semangat Ular,1972,91.0,nan
839647,Pemuja Kubur,2021,90.0,nan
843039,Camp Summerstar,2021,145.0,nan
845251,Cut,2003,67.0,nan
854114,Sissy Sorcery,2021,73.0,nan
855044,Ordalie,2020,54.0,nan
861418,Dr Sander´s Hour of Horror,2021,60.0,nan
862789,Garin Movie Project,2012,102.0,nan
870542,Suzanne's Hypnosis,1997,48.0,nan
876177,Killer Horizon,2008,96.0,nan
881219,Night of the Ghoul Log,2021,60.0,nan
881402,Followers of the Dead Light,2020,110.0,nan
883275,From The Depths Of Depravity: Forgive Me Father For I Have Sinned,2004,120.0,nan
884826,Irving Undead,2021,90.0,nan
896268,Man-Horse,2021,65.0,nan
897260,The Project,2017,56.0,nan
914572,Pandemic Hotel,2021,63.0,nan
916042,"Shinshu, A Curse Video Legend: 13 Infectious Straw Dolls",2020,82.0,nan
930765,The Undying Curse,2020,80.0,nan
930308,Beasts: Baby,1976,51.0,nan
937693,1-900 Vampire,2017,70.0,nan
963140,Chupa La Mingus Presenta: Una Noche Solo en Tijuana,2022,122.0,nan
969005,UFO・UMA 11,2017,50.0,nan
971725,Di Gal Bite Mi,2013,68.0,nan
973936,The Ghost of the Mikogami Festival,2018,60.0,nan
979094,Expediente 212 Archivo Fantasma,2019,70.0,nan
978071,Dead Vision,2021,60.0,nan
981631,"Tales of Terror from Tokyo and All Over Japan (Volume 3, Part 1)",2007,65.0,nan
983825,Broadcast Dekinai Forbidden Spiritual Video,2014,51.0,nan
984072,Ghost Tower: A Complete Urban Legend from Hell,2011,67.0,nan
985276,Honto ni Atta! Noroi no Video: Vol. 83,2019,63.0,nan
987102,Turd Merchants of Death,2009,74.0,nan
988498,Highland Invasion,2022,85.0,nan
999981,Death Cabin,2000,96.0,nan
1009154,Horny as Hell for Evil,2015,75.0,nan
1016519,S.O.V. The True Independents,2018,140.0,nan
1022828,Octoberland,2016,74.0,nan
1025508,Junji Inagawa's Mystery Night Tour 2020,2020,90.0,nan
1032667,Shaye Saint John: The Triggers Compilation,2006,92.0,nan
1031989,The Mutilator Watchalong Live,2021,90.0,nan
1173172,Monster Cat Akabe Daimyojin,1938,65.0,nan
1026401,The Ghost Catcher,1939,89.0,nan
966661,Ghost Woman of the Old Mansion,1949,93.0,nan
1298828,The Razor's Edge,1949,77.0,nan
1173194,Monsters Catcher Oedo Seven Changes,1949,80.0,nan
1173196,Yaji Kita Cat Ghost Road,1949,74.0,nan
957841,Silent Monologues,2023,97.0,nan
1045940,Barkley Dubis' Danse Macabre,2023,90.0,nan
1046021,I am Perfectly Normal: Part II,2023,80.0,nan
1064418,Auteur,2023,64.0,nan
1074103,The Awnik,2023,87.0,nan
1083669,Between the Ocean and the Clouds,2024,43.0,nan
1086611,Monotonous Green,2023,46.0,nan
1093098,MUSTARD,2025,50.0,nan
1101818,Imposter Cleaning Crew,2023,52.0,nan
1103391,The James Allen Vianes Show,2023,128.0,nan
1117550,Scared Crazy,2023,84.0,nan
1124630,Dinner By Breakfast,2023,70.0,nan
1139126,The Pill,2023,74.0,nan
1145765,"Up, Up, & Up",2023,148.0,nan
1161988,The Redeye Tapes,2023,65.0,nan
1163878,Saco Part II,2025,53.0,nan
1166240,Our House Is Not Haunted,2023,78.0,nan
1173214,Mama Casserole,2023,51.0,nan
1183937,Auditions for Her Nightmare,2023,69.0,nan
1185927,I Heard You Edit Baby Videos,2023,48.0,nan
1185950,Black Forest,2023,167.0,nan
1185980,Black Forest 2,2023,122.0,nan
1185988,Black Forest 3,2023,84.0,nan
1189281,Grand Hampton the Movie: Anthology,2023,70.0,nan
1193038,Maya Valai,2023,110.0,nan
1194372,Hiding Henry,2024,88.0,nan
1194816,Surviving a Week at the Real Conjuring House,2023,68.0,nan
1200877,Crow,2023,45.0,nan
1208069,"End All, Say All",2024,71.0,nan
1214421,What's Wrong With You?,2024,82.0,nan
1226617,The Salvages,2024,70.0,nan
1227907,Redgate,2023,87.0,nan
1228463,Behind the Camera,2023,43.0,nan
1230431,The Bizarre Trial of Doctor victor Frankenstien,2025,70.0,nan
1234015,The Gocuyyeh Tapes,2024,70.0,nan
1239657,The Last Beta Player,2023,50.0,nan
1244062,Vimy Bridge,2024,93.0,nan
1245234,From The Other Side Of The Window,2023,57.0,nan
1255162,Question Mark (?),2024,115.0,nan
1256728,Short Shits,2024,98.0,nan
1263318,It's Only a Movie,2023,90.0,nan
1274566,The Demoniacal,2023,41.0,nan
1277003,Empath,2024,55.0,nan
1278989,Wake The Dead,2023,69.0,nan
1283609,Night Owls Episode 335,2024,70.0,nan
1284008,"Tales of the Twisted, True & Macabre",2024,69.0,nan
1290158,Ghost Adventures: Skinwalker Invasion,2024,83.0,nan
1293271,The Chef 2: The Aroma Of Vengeance,2024,52.0,nan
1294340,The Cloudvale Tapes,2024,41.0,nan
1298306,Tasmogor,2024,90.0,nan
1300379,YO-YO: Influence of a Murder,2023,94.0,nan
1301196,Frankie News 4,2023,63.0,nan
1302433,In Search of Gladys Glover,2024,89.0,nan
1305044,The Vacation Tapes,2024,59.0,nan
1310671,Wolf Awakened,2024,88.0,nan
1311488,The Porcelain Pianist,2024,60.0,nan
1312448,Adrenochrome,2024,49.0,nan
1321137,The Limestone Surveyors,2023,50.0,nan
1321451,InDIEpendence Day,2024,50.0,nan
1322374,OHSS Studios 2023 recap,2024,45.0,nan
1323351,Paryl,2024,54.0,nan
1326338,Photosynthesis,2024,120.0,nan
1328192,MalHare,2024,45.0,nan
1330059,Bad Ben 15: Poltergeist,2025,80.0,nan
1341400,MUNAA : THE LEGEND ( PART 1),2024,41.0,nan
1351591,Midwest Sessions,2024,85.0,nan
1355994,Weird Visions Society,2024,93.0,nan
1362472,Footprints of Fear,2024,57.0,nan
1362575,Koma: Berhenti Sebelum Mati,2024,85.0,nan
1365512,Ladder Man,2024,88.0,nan
1376188,Mawang: Jangan Sebut Namanya,2024,88.0,nan
1377314,Radha and Maeve Become Vampires,2024,57.0,nan
1377969,Tales From the Graveyard,2023,84.0,nan
1381049,No Escape (A Backrooms Film),2024,92.0,nan
1385156,The Hundred Voices of Harry Hoffman,2024,85.0,nan
1386947,Violated,2024,45.0,nan
1388524,Crimson Maw,2024,58.0,nan
1389514,She's a Bitch,2025,90.0,nan
1394063,Liquid Vinegar,2024,80.0,nan
1394697,Death O' Lantern: Corn on the Mac-Cob,2024,49.0,nan
1397440,Noise: Reflejo,2025,120.0,nan
1400500,The Moon King,2024,51.0,nan
1403029,Yaksha,2025,120.0,nan
1412171,The Bombay Halloween Special,2024,62.0,nan
1416731,The Edensphere Saga,2025,70.0,nan
1417569,The man in the window,2024,113.0,nan
1431516,The Haunting at St. Madeline,2024,77.0,nan
1436932,Satellite,2023,48.0,nan
1441202,Scrupulosity,2025,130.0,nan
1441969,Alienated,2023,264.0,nan
1442704,Heat Sig,2024,50.0,nan
1442912,To Be a Starfish,2025,45.0,nan
1445945,housofpsychoticmn.mp4,2025,48.0,nan
1450678,Xander,2025,69.0,nan
1451359,Heavily Pregnant Susan,2025,114.0,nan
1451570,The Beast of Bray Road,2025,55.0,nan
1452523,Ghost Stories,2025,90.0,nan
1453109,Hotel Attack,2025,122.0,nan
1457700,Stillness Spreads,2025,64.0,nan
1459933,Unlike You,2025,99.0,nan
1460565,Rec Nights At Freddys 2,2025,104.0,nan
1462224,Dendam Dalam Dosa,2025,89.0,nan
1463644,Viper Visionz,2024,60.0,nan
1466771,Welcome To Fredbear's,2025,78.0,nan
1468801,A Very Blood Sick Christmas Special,2024,51.0,nan
1473792,Dollar Store Killers,2025,60.0,nan
1478501,A Visitor in the Night,2025,60.0,nan
1478694,Wolf Moon Rising,2025,82.0,nan
1481393,The Dark House,2025,102.0,nan
1486392,The Birdwatcher,2025,76.0,nan
1498452,Edmonton To Milan,2025,78.0,nan
1498777,The ghost light of the Big Thicket,2025,107.0,nan
1499312,In The Land of Fish and Honey,2025,102.0,nan
1499363,Dawn Of The Dyer,2025,98.0,nan
1499799,Slop.,2024,70.0,nan
1502939,Harvest Brood,2025,53.0,nan
1505948,Whiteface,2025,222.0,nan
1506037,The Movie That Was Never Made,2025,90.0,nan
1514584,Blood Weekend,2025,72.0,nan
1519253,Ape,2025,127.0,nan
1525341,Kaycee Brown,2024,87.0,nan
1525910,Day of the Draugr,2025,42.0,nan
1526741,An Evening with Rodney Ascher,2025,96.0,nan
1530207,52AMGOD,2025,98.0,nan
1534580,"JPW x Brendan Underground - Die in Hell, Bro",2025,137.0,nan
1536383,The Veiled Abyss,2024,49.0,nan
1538712,Tulsa Terrors,2025,85.0,nan
1541383,The Killer Within,2025,60.0,nan
1542655,Death Cult,2025,83.0,nan
1549340,No Longer Humans,2025,129.0,nan
1555576,Spite,2025,86.0,nan
1558271,Amityville: Bed & Breakfast,2025,60.0,nan
1558416,Candleman: Part One,2025,47.0,nan
1562243,Smosh vs Aliens: The Movie,2025,140.0,nan
1562959,10/31: KNIGHTS,2025,134.0,nan
1565447,Lock Your Doors,2025,50.0,nan
1565756,Do Not Watch This Film,2025,80.0,nan
1566522,The Creature,2025,42.0,nan
1569796,Star Shark Squad,2025,90.0,nan
1571124,Screamityville: A Frightseeing Tour,2025,84.0,nan
1571731,The Tall-N-Short Halloween Special - Vol. VI,2025,43.0,nan
1571931,Midwest Angelica,2025,172.0,nan
1575401,The Cult of the Antichrist,2025,83.0,nan
1575406,Gacy's House,2025,85.0,nan
1575410,Nightmare Released,2025,82.0,nan
1583360,Come To Brazil,2025,66.0,nan
1591150,Cycle,2024,47.0,nan
1591158,VideoNapped,2023,68.0,nan
1593002,"It’s Not the House, It’s My Mother",2023,64.0,nan
1604261,The Seed of the Whampire,2025,42.0,nan
1606966,Unity for Nostalgia,2025,47.0,nan
1646290,Etouffe-moi Seul,2025,50.0,nan
1658267,Pinwydd,2025,41.0,nan
1664530,Theater in Quarantine: The Phantom of the Opera,2025,93.0,nan
1677112,Youming Flowers Bloom,2025,92.0,nan
1680371,The Mummy Creeps,2024,184.0,nan
1707748,Late At Night,2023,47.0,nan
1715382,Generation Loss: The Social Experiments (Founder's Cut),2024,143.0,nan
1725258,"Those Days Gone By, Forget Them and Sleep",2025,50.0,nan
1727787,Found Footage #1,2024,110.0,nan
1734127,As Dark As Us,2024,48.0,nan
1250854,Duped (The Jezbel Experience),2026,160.0,nan
1282686,Whispered Voices,2026,90.0,nan
1445246,REEL,2026,60.0,nan
1465155,Amityville Alone,2026,69.0,nan
1471251,Intrusion,2026,95.0,nan
1530929,Over the Rainbow,2026,119.0,nan
1532053,Samhain,2026,80.0,nan
1545812,Watergate,2026,90.0,nan
1573153,Fall Dies,2026,52.0,nan
1606871,"Knock, Knock, Knock",2026,100.0,nan
1606969,Banana: The Whole Bunchy Affair,2026,42.0,nan
1607468,Into the Spiral,2026,63.0,nan
1615290,The Nursing Home,2026,87.0,nan
1622520,biarkan aku ganti,2026,79.0,nan
1625875,The Chattanooga Syndrome - NOCLIP 3,2026,72.0,nan
1627299,Mapleshade Stories,2026,105.0,nan
1630746,The Strangers,2026,270.0,nan
1637260,Hoppy Ending,2026,102.0,nan
1637971,The Colored Experiment (Film Edition),2026,61.0,nan
1638528,The Coohatch,2026,78.0,nan
1640477,G2.22,2026,102.0,nan
1643458,when i go i want it to hurt,2026,42.0,nan
1646522,Come In From the Cold,2026,155.0,nan
1646650,Kodak,2026,51.0,nan
1649517,What Lurks In the Shadows,2026,70.0,nan
1654803,Channel 9 FM,2026,65.0,nan
1659399,House of Leaves,2026,203.0,nan
1660952,My Body is a Prison,2026,54.0,nan
1661127,She Fell Asleep and Dreamt of a Library,2026,66.0,nan
1664807,Don't Make Friends,2026,86.0,nan
1677050,2 hours of On This Spot files to sleep to (or if you’re really high),2026,121.0,nan
1679959,The Second Skeleton,2026,118.0,nan
1683446,Break Out,2026,50.0,nan
1688202,Night of the Blood Curse,2026,90.0,nan
1688495,The Shadowman's Nightmare,2026,60.0,nan
1691931,LAKESVILLE MOVIE,2026,75.0,nan
1696147,Incident At Grandma's,2026,105.0,nan
1697835,WE WHO HUNGER,2026,42.0,nan
1704110,M.E.N.A.G.E.R.I.E,2026,120.0,nan
1706084,the grievance of the day,2026,41.0,nan
1711104,Agatha,2026,64.0,nan
1714195,Devils Lake,2026,95.0,nan
1723448,Himalaya: Black Ice Edition,2026,85.0,nan
1728171,Berber,2026,41.0,nan
1728239,The Mineco Movie,2026,125.0,nan
1728338,The Creeps III,2026,45.0,nan
1728343,Doll Killer 4,2026,50.0,nan
1729087,The Shrimp-Off,2026,84.0,nan
1299747,"""I Don't Wanna Do This Anymore""",2027,85.0,nan
1490000,The Stars That Fade,2027,80.0,nan
1505506,Rocky Wake,2027,130.0,nan
1525218,Narco Shark 3,2028,99.0,nan
1573756,The Hollow Season,2027,109.0,nan
1597138,The Fields of Abbottsville,2027,71.0,nan
1636855,Fish in a Barrel,2027,95.0,nan
1659742,All Legs,2027,90.0,nan
1680924,Soft Things Rot,2027,70.0,nan
1711651,Carver,2027,50.0,nan
1729815,The Marked Room,2028,93.0,nan
27772,"Play Dead, Inc.",1998,86.0,nan
44954,A Little Death,2010,79.0,nan
126512,The Dark Angel,1987,148.0,nan
136705,Amerikill,1999,54.0,nan
251721,Final Destinations,1990,74.0,nan
272350,The Gothfather,2010,82.0,nan
272810,The Pizza Man,2001,48.0,nan
273675,A Ripper in Canada: Paranormal Hauntings in the Great White North,2014,66.0,nan
275804,Goosebumps: Scary House,2005,44.0,nan
279428,Beranak Dalam Kubur,2013,96.0,nan
281114,Nenek Bongkok Tiga,2012,86.0,nan
302644,Blood Effects,2013,82.0,nan
354325,Govan Ghost Story,1989,59.0,nan
365537,Blood Sacrifice,2002,43.0,nan
379565,Kids And The Occult,1994,116.0,nan
418266,The Vampire's Curse,1998,70.0,nan
419279,The Witching,1983,87.0,nan
429031,Black Mass of the Brain,2016,78.0,nan
444913,Strangled 6,1998,80.0,nan
444972,The Archer,1997,43.0,nan
451331,Dive into Doom,2013,57.0,nan
452499,Tangerine Dream: Inferno,2004,71.0,nan
471177,Game Changer: The Legacy of Saw,2015,58.0,nan
478819,Zombie Lust,2002,86.0,nan
479331,The Perils of Penelope,1994,80.0,nan
496865,Re-Animator of the Living Dead,2015,97.0,nan
502940,Graveyard Rot,1992,74.0,nan
531502,Funnel Web Family Refrigerated,2016,59.0,nan
575514,Werewolf of Carle Place,2013,76.0,nan
579156,Lunch Meat,1992,60.0,nan
594030,Mystic Demon Killer,2019,77.0,nan
594094,Death O Lantern: The Remake,2019,65.0,nan
618418,Deadly Encounter,1997,42.0,nan
643502,Rien the Serial Killer,2008,85.0,nan
645510,Klaus The Devil's Primate,2014,69.0,nan
659158,Purveyors Of Blood,2004,56.0,nan
669974,Ashley,2020,44.0,nan
674895,Sludge Warriors,2019,106.0,nan
704262,An Evening with my Great Aunt Bedelia,2012,44.0,nan
708706,Feed Your Head! Lose Your Head!,2020,55.0,nan
717859,Bara,2018,102.0,nan
721257,Channel 309 (1-3),2019,60.0,nan
728690,The Intercessor,1983,52.0,nan
732550,In Search of the Real Frankenstein,2006,50.0,nan
735423,TAKAYAMANIA EMPIRE II,2019,188.0,nan
742191,Autophobia,2020,94.0,nan
757360,How to Build a Haunted House,1985,84.0,nan
759802,A Soundass Halloween,2020,73.0,nan
766069,Fright Night of the Living Dead,1986,46.0,nan
771820,The Monstrologist,2015,120.0,nan
791335,Lord of the Shadows,1990,110.0,nan
802657,Dracula Is Not Dead,2017,66.0,nan
805748,Wilderness,1996,90.0,nan
812341,FUBAR Vol. 1,2014,89.0,nan
822075,The Tenderizer,2001,69.0,nan
828192,Kidnapped and Chloroformed Again,2000,55.0,nan
834192,I Speak for the Dead: The Legacy of Jigsaw,2018,81.0,nan
842819,The Hair Witch Project,1999,60.0,nan
865008,A Darker Light,1996,62.0,nan
881800,The Hound of Hannibal: An American Werewolf,2020,58.0,nan
882157,The Black Beyond,1992,73.0,nan
896662,Banned & Exposed 200X II,2005,57.0,nan
904669,Dying IV,1989,45.0,nan
934611,Sheets of Gore,2018,96.0,nan
936852,The Ominous Project Universe Presents: CARNAGE,2021,44.0,nan
958633,Archimime!,2021,43.0,nan
973970,Deathday,1971,50.0,nan
975026,Welcome Home,1971,50.0,nan
977639,Within 304,2003,43.0,nan
982498,Elvira's Movie Macabre: The Satanic Rites Of Dracula,2010,99.0,nan
1006453,Witchfinder 2,2008,95.0,nan
1012855,Kidnapped & Chloroformed Coeds,1998,64.0,nan
1017752,The Shackled Demon Project,2022,93.0,nan
1027876,No Sleep: Fragments of Horror,2021,77.0,nan
1029539,"100 Best Kills: Texas Birth Control, Dick Destruction",2022,90.0,nan
1034245,APOPHENIA,2022,44.0,nan
1035882,Cannibal Sacrifice 2,2010,55.0,nan
1037017,Dead Body Man Chronicles,2008,110.0,nan
1037684,Cicada: I Was a Teenage Horror Movie!,2022,63.0,nan
1038092,John Doe: Video Diary of a Serial Killer,2017,75.0,nan
1038454,DVD,2016,41.0,nan
1040938,The Sleep Study Murders,2016,47.0,nan
1042091,The Witch of Devils Canyon,2017,47.0,nan
1042114,They're Gone,2022,94.0,nan
1042158,Hoax,2022,80.0,nan
1042678,Toilet Paper Soldiers,2021,55.0,nan
1047376,Valley of Sickness and Death,2022,122.0,nan
1050988,Hadron,2016,100.0,nan
1052907,Trepidation,2015,73.0,nan
1054422,Blamed,2022,90.0,nan
1055384,Maniacal Night,2022,81.0,nan
1061347,3: All Hallow's Eve,2014,104.0,nan
1069869,Suicide School Girls,2003,72.0,nan
1071607,Tales of the Undead,1985,90.0,nan
1078479,The Harvester,1992,60.0,nan
1078492,One for the Road,1995,90.0,nan
1089235,The Man Who Went Missing in Black Hawk County,2020,64.0,nan
1098008,Horrifying Tales From the Dead,2020,80.0,nan
1100841,Sailor Fight!,1993,111.0,nan
1100849,Sailor Fight!,2014,57.0,nan
1106982,15/05/11 - ABANDONED GRAIN ELEVATOR,2011,55.0,nan
1109928,Necrophiliac and the Killer Gimps,2018,77.0,nan
1113305,Slay Ride,2022,58.0,nan
1113412,Guinea Pig: Slaughter Special,1988,73.0,nan
1115037,453%%#$**---,2021,77.0,nan
1117178,Majestic Mountains,2010,60.0,nan
1125639,"The Haunted Jizo of Shimo-Mizuno, Sayama City",2022,105.0,nan
1138689,The Eyes of the Panther,1989,60.0,nan
1144180,Bloody Bluefield,1998,88.0,nan
1144279,Crypts,2018,65.0,nan
1150497,Shock-X-Treme Vol 2: Death.com,2006,65.0,nan
1151692,Mondo Shock 2,2021,44.0,nan
1151713,The Horror House Cult Murders,2009,73.0,nan
1152303,Ravenwing & Cybercop vs Spellbynder,1999,59.0,nan
1152639,Watch Them Die Slowly,2021,60.0,nan
1158427,Temptation,2005,78.0,nan
1164563,Return of the Redneck Zombies,2017,70.0,nan
1166592,Neethraa,2020,83.0,nan
1167553,Frankenstein (I Swear on My Mother's Eyes) The True Story,1983,57.0,nan
1167764,Sympathy,2004,100.0,nan
1169439,"Strange Encounters: Vampires, UFOs and Hauntings",2010,87.0,nan
1170919,Pizza Express,1999,74.0,nan
1172491,Skinny Puppy: Last Rights Backing Film,1992,66.0,nan
1172493,Skinny Puppy: Too Dark Park Backing Film,1990,63.0,nan
1173124,Pill Head Ed,2020,80.0,nan
1173316,The Silver Scream 2: Welcome to Horrorwood,2021,42.0,nan
1183096,Elvira’s Movie Macabre: Night Of The Living Dead,2010,90.0,nan
1186362,The Man Who Would Be Michael,2019,41.0,nan
1187937,Halloween Top 20,2016,42.0,nan
1188626,Operation Storm Cloud,2005,53.0,nan
1189016,A Haunting on Adams Street: The Haunted Saginaw Museum,2022,115.0,nan
1195715,Psychoville Halloween Special,2010,48.0,nan
1205119,Ghostwriter: Attack of the Slime Monster,1995,89.0,nan
1206952,Shocktail Hour: Werewolves! Zombies! ...and Blobs!,2022,108.0,nan
1213042,Manananggal,1984,43.0,nan
1214934,Enigma,2003,44.0,nan
1215712,Suburban Strangler,2004,60.0,nan
1220973,Realm of the Bizarre,1999,59.0,nan
1223357,Mummy A Gore Gore,1986,50.0,nan
1223359,Cokehead The Soda Slasher,2008,72.0,nan
1226585,Godzilla Resurrection,2018,113.0,nan
1228244,Nightmare City,1984,61.0,nan
1236249,Dead Guys 2: Blind Date,2005,89.0,nan
1239491,Sinema,2014,96.0,nan
1239817,W.A.V.E.'s Triple Feature,2018,75.0,nan
1247276,The Torture Memos,2021,76.0,nan
1253367,The starving dead,2001,62.0,nan
1256600,Club Dead Presents: The Dead Files,1990,58.0,nan
1258604,Bigfoot In Kentucky,2021,118.0,nan
1259560,Party Levitation,2021,46.0,nan
1259895,Psychotic Bimbo,1998,89.0,nan
1262718,Twisted Weekend III: Slacker Holocaust,2003,60.0,nan
1265633,Curse of the Wolf,2004,73.0,nan
1272407,Killer sprite mega movie.,2022,100.0,nan
1277427,Glomer,2022,75.0,nan
1278924,The Great Satan At Large (666israel),1991,52.0,nan
1281640,Plantasma,2022,117.0,nan
1287025,The Last Lonely Man,1969,49.0,nan
1293005,The Terrorists,1998,80.0,nan
1300172,The Passion of Dracula,1980,100.0,nan
1309747,FortySix,2015,83.0,nan
1315974,The Jersey Devil: Monster in the Pines,2020,42.0,nan
1316590,"Seducer of the Night: Terror in the summer resort, bloodsucking fangs for blonde beauties",1982,111.0,nan
1317781,At The Edge Of Darkness,2010,43.0,nan
1320604,Hauntings,2002,46.0,nan
1327541,George Romero's Golden Tales 2,1995,101.0,nan
1328527,Welcome To My Vibe,2021,44.0,nan
1339155,George Romero's Golden Tales 3,1995,103.0,nan
1339159,George Romero's Golden Tales,1993,101.0,nan
1354783,Necrosluts,2001,47.0,nan
1365740,Desolation,2022,140.0,nan
1369744,KCAL Halloween Scream,1997,60.0,nan
1373173,Cold Hands,1991,63.0,nan
1374767,28 Months After,2010,104.0,nan
1384139,Hitwoman,1998,60.0,nan
1384614,Wet and Wild 1,1993,80.0,nan
1390583,The Hammer Trailer Collection,1999,47.0,nan
1392630,Witchfinder 3,2016,50.0,nan
1398669,The Grisly Crimes of Dollman,2021,55.0,nan
1398943,The Mysterious Madame Zola,2010,89.0,nan
1399072,Sweeney Todd: the Demon Barber of Fleet Street,2009,152.0,nan
1402358,The Hypnotic Spy,1997,42.0,nan
1417712,The Bikini Girl Killer,2010,69.0,nan
1428606,Deadbangers,1994,55.0,nan
1429283,Night of the Living Dead Live,2020,94.0,nan
1429429,The Death of the Killer Papangu,2014,70.0,nan
1431446,Lost Love,1995,41.0,nan
1435585,Invisible Psycho,2019,45.0,nan
1435755,Nightmare on Beacon Street,1996,90.0,nan
1436559,Elvira's Movie Macabre: Legacy of Blood,1982,96.0,nan
1437118,10/32,2021,115.0,nan
1439182,Rodan! The Flying Monster,1957,72.0,nan
1439434,Dead Boys Club 2,2003,60.0,nan
1439929,Jaret's 2022 Halloween Special,2022,46.0,nan
1440137,Simulacrum,1993,101.0,nan
1446781,A Night to Dismember: The Original Cut,2018,79.0,nan
1447506,The Golem,1960,60.0,nan
1455078,KCW: Cold November Pain,2021,44.0,nan
1455634,Naughty Dreams of Miss Owen,1987,51.0,nan
1461690,Analogue Aneurysm,2019,55.0,nan
1463635,Terror Tapes,2021,60.0,nan
1465119,Graves,2016,176.0,nan
1467276,"""Midnight Stories 3"" - The Birthday Party",2020,44.0,nan
1472426,Jogger's Nightmare,2016,57.0,nan
1480129,Perforations 2001,2001,60.0,nan
1480140,Perforations 2001 Part 2,2001,60.0,nan
1509057,Sun Dog,1993,60.0,nan
1510954,Nuclear Death: Unalive in Texas,1990,58.0,nan
1517854,Angel Abuse,2020,63.0,nan
1518962,French Kills,2015,76.0,nan
1537732,Synthwave Horror: Night Of The Living Dead,2018,97.0,nan
1540652,The New Necktie Strangler,2011,51.0,nan
1545469,Echoes From The Grave,2022,120.0,nan
1548647,Big Wakes of Horror,2004,55.0,nan
1549019,Evil Night,2003,100.0,nan
1549071,Roommatez,2002,60.0,nan
1551756,"Hey, Melissa!",2022,57.0,nan
1554394,Lizard's Leg and Owlet's Wing,1962,51.0,nan
1554844,Grizzly Redux,2005,91.0,nan
1560057,The Pharmacist,2007,91.0,nan
1562195,Stories From Tír na nÓg,2021,57.0,nan
1575465,The Master of the Discipline,1984,60.0,nan
1578424,New Year's Day,2008,42.0,nan
1592491,Night of the Living Dead: 30th Anniversary Edition 1999,1999,93.0,nan
1608097,The Ungrateful Dead,2010,44.0,nan
1613002,The Slenderman,2013,73.0,nan
1613145,The Peeping Nun,2002,59.0,nan
1616669,The Shed Part Two,1987,41.0,nan
1620030,Never Ever EVER Alone,2017,54.0,nan
1632384,Silent Hill 2: The Movie,2014,94.0,nan
1639192,The Chopper,1971,50.0,nan
1645114,Deadrock Zombies,1995,110.0,nan
1646442,The Ominous Project Universe Presents: Monsters Are Real,2020,61.0,nan
1649704,Something in the Cellar,1969,50.0,nan
1649727,Taste of Evil,1971,50.0,nan
1650098,The Sons and Daughters of Tomorrow,1971,50.0,nan
1650115,The Last Witness,1971,50.0,nan
1650124,The Shattered Eye,1971,50.0,nan
1655673,Dracula,2002,104.0,nan
1655937,The Hardcore Collection,2000,180.0,nan
1657117,Non Compos Mentis (Not of Sound Mind),2003,65.0,nan
1659151,The Cry of Mann,2017,364.0,nan
1661191,Going Under Part 2,1998,42.0,nan
1662495,The Rocky Horror Pixel Show,2022,86.0,nan
1663979,Scream Again,1998,97.0,nan
1669469,Ticci Toby,2018,61.0,nan
1669999,Alien Butchers,2022,80.0,nan
1676367,Come To Brazil,2019,55.0,nan
1680041,To Face Reality: A Scare You Trilogy,2007,75.0,nan
1680368,Exandria Unlimited: Calamity,2022,999.0,nan
1681395,BLOODGOD,2013,81.0,nan
1687720,The Groundhog's Day Massacre 2,1990,57.0,nan
1688634,Dead is dead,2000,79.0,nan
1693137,Serurta,2022,43.0,nan
1701052,Dodgy and Abandoned,2019,45.0,nan
1703073,Bible Black: New Testament,2004,180.0,nan
1706110,Amityville Horror House,2021,88.0,nan
1707736,Beetlejuice The Musical. The Musical. The Musical.,2018,150.0,nan
1711077,Hiding in Plain Sight,2021,41.0,nan
1716852,Bent: Volume One,2002,88.0,nan
1722917,Thunderbirds: Attack of the Alligators!,1966,50.0,nan
1735570,Akhari Page,2006,120.0,nan
1199546,HOUSE 6,9999,80.0,nan
1255945,Witching Hour,9999,86.0,nan
1520771,Ghost Ship,9999,91.0,nan
1544212,Channel 9,9999,81.0,nan
1650534,Hollow Trees,9999,85.0,nan
1680958,The Hand,9999,75.0,nan
1696337,Twin Demons,9999,86.0,nan
