id,title,year,canonical_path,n_posters,n_clusters,n_discarded_variants,changed_from_primary,iso_639_1,vote_average,vote_count
7180,RISEN,2008,/vX3uVYYG1YMbZijRoaFSXtNuIO2.jpg,2,2,0,0,,0.0,0
13276,Deadwater,2008,/tvF4dx3coDHCJrcn0nM38X663fH.jpg,2,2,0,0,en,0.0,0
15057,The Evil Woods,2007,/ppMNj9IAzEjQsQCjBloHo9qf6yJ.jpg,1,1,0,0,,0.0,0
20321,Doctor Sleep,2002,/eBRcmhQakzeYPU6AWLP1DtAoLtC.jpg,3,3,0,0,en,3.334,1
26208,Credo,2008,/uyBYb0e9cBQv4uJVIAIqYjIJ2qM.jpg,2,1,1,1,en,1.75,2
28930,Live Evil,2009,/fZCS2BHwPhzeTDQKnflUzHPIcHv.jpg,1,1,0,0,en,3.334,0
29214,Echoes,1982,/kTAqXw80XokVrYHehoW01zt2HP3.jpg,3,3,0,0,en,3.334,1
29899,Claustrophobia,2003,/3vUeGjpPrEbllgm1EK68Y5hJNf4.jpg,2,1,1,1,,0.0,0
30030,Eyes Are Upon You,1997,/4nsQ3qGeP6xCllI2RDQBPstdtdP.jpg,1,1,0,0,en,0.0,0
35949,Jennifer's Shadow,2004,/emw0TaUE0jyaSuZQw2u0A3L4RMw.jpg,1,1,0,0,en,0.0,0
36965,Infection,2005,/6mEmhon5P1UfKOHGn07z8zlbeK1.jpg,4,3,1,0,en,1.75,2
37687,3 A.M.,2008,/5xrbnulJKpxtD2pCN1cdN0TXrMn.jpg,1,1,0,0,en,0.0,0
40338,Naked Massacre,1976,/ok7WHby5ATCRjil9amoiblWZMNA.jpg,5,4,1,0,en,3.334,1
45511,Teacher's Pet,2000,/6tP0SNBPUWEFd4dz77p4JH2S574.jpg,3,3,0,0,en,3.334,1
47431,To Make a Killing,1988,/3V9jxF3ZHE3KLSyU6QytBo4NPaE.jpg,4,4,0,0,en,3.334,1
48808,Closet Space,2008,/1iXF33dWixSj6Q0hRIN1NYaFnvi.jpg,1,1,0,0,,0.0,0
50604,Dark Woods,2010,/5KjHJKWsfwssN1YCPo7u4Tl4l2x.jpg,1,1,0,0,,0.0,0
51176,Hellborn,2003,/u5VdDoyXLuMSA193Jalh03FfrD3.jpg,4,4,0,0,en,3.334,1
56383,"Lisa, Lisa",1974,/fj2PR0EnAakr9F0VhUe2uwESmII.jpg,5,4,1,0,en,7.19,7
58796,Canes,2006,/9tq55sjFuJ2NNt0IPrigFKSJ0u6.jpg,4,3,1,0,en,3.334,1
69117,Unseen Evil 2,2004,/p13XVpFphqj2Dc92ZRUeYdKBWAf.jpg,1,1,0,0,en,0.0,0
69142,The Wrath,2008,/i58d2YSlyrN8yWjncS3UQEqZSCm.jpg,4,3,1,0,en,3.334,1
71234,Greed,2006,/iMraYCxCyB4s0IwlLkPtxrbSt2v.jpg,1,1,0,0,en,0.0,0
80528,The Darkening,1995,/wicP7cM37z3uhNdV5SwoPBZfib6.jpg,1,1,0,0,en,3.334,1
81489,Carnivorous,2007,/uJw5Tb7oCoBoalWKfvTxwt9zVZE.jpg,1,1,0,0,,0.0,0
82972,Curio,2010,/pFupZQWYGKBaMg9dZhcfj88BZ4A.jpg,1,1,0,1,,0.0,0
83833,Nostrum,2010,/y33jBhkZAX8hw5WYwze44WCT2CE.jpg,1,1,0,0,,0.0,0
84233,Don't Hang Up,1974,/1vVhbo2yoVdoxIdkQWPifQtYfaN.jpg,5,5,0,0,en,3.334,1
95008,Scream... and Die!,1973,/aio85fbghDTwnL0NUrWGmsFKp9n.jpg,5,4,1,1,en,1.75,4
102762,Awakening,2006,/jUvlPAF8vCYtkmpus3LvwsQGwwd.jpg,1,1,0,0,,0.0,0
109703,Cadaver Bay,2003,/nzADzqDkgkilCPaQf1sNsR4X2cB.jpg,1,1,0,0,en,0.0,0
122742,El asesino del parking,2006,/gEi29ztmZ5G8qvDn5MdYwYd4tpC.jpg,1,1,0,0,en,0.166,1
124046,B.O.R.N.,1989,/trUBdVKkA3K2G1czud2hejVlYGl.jpg,2,2,0,0,en,3.334,1
125294,Rough Draft,1998,/eYgvetyNQK3paZqZ1UvPjbvRuHy.jpg,2,2,0,0,en,3.334,2
128655,Haunted High,2012,/vvBldMlCmq7WDI6eoWIHSAe1JfE.jpg,3,3,0,0,en,3.334,1
135973,Pennhurst,2012,/mFjoBkzeDbBmxM8jVfYcHOmmIac.jpg,2,2,0,0,en,3.334,1
144839,Evil Stalks This House,1981,/e79AoyQhHzuzFR4yPY5ewQqhAFp.jpg,2,2,0,0,en,3.334,1
144909,Charm,2013,/pS9d7Qz5IjbOzJr1XJPNhuaUm4r.jpg,1,1,0,0,,0.0,0
163543,Shelf Life,2004,/mCwnXpiPIyCMeWnIGVzsdRs6PqW.jpg,2,2,0,0,en,3.334,1
164423,Ghost of the Needle,2003,/1LS2hvSXLx7T8CWUgpcUwwBHC46.jpg,1,1,0,0,,0.0,0
200672,Torro. Torro. Torro!,1981,/3sCzrtgWaimNKVXk9FHRPx0Q2I4.jpg,1,1,0,0,,0.0,0
200803,Altered Species,2001,/1ki6TnBxlKG81ZbaXvaxEa7BXcK.jpg,3,3,0,0,en,5.238,0
204611,The McPherson Tape,1989,/Ap6zknBoIHaioieVfOLd5qaWd4X.jpg,5,5,0,0,en,3.334,1
208703,Rufus,2013,/aL7Lqv1iyZ6HAulWDjJvhwJNeIA.jpg,4,4,0,0,en,3.334,1
210587,Yellow,2013,/3olg9GQuC7xtym6H1gEVHznm8ee.jpg,2,2,0,0,en,3.334,1
210734,Battlefield Death Tales,2012,/z453yQUIEXI5mG695ZfeEMkDZnx.jpg,1,1,0,0,,0.0,0
214680,Convergence,2000,/b15UobERIODyWwjuIGVRKLBLBkO.jpg,1,1,0,0,en,3.334,1
215280,Billy Badd,1992,/zJwP5epnNOuna569g2fI9QZeeJ1.jpg,1,1,0,0,,0.0,0
216139,Burned at the Stake,1981,/qmMaHJxlcOG7ZByHbO3DPR2KUVD.jpg,5,5,0,0,en,0.0,0
219961,Sonata,2004,/A1C6UkDJudXNeTRjB33J9iJASQg.jpg,1,1,0,0,,0.0,0
223281,The Unspeakable,1996,/ApCMWR2jg45lZTGMjN2JIpIwePj.jpg,2,2,0,0,en,0.0,0
223344,Maxie,1973,/b8oVCFTxDwF2m5CQwgqzdpppkIp.jpg,1,1,0,0,en,3.334,1
226023,The Men Who Fell,2007,/qUnmfvrrmn1BFcc7KkXyzwwRrHi.jpg,1,1,0,0,,0.0,0
244305,The Ice House,1969,/tnaaNtJ6x9Es6nErSIoK9Y5izI2.jpg,2,2,0,0,,3.334,1
250788,Savage Encounter,1980,/fyHhjGJkTYCIIoRFM1v0YvuW50Q.jpg,2,2,0,0,en,0.0,0
251526,The Mutagen,1988,/ezpSbTs0epele0tkVKSRkhS7mco.jpg,1,1,0,0,,0.0,0
254701,The Mask of Love,2012,/laWI93XRbbI2qEnAFPETLUkNwD5.jpg,1,1,0,0,,0.0,0
257275,The Night Comes Too Soon,1948,/5cbhJNkBnonH6qJQgMDyc2qf0Eb.jpg,3,3,0,0,en,3.334,1
258726,School of Fear,1989,/cdyvTnRAOxVbQfRtV7pT6rhzHkK.jpg,3,2,1,0,en,3.334,2
259828,Bloodless,2014,/474HmunD3keIwtapMuRdTKB2pPF.jpg,1,1,0,0,,0.0,0
260824,Under Surveillance,2006,/kdgMFG1sY3oXPDoYelHCgKa8qqP.jpg,1,1,0,0,en,3.334,1
262919,Catacombs,1964,/jaMF5hgc9U11vrbVEdFmsHA2nVJ.jpg,4,4,0,0,en,3.334,1
265321,A Shred Of Mist,2014,/1cy71eeNjdhbTZSVkOa24fsAHyQ.jpg,1,1,0,0,,0.0,0
273418,Killer Dead,1992,/mYuEWRvrxGKHGPzdxXY00rGRJHC.jpg,1,1,0,0,en,0.0,0
275203,Locked in a Room,2012,/jdlC72Q6uD5ZaowkxUYpjxYwaKp.jpg,2,2,0,0,en,0.0,0
276692,Natural Selection,1994,/kmK64pGj3qJov5PHzA5wlcy1KNG.jpg,1,1,0,0,en,0.0,0
277506,Invicta,2009,/kaGpoLrYh8EOVu16zJA7iiwXSPw.jpg,1,1,0,0,,0.0,0
289476,Kill Me Tomorrow,2000,/dnLLx5mJ536VEH6YgnFUNAlyJiP.jpg,1,1,0,0,,0.0,0
290696,Dysmorphia,2014,/o06KZiy9YO6zod6UomN9OF9arg3.jpg,5,5,0,1,,0.0,0
290732,VIViD,2011,/rRe20MjzhWKVBZMUolgpkEiq4ym.jpg,5,5,0,0,en,0.0,0
292227,Night is the Time For Killing,1975,/mqkxympXKa2gsHfQ6KCRPY8Ts92.jpg,2,2,0,0,en,0.0,0
294488,Maniac Too!,2013,/uwWcnJvOi3e6y3n1kv6pt0GP9lQ.jpg,1,1,0,0,,0.0,0
302038,An Erotic Tale of Ms. Dracula,2014,/rrZ4NBhe9auBM4FB02t51koz4Xq.jpg,3,3,0,0,en,3.334,1
302512,Awaken the Devil,2015,/uducCd6iOb5eBaQm18ouZ6aRlmM.jpg,1,1,0,0,,0.0,0
303898,Cut Throat,2002,/xNnmuiypUYphkSQRXWAeKDBGfNl.jpg,4,4,0,0,en,0.0,0
308135,Cryptid,2006,/wSODkEM8hm952IXZI73mwBVdJmL.jpg,1,1,0,0,,0.0,0
308421,Somebody's There,2013,/7jV3PYF3sQ2CVRDsIlpUdtNsUUg.jpg,1,1,0,0,en,0.0,0
309063,The Ouija Experiment 2: Theatre of Death,2015,/o3VMaDXxXc8VwvvX82sd418HCcx.jpg,3,3,0,0,en,5.238,0
321768,Captive,2014,/fJByYakjLIt9X2pQJtRDqStkMmQ.jpg,2,2,0,0,,0.0,0
322858,The Third Sex,1934,/snzSFKPWUMFONxYbhivnDkEXnIO.jpg,1,1,0,0,en,0.0,0
328939,Cheerleader Camp 2 the Death,2023,/pfvC8rWfo2disdbV6PpdEAwSCm4.jpg,5,5,0,0,en,3.334,1
332689,Playing with Dolls,2015,/3ZkvAVrjhaYgdf0T1e8Hcqq3AQE.jpg,5,4,1,0,en,3.334,1
336107,Meat the Jones,2013,/rOVg9nIwjwcfNqEdGrfN331D8XT.jpg,2,2,0,0,en,3.334,1
347855,Curtain,2015,/qVoBlKoBg4xfnBP6lIuozzQPAsi.jpg,1,1,0,0,,0.0,0
359056,Primordial,2015,/bwXwUdpBsB5rav8ij0cMDsjppNx.jpg,4,3,1,0,en,3.334,1
362807,Paranoid,2000,/cM7MXLsK2wCBPOaS0Kx4lGF3GwO.jpg,1,1,0,0,en,3.334,1
379100,M is for Merry Christmas,2013,/dQED4TeHOkZ5MXV7ipMRkqkssYO.jpg,2,1,1,0,en,0.0,0
382052,Not Alone,2015,/6WJGrYga0zshLeu5QkZ5r4EJadm.jpg,2,2,0,0,en,3.334,1
385378,Gemini,2014,/bzqJHC48CWmGEJ0CemZ2co9jNSx.jpg,1,1,0,1,en,0.0,0
392051,The Damned Thing,2014,/sBFrsu3rkozZvJTdJMwtbCr0VM2.jpg,2,2,0,0,en,0.0,0
398656,Possessed,2013,/yPE1T5O4COQ9nN2iHVLsPctzYqf.jpg,1,1,0,0,,0.0,0
404206,The Music of Jo Hyeja,2012,/1aL2kLtwpFHN59Y5jtE3Yn4gT7D.jpg,1,1,0,0,,3.334,1
406582,Delirium,2015,/pTRhNMh7ndYFVfG4Qhjqgu7WDqb.jpg,1,1,0,0,en,3.334,1
412471,Dark Silence,2016,/pBP8eWb66SGbWtDMAMYghrqrJId.jpg,4,3,1,0,en,1.75,2
415852,Heartland of Darkness,1989,/zlIa027GbOplbDef65B8dqRKowy.jpg,5,5,0,0,en,3.334,1
417180,Vacant House,2016,/ewu8e5WyLE91426VmqgQaoePlRI.jpg,2,2,0,0,en,0.0,0
421490,Tall Men,2016,/7UIPssW5B21uBAtQ2mojAJpm7oJ.jpg,5,4,1,0,en,3.334,1
424078,Spirits,2014,/22aTJitI74odsnxVr9uIsuuA55V.jpg,1,1,0,0,en,0.0,0
459220,Shockwave,2016,/csqybkX4q5PcJTkkjmsUpWCdiYU.jpg,1,1,0,0,,0.0,0
461724,The Spirits of Jupiter,1984,/73LRallDsuMPYspHJyxffssqK7b.jpg,3,3,0,0,en,0.0,0
465177,Meltdown,2014,/xRtyCI1AcI2igXC0rX2pzm0j1b5.jpg,3,3,0,0,en,5.238,0
466677,Dead South,2017,/tSWIERDkhExNRGhg1rZYm6R8hJX.jpg,2,2,0,0,en,0.0,0
477576,DeadThirsty,2017,/yHKu3ntOnRyt8qZdeU35otnviIC.jpg,5,4,1,0,en,0.0,0
486684,Aux,2018,/6jPaPjzgbSUwfkyJKV4SpzWMJWH.jpg,5,5,0,0,en,3.334,1
489454,The Devil's Warehouse,2016,/3z647nj8eUPBRpNZaBvy6W3cJCF.jpg,1,1,0,0,,0.0,0
492535,Darkness Wakes,2017,/2FX9OYyzASYXmwzyKyd7sHDVtpZ.jpg,5,3,2,0,en,3.334,1
495015,Post Human: An Event,2017,/1zWAZQfZenHUlLvkC3ojQyT1b8V.jpg,3,2,1,0,en,0.0,0
496586,The Call Girls,2017,/wwxySfIEL0TzNMFXuWCvzM559W5.jpg,1,1,0,0,,0.0,0
502613,M Is for Manure,2013,/7EzEoCRIFNVDwpWRt18xVg1sxrm.jpg,2,1,1,0,en,0.0,0
526144,Prisoners of the Dead,2011,/3loFRaNrsrvBSaVICYpbtXJd4GB.jpg,1,1,0,0,,0.0,0
529744,Princess: Voices from Hell,2017,/gig9VBz0jtxU2DPlbEscHq2pEY4.jpg,3,3,0,0,,0.0,0
531393,Reindeer Games,1996,/39owLICTyBVgXqwkruapLT6tStr.jpg,1,1,0,0,,0.0,0
532813,Sublimate,2017,/Ak9hs6yU4QksKPA2RmBAAwjRq0A.jpg,1,1,0,0,,0.0,0
543901,P.O.E. Pieces of Eldritch (P.O.E. 3),2014,/ifx0vnVrnl5XXLn7phxaXAiXq4i.jpg,2,2,0,0,en,3.334,1
549646,Diggerz: Black Lung Rises,2019,/9FMzuQORECkh8rDHCYbQCWoUySo.jpg,3,2,1,0,en,3.334,1
549703,Girls Just Wanna Have Blood,2020,/2k0XzSVlT4MF3HnuMS85LNCWKsU.jpg,3,3,0,0,en,0.0,0
559928,Heaven's War,2018,/wEKHTGJ5Vc8fKPQXQSOd8egLt0w.jpg,3,3,0,0,en,3.334,1
560038,The Occultist 2: Demons,2018,/nvUUpeR44SeBmlHURKaKziwf1BC.jpg,1,1,0,0,,0.0,0
567331,The Killing House,2018,/3nYNWeluTlZ7MER9LSdxbYH0Kts.jpg,2,2,0,0,en,0.0,0
573966,The Mysterious Uncle Silas,1947,/eZUIGvYJElZbbQ8JSUFbBENocws.jpg,1,1,0,0,,0.0,0
583525,65th,2019,/f30saP9z5ZVJOYfiPV94iB37egS.jpg,3,2,1,0,en,3.334,1
595951,Scare BNB,2019,/1b03sF8mTobgMog1oJkXF8j1gBg.jpg,1,1,0,0,en,1.75,2
601369,The Way She Used to Be,2018,/x4v3mPNgDDI3RZaL1eR5bdSVG1U.jpg,1,1,0,0,en,0.166,0
609616,American Freakshow,2015,/aBQNzx4jr9PraOtglaGR1r8r643.jpg,1,1,0,0,,0.0,0
609627,A Few Screws Loose,2008,/kdgWhdrf1LKyGf0QltoI4IrE1ZJ.jpg,1,1,0,0,,0.0,0
618128,Scavenger Hunt,9999,/fCoG2xrGz4KdxeINmKptoH2CPfJ.jpg,1,1,0,0,,0.0,0
651273,The Pulley by Steven Kwang,2016,/axzbceDYHR2Yf4Ffhna5h1bnJRt.jpg,2,2,0,0,,0.0,0
651448,Darkslide,2016,/tBrm4WCJu2Pybdw63qi2hoQtBSl.jpg,2,2,0,0,en,3.334,1
657343,The Evil Inside Me,1993,/l3brxESYVpBM0i8QbvmkrDwwX6J.jpg,1,1,0,0,,0.0,0
663240,America the Violent,1996,/sYwCpwKIlMPIZsUoCuQXH5yOgsn.jpg,1,1,0,0,en,0.0,0
664168,Fat Ass Zombies,2020,/d2UCD7xwWFKucozkKcKBiCayJC6.jpg,5,5,0,0,en,3.334,1
682779,They Are Here: The Real World of the Poltergeists,2007,/u1pj7A4GRMfWbdbkKYJNkjUKe8c.jpg,1,1,0,0,,0.0,0
708706,Feed Your Head! Lose Your Head!,2020,/3OQ7PgAkum1AxqZfLjjhbvSVDas.jpg,1,1,0,0,,0.0,0
719829,Dark:30,1993,/3Ojqjn3moQPKbqwXMyTAPS5tmxB.jpg,2,1,1,0,,0.166,1
721952,Homecoming Massacre,2020,/wkXu5COdeiBHN7LhYC8aQVeZ0qM.jpg,3,3,0,0,en,0.0,0
724492,Blood Tales,2020,/caendMq5RpkoxJ81jNhGPogz7bd.jpg,1,1,0,0,,0.0,0
725842,Старуха 2,2019,/aFUssdPtU1BNWammo8bf1RSUBr9.jpg,1,1,0,0,en,0.0,0
726741,The Tree Bark Romance,2020,/xAjxlou0qVl0PvwfUBLLXmiCoBc.jpg,1,1,0,0,,3.334,1
729722,Afterward,1983,/2NbFGccdKdhxaO97hKTegMt02yg.jpg,3,3,0,0,en,0.0,0
730407,Bohemian Moon,1999,/tD3lKQ9lk17uON5WS2hDYuo2ijl.jpg,1,1,0,0,,0.0,0
737885,The Test,2021,/jmf80I2U92OVjnLIetUDzt1X7a4.jpg,4,4,0,0,en,3.334,1
744388,Verdict,2018,/b6fsNVSNzdAcLbnuVFdX4GVuV9A.jpg,1,1,0,0,,0.0,0
746729,The Darkest Sorrows,2020,/qly1AEg9j9PvnvxBNs776i7g0cN.jpg,1,1,0,0,,0.0,0
749611,Blood of the Undead: The Final Chapter,1987,/x0SspX4nSIetpI2dEBuHa3pwr2L.jpg,2,2,0,0,,0.0,0
753443,Investigation of Indian Cabin Rd,2015,/aZq00khyL1uZ7aLXhUVwBIFGka2.jpg,1,1,0,0,,0.0,0
757709,M is for Mermaid,2013,/xJvx567uXfSpLsRfb3Yhtuueh5V.jpg,2,1,1,0,en,0.0,0
764813,The Project,2020,/n7iDnvaiVCb5rYTPko79B1DPTgn.jpg,3,3,0,0,en,0.0,0
769011,Something Always Happens,1928,/ujE0KqOg5LI3SabsrdU5W6kwQ0p.jpg,1,1,0,0,,0.0,0
790856,Love's a Killer: Rellik's Revenge,2017,/nPRJTZRargnF6Pw4PEFILHZLQMd.jpg,1,1,0,0,,0.0,0
801830,NEIN,2021,/1w5g6GafIeqKsPIJFul5wiTkBMo.jpg,2,2,0,0,,0.0,0
827144,The Corruption of Divine Providence,2020,/u0pPj7tSpfISawJCCWrwpob5IWj.jpg,5,3,2,0,en,3.334,2
853155,Bad Blood,2021,/ndChza4196zQcg7rmwy6sU1ebAM.jpg,3,3,0,0,en,0.0,0
922848,Deadly Doula,2022,/saZ1NgVXiPveHFiMQmpTCFCoD1M.jpg,3,2,1,0,en,3.334,1
924618,Tardy Terror,2021,/6XbXTw5aqXpllE3OrsdYzt6kvvo.jpg,3,2,1,0,en,5.238,0
927771,Guiltless,2022,/2GV86puP0Ny1SnhyLd9vnU8DSps.jpg,4,3,1,0,en,3.334,1
956056,Memento Mori,2008,/xgcm023crvd1KVP0rIbGYlYa37N.jpg,1,1,0,0,en,0.0,0
956491,Facies,2022,/2BcYFWo7xw1WVoGAEvbR60jP1ux.jpg,1,1,0,0,,0.0,0
964991,Trapped in the System,2022,/g7W3zBk1LBW1KgHs2j07XJJ1tRi.jpg,1,1,0,0,,0.0,0
971152,Shockumentary,2015,/2Oj16C4N7WWd58qeGs5NO49vIvx.jpg,1,1,0,0,,0.0,0
1027859,The Hidden,2021,/4sBIvoLbJl6J0RHlhGccI44s4ae.jpg,1,1,0,0,,0.0,0
1037355,Wickedly Evil,2023,/qQoDIwscVbS5ea99nvcxHI7vdF8.jpg,3,3,0,0,en,3.334,1
1038887,Paws,2022,/vk5pdAd8jrebSz31RYkpmOgJj0e.jpg,1,1,0,0,en,0.0,0
1042644,Chimera,2003,/aMCGMJ7LMdTa156VKCC8mAHQu8z.jpg,1,1,0,0,,0.0,0
1047662,Baobhan Sith,2017,/cXJapyK94iEAJUCTvZ8LZPMVaEI.jpg,1,1,0,0,,0.0,0
1048127,Lets fuck part 2,2022,/d24IitY2c7YPjlcLLD4AdrIER6k.jpg,3,2,1,0,en,3.334,1
1070867,The New Homeowner's Guide to Happiness,1987,/sPYvQyQpYWUSEFLEyOKobr9xboK.jpg,1,1,0,0,,0.0,0
1072680,Mark,1994,/wp7VRPV3ej1lCu7FG513IOZTucx.jpg,1,1,0,0,,3.334,1
1073077,Mortified,2013,/m4FB5rpouG1CynwTH4WNX1nJv1w.jpg,1,1,0,0,,0.0,0
1079725,5G: The Reckoning,2023,/2Vo6gIzZ9Lbh7UshNYiRiCzhG3R.jpg,1,1,0,0,en,0.0,0
1156820,Meat's Meat... And Man's Gotta Eat,1990,/j6qVsEvsrpkkfdqem305Ssew727.jpg,2,2,0,0,,3.334,1
1156834,The Smell of Death,1991,/j6qVsEvsrpkkfdqem305Ssew727.jpg,1,1,0,0,,3.334,1
1160134,Strange Stories,1953,/jAWQfvRiAW5z3tH3dxC4RzdMb0F.jpg,1,1,0,0,en,0.0,0
1167306,A Maid's Bitter Story,1949,/xTxKg3LF8lDATEj1EIQXVXAterh.jpg,1,1,0,0,en,0.0,0
1236920,Blood Fear,2022,/kjxgu2fY0FBTd7uFqTksBsGm2zm.jpg,2,2,0,0,,0.0,0
1244525,Deathkeeper,2026,/2yzSBxg93wPgNPJFZXr4MZ9fdDw.jpg,1,1,0,0,,0.0,0
1257204,Mary Magdalene,2017,/gpP2wGka0QmI1yjaRkYRkQuEBRp.jpg,1,1,0,0,en,3.334,1
1261552,Those Who Dare,1924,/w09A4ry343LJawDOSpUh1i6siRU.jpg,1,1,0,0,en,0.0,0
1289680,Horsey,2013,/8K1Pp2xpblUwcK9xuA81005dBJr.jpg,1,1,0,0,,0.0,0
1290214,Fantastic Features - Season Preview,1965,/7e3hE2s4BhAfpOr8wnMv67QkpT6.jpg,1,1,0,0,en,0.0,0
1356360,Upside Down Polaroid,2018,/CnDRprSy28X46biPcMWihCYGYY.jpg,4,3,1,0,en,3.334,1
1379372,Moving Out,2021,/9KqUuDOztKIqF8tcr8mm8lKOsbL.jpg,1,1,0,0,,0.0,0
1379718,Coming Attractions,2008,/82Dnb5naDkwh1oB9PHD066WiW0N.jpg,1,1,0,0,,0.0,0
1381878,The Day of Reckoning,1990,/3HaIA51A0Cbkch1QYedq6SeeUy8.jpg,1,1,0,0,,0.0,0
1390997,Brayden's Adventures Nature Walk - Tackling Wainuiomata Hill,2019,/vHkRqQP7CklWocrJZeAYYPFZQ9g.jpg,1,1,0,0,,3.334,1
1395245,Gruesome,2007,/oTP9wq2OKG7l9vD4Sq6cRlcVE4o.jpg,1,1,0,0,en,0.0,0
1424947,By the Throat,2026,/gogMju5zzVINnuMCiDPbutYPMWr.jpg,2,2,0,0,en,0.0,0
1447316,Smoke Alarm,1990,/5Icj2Mx6gmVR4qmysAlIP8MXBud.jpg,1,1,0,0,en,0.0,1
1451359,Heavily Pregnant Susan,2025,/ouDzi7K4CJSPFR7klhdfQElziDr.jpg,1,1,0,0,,0.0,0
1453542,The Ghost Story.,2026,/vindgdsxQIxnAgjEKDIIw9nBsiT.jpg,1,1,0,0,en,0.0,0
1466771,Welcome To Fredbear's,2025,/eqDiQr5Oso9FuE6rrTRijsbEBil.jpg,1,1,0,0,,0.0,1
1498452,Edmonton To Milan,2025,/IaPwL5ur1XDJ66aVJYOD07HZBL.jpg,1,1,0,0,en,0.0,0
1505601,Blair's Craft Projects,2024,/1rT3ByUpBHvXdWMvIaiRIc6DV03.jpg,2,2,0,0,,3.334,1
1535311,spectre girl tries stand up,2025,/gf37nv7jD0wTZLCn5pOqfzrKzme.jpg,1,1,0,0,en,0.0,0
1577501,The Long Walk Back to the Bed,2025,/rByzoxElBCMXHxn3jdACMnnnjTH.jpg,2,1,1,0,,0.0,0
1588271,Phyllis,2023,/e9iWGP7H8RotarTT47CEg87WpIG.jpg,2,2,0,0,en,0.0,0
1594713,The BirdMan,2023,/6Q92uwbJlA1dwdmjCQsH2nApUOB.jpg,1,1,0,0,,0.0,0
1597529,Saint Lucy's Day,2020,/31Ifp8EbaFIOLqDrypPFgUcgU8x.jpg,1,1,0,0,,3.334,1
1602352,Malevolent,9999,/pcdVTwbXkOtUhk62I4ppCHJFzhl.jpg,1,1,0,0,,0.0,0
1608753,Crisis Actress,2023,/b46BXsdp8XRPeKAosHHSX792khI.jpg,1,1,0,0,en,0.0,0
1611636,Goosebumps: Don't Wake Mummy,1997,/9EU2G7YI02aZgdaM5HiXcXXomiH.jpg,2,2,0,0,en,0.0,0
1638821,Asphalt Inferno,2024,/2oQtrZUc51grwFdXASNsbghWc26.jpg,1,1,0,0,,0.0,0
1651814,the things id do to you,2026,/b3y5llqGeMZn6fO0XNs0w4PFiY7.jpg,1,1,0,0,en,0.0,0
1676162,Who Are You,2026,/m0jiJTcsEem5L1YHYIbYRwdpxtv.jpg,1,1,0,0,,0.0,0
1681289,BREATHE,2026,/nECL5SPSqafT97ksU4a38imULmr.jpg,4,3,1,0,,0.0,0
1684269,Jane Eyre,2020,/zQquz1QKnEH5MYbn4d6noobS40m.jpg,2,2,0,0,en,3.334,1
1711077,Hiding in Plain Sight,2021,/gasSNSmnrUw51dNqDosYx8C2Yu6.jpg,1,1,0,0,en,0.0,0
1712166,PRETTY KIND,2026,/2Xy31H397Tv7O8Vm601TtZysFL3.jpg,1,1,0,0,,0.0,0
1736276,Nasty,2015,/1mtGntTrrWL3EEg9VinfEqKMs6D.jpg,1,1,0,0,,0.0,0
1736717,Back from the Dead,2008,/cGXAVl4a6efuIzackPaLLBtiMef.jpg,1,1,0,0,,0.0,0
