id,title,year,file_path,iso_639_1,vote_average,vote_count,width,height,is_primary
664168,Fat Ass Zombies,2020,/d2UCD7xwWFKucozkKcKBiCayJC6.jpg,en,3.334,1,1067,1600,1
664168,Fat Ass Zombies,2020,/btrers8SNujMJhxjLvjh7AJpN3T.jpg,en,2.542,4,2000,3000,0
664168,Fat Ass Zombies,2020,/fXhdcg1xwglgKVNBaAQcPxWwAAN.jpg,en,2.278,3,1126,1689,0
664168,Fat Ass Zombies,2020,/rNoqxIsTALd8b9z5whtEfqlDYLB.jpg,en,1.75,2,751,999,0
664168,Fat Ass Zombies,2020,/nm900ydTny1u231XbpblHm6anmj.jpg,en,0.166,1,1550,2211,0
332689,Playing with Dolls,2015,/c2dgNpCRWc1zlgltuvqjyOuiJfY.jpg,en,3.334,2,1000,1500,0
332689,Playing with Dolls,2015,/3ZkvAVrjhaYgdf0T1e8Hcqq3AQE.jpg,en,3.334,1,1200,1600,1
332689,Playing with Dolls,2015,/9mTZw5FG99Qnb6KeSZ6clSJ73wm.jpg,en,0.0,0,1400,2100,0
332689,Playing with Dolls,2015,/mOJ9D6QGE1YEXGUdmT8ZZsxCjNx.jpg,en,0.0,0,750,1000,0
332689,Playing with Dolls,2015,/lxeZApxD3DXtaTpPnGQNMxGGrEn.jpg,en,0.0,0,546,804,0
927771,Guiltless,2022,/2GV86puP0Ny1SnhyLd9vnU8DSps.jpg,en,3.334,1,1438,2158,1
927771,Guiltless,2022,/1peOEwz3dbXUCEXABJukWykCbpT.jpg,en,1.75,2,2000,3000,0
927771,Guiltless,2022,/23hxhcMzi9nGkyWBdM3xk5UVdYi.jpg,en,0.0,0,2000,3000,0
927771,Guiltless,2022,/itVQzlwees7afigl19nHhK43uuP.jpg,en,0.0,0,2000,3000,0
309063,The Ouija Experiment 2: Theatre of Death,2015,/o3VMaDXxXc8VwvvX82sd418HCcx.jpg,en,5.238,0,2000,3000,1
309063,The Ouija Experiment 2: Theatre of Death,2015,/oqOvK0nyUCA32qp4xsNONzgMKkR.jpg,en,3.334,1,988,1442,0
309063,The Ouija Experiment 2: Theatre of Death,2015,/58TEIAI3ZITDt1n8R0D8bZLx2FW.jpg,en,0.0,0,500,750,0
20321,Doctor Sleep,2002,/eBRcmhQakzeYPU6AWLP1DtAoLtC.jpg,en,3.334,1,1000,1500,1
20321,Doctor Sleep,2002,/bWb7wrpWygWFEFlkkwU4cUTfE7V.jpg,en,0.0,0,580,852,0
20321,Doctor Sleep,2002,/mUp3SkA4U9biBUx95XkF4RI0jpk.jpg,,0.0,0,500,750,0
347855,Curtain,2015,/qVoBlKoBg4xfnBP6lIuozzQPAsi.jpg,,0.0,0,500,750,1
45511,Teacher's Pet,2000,/6tP0SNBPUWEFd4dz77p4JH2S574.jpg,en,3.334,1,2000,3000,1
45511,Teacher's Pet,2000,/rQp1gPdjPoUPTWZmnrrXpVZkt0G.jpg,en,1.75,2,1000,1500,0
45511,Teacher's Pet,2000,/9NCZNJFEq8FuoXOx9R0yXT7s1XP.jpg,en,0.166,1,1000,1500,0
128655,Haunted High,2012,/vvBldMlCmq7WDI6eoWIHSAe1JfE.jpg,en,3.334,1,960,1440,1
128655,Haunted High,2012,/ajyIf0vd4yxtC8l1bbwIbi16BKm.jpg,en,0.0,1,1280,1920,0
128655,Haunted High,2012,/ifZy0E6ulw73yb2pbkaKiQAr07T.jpg,en,0.0,0,1000,1500,0
204611,The McPherson Tape,1989,/Ap6zknBoIHaioieVfOLd5qaWd4X.jpg,en,3.334,1,1000,1500,1
204611,The McPherson Tape,1989,/7HT0pnqdIejrjciSnYDvVGL4rXB.jpg,en,3.334,1,1000,1500,0
204611,The McPherson Tape,1989,/g65RZ82jaxwDkVWBK1Dfs90rE80.jpg,en,2.278,3,1000,1500,0
204611,The McPherson Tape,1989,/eaXUved6yrQw98nzoyoNi9mETpE.jpg,en,0.0,0,1073,1500,0
204611,The McPherson Tape,1989,/4P1pxi5BVMoj7xn80RwSBkPYvSO.jpg,en,0.0,0,562,843,0
135973,Pennhurst,2012,/mFjoBkzeDbBmxM8jVfYcHOmmIac.jpg,en,3.334,1,960,1440,1
135973,Pennhurst,2012,/nB5XpTMsO6ukDV0vzjseM45sKFa.jpg,en,0.166,1,708,1000,0
477576,DeadThirsty,2017,/eYVtTc9ZUskLSquCFagrpvUoN5d.jpg,en,0.0,0,1000,1500,0
477576,DeadThirsty,2017,/sfPaaniYJTY2Gi8LPyS21FCPx2u.jpg,,0.0,0,716,1023,0
477576,DeadThirsty,2017,/yHKu3ntOnRyt8qZdeU35otnviIC.jpg,en,0.0,0,500,750,1
477576,DeadThirsty,2017,/2Ddo3KwPBP81P1aIcchF4Tl8DOl.jpg,en,0.0,0,500,750,0
477576,DeadThirsty,2017,/5IvHHunMpvMCLhtUB2nrB6XuVru.jpg,en,0.0,0,500,750,0
827144,The Corruption of Divine Providence,2020,/u0pPj7tSpfISawJCCWrwpob5IWj.jpg,en,3.334,2,2000,3000,1
827144,The Corruption of Divine Providence,2020,/12HnoZek9DWAawyk1rco8Byx2SV.jpg,en,2.278,3,1175,1763,0
827144,The Corruption of Divine Providence,2020,/9JW09WzZUyD6Xy15pBWbumDhWST.jpg,en,1.222,3,1280,1920,0
827144,The Corruption of Divine Providence,2020,/sg46YE6p8Acr8kPv66cR9Tu2eNX.jpg,en,0.166,1,2000,3000,0
827144,The Corruption of Divine Providence,2020,/e7zU0GGyxDI1aJC5zB0lrPTgwwk.jpg,en,0.166,1,1067,1600,0
827144,The Corruption of Divine Providence,2020,/iGSYRO8h0t5IgEt2uzEidwXjBUa.jpg,en,0.166,1,750,1049,0
36965,Infection,2005,/6mEmhon5P1UfKOHGn07z8zlbeK1.jpg,en,1.75,2,1000,1500,1
36965,Infection,2005,/6iX2M7APQTXtptwkZ193QOsYfaX.jpg,en,0.166,2,960,1440,0
36965,Infection,2005,/zLoAaUcg07sWFK1e4qtgGvqvHr3.jpg,en,0.0,0,1000,1500,0
36965,Infection,2005,/vC8BHTBVpCTDfkraxxydRnZvH1X.jpg,en,0.0,0,960,1440,0
412471,Dark Silence,2016,/pBP8eWb66SGbWtDMAMYghrqrJId.jpg,en,1.75,2,1400,2100,1
412471,Dark Silence,2016,/pfDZnf75RG3iH61u5lxVZtjlx1T.jpg,en,0.166,1,667,1000,0
412471,Dark Silence,2016,/srXOT7xG2iNczYUUcgVU5F106p1.jpg,en,0.166,1,600,900,0
412471,Dark Silence,2016,/pnZDyaoo9OSm2tAHMqf03z9YNWz.jpg,en,0.0,0,1500,2250,0
56383,"Lisa, Lisa",1974,/fj2PR0EnAakr9F0VhUe2uwESmII.jpg,en,7.19,7,1000,1500,1
56383,"Lisa, Lisa",1974,/2eXHfCuzBlUvceOQHD8gXzWW7XZ.jpg,en,5.786,7,960,1440,0
56383,"Lisa, Lisa",1974,/cajXHMaotEMAKLz8HpRsPXx8yCr.jpg,en,5.25,8,600,900,0
56383,"Lisa, Lisa",1974,/1j7yOD5A6rvBthWHgwwZNniS8AW.jpg,en,3.334,1,1000,1500,0
56383,"Lisa, Lisa",1974,/rV6Irmd9RD0HZXhD7H8ucZceo3V.jpg,en,1.75,6,851,1296,0
56383,"Lisa, Lisa",1974,/R52VjXg4xHmWPNMKSwpFXQhteC.jpg,en,0.166,1,1228,1843,0
56383,"Lisa, Lisa",1974,/jn33QcjA6yMvdaT1ZXBQbIRGtlU.jpg,en,0.0,0,1053,1580,0
56383,"Lisa, Lisa",1974,/nIIeRi8R2OHtCOvDSdRDNOOBIT6.jpg,en,0.0,0,1000,1500,0
56383,"Lisa, Lisa",1974,/lHfanbk9fkbhO3mnj5ysi2TLUfm.jpg,en,0.0,0,639,935,0
56383,"Lisa, Lisa",1974,/cZiA9v6t5TYHYCbjp5tR90ekeF.jpg,en,0.0,0,500,750,0
51176,Hellborn,2003,/j67a01b7pSRKD5JMDBzqUYaOLj2.jpg,en,3.334,2,1000,1500,0
51176,Hellborn,2003,/u5VdDoyXLuMSA193Jalh03FfrD3.jpg,en,3.334,1,1280,1854,1
51176,Hellborn,2003,/r0KUoGBEO0sWxTr9hhLf78tXtDg.jpg,en,1.75,2,1000,1500,0
51176,Hellborn,2003,/qYWqTmqWEBdIsGFcWU2k73Rj0MX.jpg,,0.0,0,1000,1333,0
421490,Tall Men,2016,/cnDsdEtR1rGJBMrAuQbzBbzWkqC.jpg,en,3.334,2,667,1000,0
421490,Tall Men,2016,/7UIPssW5B21uBAtQ2mojAJpm7oJ.jpg,en,3.334,1,1000,1500,1
421490,Tall Men,2016,/jqRzk8EOLpJgMSpWNNYHNGkYkX6.jpg,en,3.334,1,1000,1500,0
421490,Tall Men,2016,/u9xPST0Q0uLgNQ1jbZlOsEObDl6.jpg,en,0.166,2,726,1000,0
421490,Tall Men,2016,/mC7FhsDmkPvCyIBX2FHXDTBlS8R.jpg,en,0.0,0,1000,1500,0
486684,Aux,2018,/6jPaPjzgbSUwfkyJKV4SpzWMJWH.jpg,en,3.334,1,1200,1600,1
486684,Aux,2018,/ldLSD7hYtoW13HF59lTJtfFutKe.jpg,en,1.75,2,1200,1800,0
486684,Aux,2018,/x9Qx52jUJqECgLWblCvZYuVAE9v.jpg,en,1.75,2,1200,1800,0
486684,Aux,2018,/9iIPJLeV1zQwqJonbUbgKazyEhh.jpg,en,0.166,2,667,945,0
486684,Aux,2018,/iNpsmp2jgkOxTBUXlkr1vqEynzD.jpg,en,0.166,2,666,945,0
486684,Aux,2018,/9CIzIDZ4SaihFkzRCcWPCg6Dioj.jpg,en,0.166,1,1200,1800,0
486684,Aux,2018,/525Q3Ibkd4m23FEQ96rDXAtwuoe.jpg,,0.0,0,1000,1500,0
651448,Darkslide,2016,/oqAdz9Xz4yBtsLyNJL70PtXbEoF.jpg,en,3.334,1,1000,1500,0
651448,Darkslide,2016,/tBrm4WCJu2Pybdw63qi2hoQtBSl.jpg,en,3.334,1,675,1000,1
210734,Battlefield Death Tales,2012,/z453yQUIEXI5mG695ZfeEMkDZnx.jpg,,0.0,0,1000,1500,1
81489,Carnivorous,2007,/uJw5Tb7oCoBoalWKfvTxwt9zVZE.jpg,,0.0,0,600,900,1
26208,Credo,2008,/zujrGZqzrXe8DVCZyig07O03Edz.jpg,en,3.334,1,1000,1500,1
26208,Credo,2008,/uyBYb0e9cBQv4uJVIAIqYjIJ2qM.jpg,en,1.75,2,1600,2400,0
492535,Darkness Wakes,2017,/2FX9OYyzASYXmwzyKyd7sHDVtpZ.jpg,en,3.334,1,960,1440,1
492535,Darkness Wakes,2017,/cEnon64FdrtoFzhA3VfSBvCwvMU.jpg,en,1.75,2,1000,1500,0
492535,Darkness Wakes,2017,/ASqBv56EQBndrW1xW9jLT6bQdU.jpg,en,0.0,0,1920,2560,0
492535,Darkness Wakes,2017,/iGJoXcISd39AgKpJbGvM44teva6.jpg,en,0.0,0,708,1000,0
492535,Darkness Wakes,2017,/92zuEUzJEvuPTnGCY0BGuXyYxb5.jpg,en,0.0,0,560,789,0
359056,Primordial,2015,/bwXwUdpBsB5rav8ij0cMDsjppNx.jpg,en,3.334,1,680,1000,1
359056,Primordial,2015,/2QKQUDFtL50Cj9IwUu6HnPr7NAU.jpg,en,1.75,2,1400,2100,0
359056,Primordial,2015,/sXNzdX5OrJ7sCbjwKbVu9oJhtLq.jpg,en,0.0,0,1400,2100,0
359056,Primordial,2015,/uJSc7YPNVWAdiGMs8dETSbrWtDe.jpg,,0.0,0,1536,2048,0
392051,The Damned Thing,2014,/vbvnKjnH4uDvYcnhe9yb6BOnAXd.jpg,en,0.0,0,1670,2506,0
392051,The Damned Thing,2014,/sBFrsu3rkozZvJTdJMwtbCr0VM2.jpg,en,0.0,0,500,750,1
95008,Scream... and Die!,1973,/pKdkR0xy0BW9yphKRCzwimWHWUE.jpg,en,3.334,2,667,1000,0
95008,Scream... and Die!,1973,/46XK9HCl6n9P6QEbp6MqIAgEzOr.jpg,en,3.334,1,1000,1500,0
95008,Scream... and Die!,1973,/aio85fbghDTwnL0NUrWGmsFKp9n.jpg,en,1.75,4,2000,3000,0
95008,Scream... and Die!,1973,/lASZNs0GbkObV1ErUhzwgfIpNj9.jpg,en,1.75,4,500,750,0
95008,Scream... and Die!,1973,/4hZYGJrcmwMNK48A0VQWKI4W4zC.jpg,en,1.75,2,667,1000,0
95008,Scream... and Die!,1973,/aZfMEln7qMgVNFzLPJTDmf23ufP.jpg,en,1.222,3,703,1054,0
95008,Scream... and Die!,1973,/9E4Y81d58S06JDwkUyHJ3ykiGEV.jpg,en,1.222,3,500,750,0
95008,Scream... and Die!,1973,/34LrQxQMDUboPHwEuy2lTL6R8BQ.jpg,en,1.066,5,500,750,1
95008,Scream... and Die!,1973,/jjGioDq4wg3zTl74eCqr7BuDVgX.jpg,en,0.0,0,1098,1647,0
853155,Bad Blood,2021,/mGhe8TO8CSWDSq9t1N9PEMese3f.jpg,en,0.0,0,2000,3000,0
853155,Bad Blood,2021,/tEYO75bZZAPCNOmJoSFcJmZQdLQ.jpg,en,0.0,0,1350,2000,0
853155,Bad Blood,2021,/ndChza4196zQcg7rmwy6sU1ebAM.jpg,en,0.0,0,800,1200,1
200803,Altered Species,2001,/1ki6TnBxlKG81ZbaXvaxEa7BXcK.jpg,en,5.238,0,960,1440,1
200803,Altered Species,2001,/18zduK9buWIrOjTaZeE5xc91uUE.jpg,en,0.0,0,1000,1500,0
200803,Altered Species,2001,/93mzxkyy5kaDM1fXXTL2f7yWdHv.jpg,en,0.0,0,960,1440,0
290696,Dysmorphia,2014,/o06KZiy9YO6zod6UomN9OF9arg3.jpg,,0.0,0,1608,2232,0
290696,Dysmorphia,2014,/2ljxAHBIQKNBgSuLGamPwPKGYBU.jpg,,0.0,0,1536,2048,0
290696,Dysmorphia,2014,/mzphRpi9mQVYUNxGkYYHiaM4Qii.jpg,en,0.0,0,1000,1500,0
290696,Dysmorphia,2014,/squ5018FILEPRPMll9i3JmyaHrU.jpg,en,0.0,0,1000,1500,0
290696,Dysmorphia,2014,/cBt6WsFifGCzxYWATsHE44GX1gs.jpg,en,0.0,0,1000,1500,0
290696,Dysmorphia,2014,/fnwXSQJrVx4GNgLwshmEMU0Q7Yo.jpg,en,0.0,0,1000,1500,0
290696,Dysmorphia,2014,/eUvwLaOeMRdau1UNdGCB2Jngpyz.jpg,en,0.0,0,500,750,1
28930,Live Evil,2009,/fZCS2BHwPhzeTDQKnflUzHPIcHv.jpg,en,3.334,0,1000,1500,1
216139,Burned at the Stake,1981,/qmMaHJxlcOG7ZByHbO3DPR2KUVD.jpg,en,0.0,0,1800,2700,1
216139,Burned at the Stake,1981,/pkIqyBH9snYlgO5p74rZOqnVdYB.jpg,en,0.0,0,1500,2250,0
216139,Burned at the Stake,1981,/ilNuzMpeK5oWcylIfc5qtDc9nXa.jpg,,0.0,0,1000,1500,0
216139,Burned at the Stake,1981,/5OZ4xqffLbksRdUMXulvnp0g7Na.jpg,,0.0,0,524,800,0
216139,Burned at the Stake,1981,/3Bf7YXI9d8cCjMznG71lN62tmqQ.jpg,en,0.0,0,500,750,0
15057,The Evil Woods,2007,/ppMNj9IAzEjQsQCjBloHo9qf6yJ.jpg,,0.0,0,500,750,1
417180,Vacant House,2016,/jNwRbjsHBDDaYqUOqYUMogRx86R.jpg,,0.0,0,1000,1500,0
417180,Vacant House,2016,/ewu8e5WyLE91426VmqgQaoePlRI.jpg,en,0.0,0,750,1000,1
7180,RISEN,2008,/mULRjy8rGqZx9Ql5TTKV4inH9If.jpg,,0.166,1,960,1440,0
7180,RISEN,2008,/vX3uVYYG1YMbZijRoaFSXtNuIO2.jpg,,0.0,0,0,0,1
214680,Convergence,2000,/b15UobERIODyWwjuIGVRKLBLBkO.jpg,en,3.334,1,960,1440,1
35949,Jennifer's Shadow,2004,/emw0TaUE0jyaSuZQw2u0A3L4RMw.jpg,en,0.0,0,1400,2100,1
163543,Shelf Life,2004,/mCwnXpiPIyCMeWnIGVzsdRs6PqW.jpg,en,3.334,1,1000,1500,1
163543,Shelf Life,2004,/75jaF5REzdTuGUTs4fZoNkk0iHZ.jpg,en,0.166,1,600,900,0
595951,Scare BNB,2019,/1b03sF8mTobgMog1oJkXF8j1gBg.jpg,en,1.75,2,500,750,1
164423,Ghost of the Needle,2003,/1LS2hvSXLx7T8CWUgpcUwwBHC46.jpg,,0.0,0,0,0,1
560038,The Occultist 2: Demons,2018,/nvUUpeR44SeBmlHURKaKziwf1BC.jpg,,0.0,0,706,1000,1
385378,Gemini,2014,/7evAzh0JTESI6xlvXx4LW1kimwt.jpg,en,3.334,1,1000,1500,1
385378,Gemini,2014,/bzqJHC48CWmGEJ0CemZ2co9jNSx.jpg,en,0.0,0,1000,1500,0
290732,VIViD,2011,/rRe20MjzhWKVBZMUolgpkEiq4ym.jpg,en,0.0,0,1200,1600,1
290732,VIViD,2011,/bFMzsjoHEWUedYacdwo5wHQMEVq.jpg,en,0.0,0,900,1350,0
290732,VIViD,2011,/hsYfodeQLTPa9YyomOOkga8JHkL.jpg,en,0.0,0,903,1268,0
290732,VIViD,2011,/VirWpx8UbFlKk2LuUIPJrCcBbn.jpg,en,0.0,0,866,1177,0
290732,VIViD,2011,/j9Cz9QLGZAPgkLOwhMVs3gjmaNg.jpg,en,0.0,0,500,750,0
82972,Curio,2010,/fLD3a9bc24ioDcPb2VVwat9HO00.jpg,en,3.334,1,1200,1600,1
82972,Curio,2010,/pFupZQWYGKBaMg9dZhcfj88BZ4A.jpg,,0.0,0,530,750,0
71234,Greed,2006,/iMraYCxCyB4s0IwlLkPtxrbSt2v.jpg,en,0.0,0,1000,1500,1
13276,Deadwater,2008,/tvF4dx3coDHCJrcn0nM38X663fH.jpg,en,0.0,0,1526,2161,1
13276,Deadwater,2008,/1563LI6bmrzyXaGbbwTkAjpR0qA.jpg,,0.0,0,606,900,0
208703,Rufus,2013,/aL7Lqv1iyZ6HAulWDjJvhwJNeIA.jpg,en,3.334,1,500,750,1
208703,Rufus,2013,/4HaHva32h3bZ7UfbQmOhzbGJ0Gb.jpg,en,1.75,2,1300,1950,0
208703,Rufus,2013,/uyC6GVVk4VW2OQ2LaVzJZn4yjR2.jpg,en,0.0,0,1350,1950,0
208703,Rufus,2013,/hNtN4JIFwCRTauHvYkvIsuFgm08.jpg,en,0.0,0,800,1200,0
69117,Unseen Evil 2,2004,/p13XVpFphqj2Dc92ZRUeYdKBWAf.jpg,en,0.0,0,500,750,1
58796,Canes,2006,/9tq55sjFuJ2NNt0IPrigFKSJ0u6.jpg,en,3.334,1,1000,1500,1
58796,Canes,2006,/tXLja1NrO5XP02UlDzer9sYGZSs.jpg,en,0.166,1,1000,1500,0
58796,Canes,2006,/7lsUOQzB8DzCUFRG9uibGJ7Hj2y.jpg,en,0.166,1,960,1440,0
58796,Canes,2006,/5xCEKaeX0TBNDmXqFlJHA1kKYPG.jpg,en,0.0,0,758,1075,0
466677,Dead South,2017,/vHnmv1bA0pv7igjlcXJhYMLtEWD.jpg,en,0.0,0,1500,2250,0
466677,Dead South,2017,/tSWIERDkhExNRGhg1rZYm6R8hJX.jpg,en,0.0,0,664,996,1
215280,Billy Badd,1992,/zJwP5epnNOuna569g2fI9QZeeJ1.jpg,,0.0,0,500,750,1
109703,Cadaver Bay,2003,/nzADzqDkgkilCPaQf1sNsR4X2cB.jpg,en,0.0,0,2000,3000,1
223344,Maxie,1973,/b8oVCFTxDwF2m5CQwgqzdpppkIp.jpg,en,3.334,1,700,1050,1
48808,Closet Space,2008,/1iXF33dWixSj6Q0hRIN1NYaFnvi.jpg,,0.0,0,700,995,1
40338,Naked Massacre,1976,/xEB7kJI7Fh9lNRhROpN9mNxrw2K.jpg,en,3.334,1,1907,2639,0
40338,Naked Massacre,1976,/pDjnmgEXxzeiQiGGxT7oA0gEHtx.jpg,en,3.334,1,1290,1956,0
40338,Naked Massacre,1976,/ok7WHby5ATCRjil9amoiblWZMNA.jpg,en,3.334,1,1400,1867,1
40338,Naked Massacre,1976,/eXE7aKB0EokJlrt4sm0MhT86htQ.jpg,en,3.334,1,1205,1808,0
40338,Naked Massacre,1976,/hvvrFwDABKfVFNrOZBGOk2cQcQ1.jpg,en,2.542,4,1000,1500,0
40338,Naked Massacre,1976,/ruAKobycpKaB8MOiAgySaX2bVvx.jpg,en,1.75,2,1907,2639,0
40338,Naked Massacre,1976,/18VtS9OWdmLavbuVIgi4703zGol.jpg,en,1.222,4,600,900,0
40338,Naked Massacre,1976,/2yOTxly7kYalv4RloNNCKGNu1Vy.jpg,en,0.958,4,680,1000,0
40338,Naked Massacre,1976,/i1ElgF6v5avfslWm45s3JjzZbPS.jpg,en,0.5,4,600,900,0
40338,Naked Massacre,1976,/4YRBxo07CKlGFiM7Otp1SBzeael.jpg,en,0.166,1,1205,1808,0
40338,Naked Massacre,1976,/1k0SClPtSUBDh04icSnb148jhQX.jpg,en,0.166,1,1200,1800,0
459220,Shockwave,2016,/csqybkX4q5PcJTkkjmsUpWCdiYU.jpg,,0.0,0,1216,1664,1
465177,Meltdown,2014,/xRtyCI1AcI2igXC0rX2pzm0j1b5.jpg,en,5.238,0,2000,3000,1
465177,Meltdown,2014,/zCWdjTlr8P0CvMPjsRoMuSdskNw.jpg,en,5.238,0,2000,3000,0
465177,Meltdown,2014,/nLhdYJBGmNzS3FpaH5m5M4R2hsq.jpg,,0.0,0,500,750,0
495015,Post Human: An Event,2017,/9ItbiQKPfVxD7UDlzojmx7j6Jic.jpg,en,0.0,0,1566,2231,0
495015,Post Human: An Event,2017,/oPTUY2akVcjNx9HSyuPPOmKhSTq.jpg,en,0.0,0,1000,1500,0
495015,Post Human: An Event,2017,/1zWAZQfZenHUlLvkC3ojQyT1b8V.jpg,en,0.0,0,500,750,1
277506,Invicta,2009,/kaGpoLrYh8EOVu16zJA7iiwXSPw.jpg,,0.0,0,712,1080,1
124046,B.O.R.N.,1989,/trUBdVKkA3K2G1czud2hejVlYGl.jpg,en,3.334,1,1060,1590,1
124046,B.O.R.N.,1989,/eP4EzCF17EEerXMQGCPlqHtdYAV.jpg,en,0.0,0,500,750,0
532813,Sublimate,2017,/Ak9hs6yU4QksKPA2RmBAAwjRq0A.jpg,,0.0,0,682,999,1
526144,Prisoners of the Dead,2011,/3loFRaNrsrvBSaVICYpbtXJd4GB.jpg,,0.0,0,510,763,1
50604,Dark Woods,2010,/5KjHJKWsfwssN1YCPo7u4Tl4l2x.jpg,,0.0,0,527,750,1
549646,Diggerz: Black Lung Rises,2019,/9FMzuQORECkh8rDHCYbQCWoUySo.jpg,en,3.334,1,1200,1600,1
549646,Diggerz: Black Lung Rises,2019,/1Qz3GbFT9Ge0ZIlMJCYw6mt0N95.jpg,en,0.0,0,800,1200,0
549646,Diggerz: Black Lung Rises,2019,/nb9UxBTLWXkl41BufCUwWUSk7oH.jpg,,0.0,0,666,1000,0
144909,Charm,2013,/pS9d7Qz5IjbOzJr1XJPNhuaUm4r.jpg,,0.0,0,1071,1500,1
549703,Girls Just Wanna Have Blood,2020,/aaNadgdzHvSxGz4o2IB0AsE12nq.jpg,en,0.0,0,2000,3000,0
549703,Girls Just Wanna Have Blood,2020,/2k0XzSVlT4MF3HnuMS85LNCWKsU.jpg,en,0.0,0,646,1000,1
549703,Girls Just Wanna Have Blood,2020,/edDimCw9QxJjswg0H1WGRywHuwS.jpg,en,0.0,0,706,999,0
210587,Yellow,2013,/3olg9GQuC7xtym6H1gEVHznm8ee.jpg,en,3.334,1,1021,1500,1
210587,Yellow,2013,/cH0uNpmMUdg9Nu8J4qFRtsTSdFc.jpg,en,0.166,1,1400,1867,0
567331,The Killing House,2018,/3nYNWeluTlZ7MER9LSdxbYH0Kts.jpg,en,0.0,0,2000,2959,1
567331,The Killing House,2018,/6R0fGcGwlkU6ujNeWNXStyFLMUy.jpg,,0.0,0,631,948,0
308421,Somebody's There,2013,/7jV3PYF3sQ2CVRDsIlpUdtNsUUg.jpg,en,0.0,0,500,750,1
226023,The Men Who Fell,2007,/qUnmfvrrmn1BFcc7KkXyzwwRrHi.jpg,,0.0,0,528,750,1
262919,Catacombs,1964,/jaMF5hgc9U11vrbVEdFmsHA2nVJ.jpg,en,3.334,1,1000,1500,1
262919,Catacombs,1964,/yvcA2W1NatlB3EscX8ARShCnZ8J.jpg,en,2.278,3,960,1440,0
262919,Catacombs,1964,/4XCKGjc7prSSij4WmV5pKkmwfRe.jpg,en,2.278,3,960,1440,0
262919,Catacombs,1964,/gqbuXMErRMrmRc55m35Y10WCmtZ.jpg,en,1.222,3,960,1440,0
292227,Night is the Time For Killing,1975,/jGdLkoAHk3gZgUWziYAY39FZNmo.jpg,en,0.0,0,1121,1681,0
292227,Night is the Time For Killing,1975,/mqkxympXKa2gsHfQ6KCRPY8Ts92.jpg,en,0.0,0,500,769,1
102762,Awakening,2006,/jUvlPAF8vCYtkmpus3LvwsQGwwd.jpg,,0.0,0,838,1177,1
122742,El asesino del parking,2006,/gEi29ztmZ5G8qvDn5MdYwYd4tpC.jpg,en,0.166,1,675,960,1
559928,Heaven's War,2018,/wEKHTGJ5Vc8fKPQXQSOd8egLt0w.jpg,en,3.334,1,546,800,1
559928,Heaven's War,2018,/5styoxyGlxoms3QiSxBW6rhTdvf.jpg,en,0.0,0,970,1455,0
559928,Heaven's War,2018,/zw0vxoh8tFvyHygxV1ANhsRQIO3.jpg,,0.0,0,683,1000,0
275203,Locked in a Room,2012,/jdlC72Q6uD5ZaowkxUYpjxYwaKp.jpg,en,0.0,0,1200,1600,1
275203,Locked in a Room,2012,/qCVl8zow8BuYhPrIeXExTnGE7pm.jpg,,0.0,0,563,750,0
489454,The Devil's Warehouse,2016,/3z647nj8eUPBRpNZaBvy6W3cJCF.jpg,,0.0,0,750,998,1
1027859,The Hidden,2021,/4sBIvoLbJl6J0RHlhGccI44s4ae.jpg,,0.0,0,810,1215,1
84233,Don't Hang Up,1974,/1vVhbo2yoVdoxIdkQWPifQtYfaN.jpg,en,3.334,1,1200,1600,1
84233,Don't Hang Up,1974,/fccbAyx3DcSHwlR6iwEfwVFhvyD.jpg,en,2.278,3,1000,1500,0
84233,Don't Hang Up,1974,/tV4nKWtWBcoxckaEqMawSUSUSCs.jpg,en,1.75,4,1000,1500,0
84233,Don't Hang Up,1974,/Ap5Eg4tn2hSveoQfNoeswL8NBri.jpg,en,1.75,2,1400,2000,0
84233,Don't Hang Up,1974,/hmMO6JPOrdf63n3emcaeRwb6h6z.jpg,en,1.434,5,960,1440,0
84233,Don't Hang Up,1974,/wlyB5gjb0JqSfIO0B9eEl3GFQmR.jpg,en,1.222,3,500,776,0
84233,Don't Hang Up,1974,/iMHYPSO6q0DRyGMn87izIbDDLyK.jpg,en,0.0,0,1500,2000,0
84233,Don't Hang Up,1974,/32nOrkqUpDx2KUHqUKoN6OIp3sR.jpg,,0.0,0,1228,1843,0
84233,Don't Hang Up,1974,/f9hi5ClyQvt6CdCUqFTEKNBkPbn.jpg,en,0.0,0,1200,1600,0
543901,P.O.E. Pieces of Eldritch (P.O.E. 3),2014,/ifx0vnVrnl5XXLn7phxaXAiXq4i.jpg,en,3.334,1,500,750,1
543901,P.O.E. Pieces of Eldritch (P.O.E. 3),2014,/c098e6tUfrQMFDgBLBpYD5CaC0W.jpg,en,0.166,1,664,960,0
737885,The Test,2021,/jmf80I2U92OVjnLIetUDzt1X7a4.jpg,en,3.334,1,912,1280,1
737885,The Test,2021,/4473R2RVo4QHw5bLxOr6EQj2LX6.jpg,en,0.166,1,1169,1654,0
737885,The Test,2021,/cGmopQJRTVdsStXr5hS6o72Gcq3.jpg,,0.166,1,707,1000,0
737885,The Test,2021,/6z61XlAL1NW7gzalbr7CaTyzihv.jpg,en,0.0,0,500,750,0
303898,Cut Throat,2002,/xNnmuiypUYphkSQRXWAeKDBGfNl.jpg,en,0.0,0,1000,1500,1
303898,Cut Throat,2002,/xtxOdFj4yUZdGMYaTNHaA7VOEaT.jpg,en,0.0,0,1000,1500,0
303898,Cut Throat,2002,/muuGgSWuUSzslDiXjzlvZnwgBvs.jpg,,0.0,0,683,1024,0
303898,Cut Throat,2002,/yMnKsyieJkn5ceo7FmLuePCFW6p.jpg,,0.0,0,683,1024,0
529744,Princess: Voices from Hell,2017,/JHAjSybxVduzcbwzrfymt4chh.jpg,,0.0,0,516,781,0
529744,Princess: Voices from Hell,2017,/gig9VBz0jtxU2DPlbEscHq2pEY4.jpg,,0.0,0,500,750,1
529744,Princess: Voices from Hell,2017,/7i43LjzlVLNW5K4bqYelNFQrbrf.jpg,,0.0,0,500,750,0
682779,They Are Here: The Real World of the Poltergeists,2007,/u1pj7A4GRMfWbdbkKYJNkjUKe8c.jpg,,0.0,0,1000,1500,1
47431,To Make a Killing,1988,/3V9jxF3ZHE3KLSyU6QytBo4NPaE.jpg,en,3.334,1,1000,1500,1
47431,To Make a Killing,1988,/8d86V178Rt2jKz9iirslBinnUL7.jpg,en,0.166,1,960,1440,0
47431,To Make a Killing,1988,/1qQ3tiBTDTLSMzEk0X6NVfdacoL.jpg,en,0.166,1,758,1080,0
47431,To Make a Killing,1988,/o3SPVBBveLB6MgDLwUzEFR8r9T.jpg,en,0.0,1,818,1226,0
971152,Shockumentary,2015,/2Oj16C4N7WWd58qeGs5NO49vIvx.jpg,,0.0,0,500,750,1
29214,Echoes,1982,/kTAqXw80XokVrYHehoW01zt2HP3.jpg,en,3.334,1,1100,1650,1
29214,Echoes,1982,/x7ksDA8Z5iQE4I2g3DLIBfUyu7h.jpg,en,3.334,1,500,750,0
29214,Echoes,1982,/mjM0EpHEgXVwGnd5fhBXpTkxOzU.jpg,en,0.166,1,568,889,0
37687,3 A.M.,2008,/5xrbnulJKpxtD2pCN1cdN0TXrMn.jpg,en,0.0,0,527,750,1
200672,Torro. Torro. Torro!,1981,/3sCzrtgWaimNKVXk9FHRPx0Q2I4.jpg,,0.0,0,500,750,1
244305,The Ice House,1969,/tnaaNtJ6x9Es6nErSIoK9Y5izI2.jpg,,3.334,1,1947,2909,1
244305,The Ice House,1969,/x0SzhzlHaOL0oJXo0NkXjPpF9aN.jpg,,3.334,1,1042,1563,0
251526,The Mutagen,1988,/ezpSbTs0epele0tkVKSRkhS7mco.jpg,,0.0,0,500,750,1
254701,The Mask of Love,2012,/laWI93XRbbI2qEnAFPETLUkNwD5.jpg,,0.0,0,500,750,1
260824,Under Surveillance,2006,/kdgMFG1sY3oXPDoYelHCgKa8qqP.jpg,en,3.334,1,600,900,1
273418,Killer Dead,1992,/mYuEWRvrxGKHGPzdxXY00rGRJHC.jpg,en,0.0,0,554,850,1
276692,Natural Selection,1994,/kmK64pGj3qJov5PHzA5wlcy1KNG.jpg,en,0.0,0,500,750,1
308135,Cryptid,2006,/wSODkEM8hm952IXZI73mwBVdJmL.jpg,,0.0,0,1000,1500,1
398656,Possessed,2013,/yPE1T5O4COQ9nN2iHVLsPctzYqf.jpg,,0.0,0,600,872,1
404206,The Music of Jo Hyeja,2012,/1aL2kLtwpFHN59Y5jtE3Yn4gT7D.jpg,,3.334,1,545,763,1
461724,The Spirits of Jupiter,1984,/tViJzQsFKI1X296wq7PzJzOcXOh.jpg,,0.0,0,1200,1600,0
461724,The Spirits of Jupiter,1984,/n6RU8hnuKE7WuapS5xSjfiKyR5T.jpg,,0.0,0,1000,1500,0
461724,The Spirits of Jupiter,1984,/73LRallDsuMPYspHJyxffssqK7b.jpg,en,0.0,0,1000,1500,1
496586,The Call Girls,2017,/wwxySfIEL0TzNMFXuWCvzM559W5.jpg,,0.0,0,666,1000,1
583525,65th,2019,/f30saP9z5ZVJOYfiPV94iB37egS.jpg,en,3.334,1,1000,1500,1
583525,65th,2019,/aBSAO587RMHsFOUDfYPoniuLJEo.jpg,en,0.0,0,1400,2100,0
583525,65th,2019,/mWbGzbe4cgaC9FRimoYZY5eIA2S.jpg,,0.0,0,708,1000,0
601369,The Way She Used to Be,2018,/x4v3mPNgDDI3RZaL1eR5bdSVG1U.jpg,en,0.166,0,1000,1500,1
609616,American Freakshow,2015,/aBQNzx4jr9PraOtglaGR1r8r643.jpg,,0.0,0,1064,1500,1
609627,A Few Screws Loose,2008,/kdgWhdrf1LKyGf0QltoI4IrE1ZJ.jpg,,0.0,0,709,1000,1
651273,The Pulley by Steven Kwang,2016,/dvVvJeiWwlFCRRHXMYWi1jzvLQf.jpg,,0.0,0,500,752,0
651273,The Pulley by Steven Kwang,2016,/axzbceDYHR2Yf4Ffhna5h1bnJRt.jpg,,0.0,0,0,0,1
657343,The Evil Inside Me,1993,/l3brxESYVpBM0i8QbvmkrDwwX6J.jpg,,0.0,0,500,750,1
663240,America the Violent,1996,/sYwCpwKIlMPIZsUoCuQXH5yOgsn.jpg,en,0.0,0,500,750,1
719829,Dark:30,1993,/3Ojqjn3moQPKbqwXMyTAPS5tmxB.jpg,,0.166,1,500,750,1
719829,Dark:30,1993,/9FC6OdOeC7kPpb4E8nFGb0mqeg9.jpg,,0.0,0,500,750,0
721952,Homecoming Massacre,2020,/by2SdzVBHWlBXkRLIuDkQNdOLWY.jpg,en,0.0,0,1400,2100,0
721952,Homecoming Massacre,2020,/8HpywW0JJHv0pjmZmcbkO3fky7Q.jpg,en,0.0,0,728,1092,0
721952,Homecoming Massacre,2020,/wkXu5COdeiBHN7LhYC8aQVeZ0qM.jpg,en,0.0,0,667,1000,1
724492,Blood Tales,2020,/caendMq5RpkoxJ81jNhGPogz7bd.jpg,,0.0,0,500,750,1
726741,The Tree Bark Romance,2020,/xAjxlou0qVl0PvwfUBLLXmiCoBc.jpg,,3.334,1,1440,2160,1
729722,Afterward,1983,/7NQGFCtwbpU3bGdnpdmd4IeIChr.jpg,,0.0,0,1240,1748,0
729722,Afterward,1983,/2NbFGccdKdhxaO97hKTegMt02yg.jpg,en,0.0,0,1170,1639,1
729722,Afterward,1983,/mNNzzYxcaI1mMsabcQ2H8xCh0Ti.jpg,en,0.0,0,704,1056,0
746729,The Darkest Sorrows,2020,/qly1AEg9j9PvnvxBNs776i7g0cN.jpg,,0.0,0,707,1000,1
749611,Blood of the Undead: The Final Chapter,1987,/x0SspX4nSIetpI2dEBuHa3pwr2L.jpg,,0.0,0,631,906,1
749611,Blood of the Undead: The Final Chapter,1987,/wLxEqNvNew4VEflmT3f23SHj6zN.jpg,,0.0,0,523,784,0
753443,Investigation of Indian Cabin Rd,2015,/aZq00khyL1uZ7aLXhUVwBIFGka2.jpg,,0.0,0,2000,3000,1
764813,The Project,2020,/jMf8wMbciFZh7hK5MceCTMOHnnO.jpg,en,0.0,0,2000,3000,0
764813,The Project,2020,/vwTTOb6vKePXZDk6zeJHx96EPsu.jpg,en,0.0,0,2000,3000,0
764813,The Project,2020,/n7iDnvaiVCb5rYTPko79B1DPTgn.jpg,en,0.0,0,500,750,1
790856,Love's a Killer: Rellik's Revenge,2017,/nPRJTZRargnF6Pw4PEFILHZLQMd.jpg,,0.0,0,555,832,1
801830,NEIN,2021,/eDCLrPN2mikehHw3ABzcIM219Hh.jpg,,0.0,0,735,1102,0
801830,NEIN,2021,/1w5g6GafIeqKsPIJFul5wiTkBMo.jpg,,0.0,0,0,0,1
924618,Tardy Terror,2021,/6XbXTw5aqXpllE3OrsdYzt6kvvo.jpg,en,5.238,0,2000,3000,1
924618,Tardy Terror,2021,/97YCc2kapfllkqenkbw4abyHC6f.jpg,,0.0,0,1522,2156,0
924618,Tardy Terror,2021,/pjv2n6OhEr3oewUmVEdjI8t3PkH.jpg,en,0.0,0,500,750,0
956491,Facies,2022,/2BcYFWo7xw1WVoGAEvbR60jP1ux.jpg,,0.0,0,1434,2048,1
964991,Trapped in the System,2022,/g7W3zBk1LBW1KgHs2j07XJJ1tRi.jpg,,0.0,0,809,1078,1
1261552,Those Who Dare,1924,/w09A4ry343LJawDOSpUh1i6siRU.jpg,en,0.0,0,1079,1619,1
769011,Something Always Happens,1928,/ujE0KqOg5LI3SabsrdU5W6kwQ0p.jpg,,0.0,0,0,0,1
322858,The Third Sex,1934,/snzSFKPWUMFONxYbhivnDkEXnIO.jpg,en,0.0,0,500,750,1
573966,The Mysterious Uncle Silas,1947,/eZUIGvYJElZbbQ8JSUFbBENocws.jpg,,0.0,0,500,750,1
257275,The Night Comes Too Soon,1948,/5cbhJNkBnonH6qJQgMDyc2qf0Eb.jpg,en,3.334,1,500,750,1
257275,The Night Comes Too Soon,1948,/o6fjBFJ4SVonfHMcH6cZnEUhtkq.jpg,en,0.166,1,960,1440,0
257275,The Night Comes Too Soon,1948,/rweShW7qbgcYzrCFgLMTlWoBjFp.jpg,en,0.166,1,500,750,0
1167306,A Maid's Bitter Story,1949,/xTxKg3LF8lDATEj1EIQXVXAterh.jpg,en,0.0,0,1179,1768,1
328939,Cheerleader Camp 2 the Death,2023,/pfvC8rWfo2disdbV6PpdEAwSCm4.jpg,en,3.334,1,667,1000,1
328939,Cheerleader Camp 2 the Death,2023,/ka2rXpuvPURcLmc0pYLIXOI63pY.jpg,en,0.166,1,500,750,0
328939,Cheerleader Camp 2 the Death,2023,/sbrOnyatrFN11VO0EDWtsbYakni.jpg,en,0.0,0,700,1000,0
328939,Cheerleader Camp 2 the Death,2023,/tbh13oaArRA186ba0FAAYpIrXxl.jpg,en,0.0,0,500,750,0
328939,Cheerleader Camp 2 the Death,2023,/1QHvGdnH86XQgd40NuTKvwvzaTD.jpg,en,0.0,0,500,750,0
1037355,Wickedly Evil,2023,/qQoDIwscVbS5ea99nvcxHI7vdF8.jpg,en,3.334,1,1350,2025,1
1037355,Wickedly Evil,2023,/evspW8hqJlsdm766YLiIphocvQh.jpg,en,0.0,0,1350,2000,0
1037355,Wickedly Evil,2023,/uYYkiF4XknoYlhQl7iUXs3S3M88.jpg,en,0.0,0,1000,1500,0
1079725,5G: The Reckoning,2023,/2Vo6gIzZ9Lbh7UshNYiRiCzhG3R.jpg,en,0.0,0,500,750,1
1451359,Heavily Pregnant Susan,2025,/ouDzi7K4CJSPFR7klhdfQElziDr.jpg,,0.0,0,1587,2245,1
1466771,Welcome To Fredbear's,2025,/eqDiQr5Oso9FuE6rrTRijsbEBil.jpg,,0.0,1,987,1500,1
1498452,Edmonton To Milan,2025,/IaPwL5ur1XDJ66aVJYOD07HZBL.jpg,en,0.0,0,710,1065,1
1505601,Blair's Craft Projects,2024,/1rT3ByUpBHvXdWMvIaiRIc6DV03.jpg,,3.334,1,900,1350,1
1505601,Blair's Craft Projects,2024,/qSidLnWuHWmPksFuvpmCpvDasb9.jpg,,0.166,1,900,1350,0
1535311,spectre girl tries stand up,2025,/gf37nv7jD0wTZLCn5pOqfzrKzme.jpg,en,0.0,0,506,760,1
1577501,The Long Walk Back to the Bed,2025,/rByzoxElBCMXHxn3jdACMnnnjTH.jpg,,0.0,0,1000,1500,1
1577501,The Long Walk Back to the Bed,2025,/jVfk5oRgGHIvVPeQtArxBhoLnPL.jpg,,0.0,0,1000,1500,0
1588271,Phyllis,2023,/e9iWGP7H8RotarTT47CEg87WpIG.jpg,en,0.0,0,528,793,1
1588271,Phyllis,2023,/y1MR9v2WEyd57SgvSF5cx5KjdW9.jpg,en,0.0,0,500,750,0
1594713,The BirdMan,2023,/6Q92uwbJlA1dwdmjCQsH2nApUOB.jpg,,0.0,0,1027,1376,1
1608753,Crisis Actress,2023,/b46BXsdp8XRPeKAosHHSX792khI.jpg,en,0.0,0,2000,3000,1
1638821,Asphalt Inferno,2024,/2oQtrZUc51grwFdXASNsbghWc26.jpg,,0.0,0,1000,1500,1
1244525,Deathkeeper,2026,/2yzSBxg93wPgNPJFZXr4MZ9fdDw.jpg,,0.0,0,601,900,1
1424947,By the Throat,2026,/94LEtDFFr0PgcP5MJYrhLJnD6FT.jpg,,3.334,1,1000,1488,0
1424947,By the Throat,2026,/gogMju5zzVINnuMCiDPbutYPMWr.jpg,en,0.0,0,688,1024,1
1453542,The Ghost Story.,2026,/vindgdsxQIxnAgjEKDIIw9nBsiT.jpg,en,0.0,0,2000,3000,1
1651814,the things id do to you,2026,/b3y5llqGeMZn6fO0XNs0w4PFiY7.jpg,en,0.0,0,600,800,1
1676162,Who Are You,2026,/m0jiJTcsEem5L1YHYIbYRwdpxtv.jpg,,0.0,0,0,0,1
1681289,BREATHE,2026,/nECL5SPSqafT97ksU4a38imULmr.jpg,,0.0,0,2000,3000,1
1681289,BREATHE,2026,/kOarl6QPALJmB3nwiYhl8ajBHOl.jpg,,0.0,0,2000,3000,0
1681289,BREATHE,2026,/npgOe63HA7ih3R9lJLYzJDhD2lX.jpg,,0.0,0,2000,3000,0
1681289,BREATHE,2026,/nYY8D6Zkho4RgFy25mEVGncnpBg.jpg,,0.0,0,2000,3000,0
1712166,PRETTY KIND,2026,/2Xy31H397Tv7O8Vm601TtZysFL3.jpg,,0.0,0,0,0,1
29899,Claustrophobia,2003,/3vUeGjpPrEbllgm1EK68Y5hJNf4.jpg,,0.0,0,700,1000,0
29899,Claustrophobia,2003,/gNyLGFOTMvRwbGkrLuFiLAAfHhD.jpg,,0.0,0,500,750,1
30030,Eyes Are Upon You,1997,/4nsQ3qGeP6xCllI2RDQBPstdtdP.jpg,en,0.0,0,812,1218,1
69142,The Wrath,2008,/i58d2YSlyrN8yWjncS3UQEqZSCm.jpg,en,3.334,1,1000,1416,1
69142,The Wrath,2008,/oeohKveamqYsnjqC5wn0aIXI4hT.jpg,en,3.334,1,500,750,0
69142,The Wrath,2008,/ciVxIxEBWr14uNl5nLbjKux8QSj.jpg,en,3.334,1,529,750,0
69142,The Wrath,2008,/gp2Zfza1j955qUU6iyDDdDsJk1H.jpg,en,0.166,1,500,750,0
80528,The Darkening,1995,/wicP7cM37z3uhNdV5SwoPBZfib6.jpg,en,3.334,1,1000,1500,1
83833,Nostrum,2010,/y33jBhkZAX8hw5WYwze44WCT2CE.jpg,,0.0,0,1000,1500,1
125294,Rough Draft,1998,/eYgvetyNQK3paZqZ1UvPjbvRuHy.jpg,en,3.334,2,1000,1500,1
125294,Rough Draft,1998,/w46brjapQYaZon6GHtiVeehmJ4T.jpg,en,3.334,2,1000,1500,0
144839,Evil Stalks This House,1981,/e79AoyQhHzuzFR4yPY5ewQqhAFp.jpg,en,3.334,1,1015,1522,1
144839,Evil Stalks This House,1981,/62F7aEOKyqmfkDtG4fN9YZasGsY.jpg,en,0.0,0,500,750,0
219961,Sonata,2004,/A1C6UkDJudXNeTRjB33J9iJASQg.jpg,,0.0,0,0,0,1
223281,The Unspeakable,1996,/k3QdOgPjhJsjbd4xjM96gGzPcxr.jpg,,0.0,0,1000,1500,0
223281,The Unspeakable,1996,/ApCMWR2jg45lZTGMjN2JIpIwePj.jpg,en,0.0,0,634,857,1
250788,Savage Encounter,1980,/fyHhjGJkTYCIIoRFM1v0YvuW50Q.jpg,en,0.0,0,500,750,1
250788,Savage Encounter,1980,/4Y2Kmg6NLLy4KX9egc5D4Zb2O5I.jpg,en,0.0,0,500,750,0
258726,School of Fear,1989,/cdyvTnRAOxVbQfRtV7pT6rhzHkK.jpg,en,3.334,2,1000,1500,1
258726,School of Fear,1989,/e0p03Vy5V76xkFUCGnTTCzRm3Dy.jpg,en,1.75,2,542,813,0
258726,School of Fear,1989,/4i7VaKbVaZImYmokFSD05KQTo1v.jpg,en,0.166,1,542,813,0
259828,Bloodless,2014,/474HmunD3keIwtapMuRdTKB2pPF.jpg,,0.0,0,638,900,1
265321,A Shred Of Mist,2014,/1cy71eeNjdhbTZSVkOa24fsAHyQ.jpg,,0.0,0,702,1000,1
289476,Kill Me Tomorrow,2000,/dnLLx5mJ536VEH6YgnFUNAlyJiP.jpg,,0.0,0,0,0,1
294488,Maniac Too!,2013,/uwWcnJvOi3e6y3n1kv6pt0GP9lQ.jpg,,0.0,0,700,1037,1
302038,An Erotic Tale of Ms. Dracula,2014,/fGfx64kW8Nf4yoav4xUZVTxlVUu.jpg,en,3.334,2,1706,2560,0
302038,An Erotic Tale of Ms. Dracula,2014,/nBrYeXLAdqlH30CO2VpMTXgXeTk.jpg,en,3.334,1,696,1044,0
302038,An Erotic Tale of Ms. Dracula,2014,/rrZ4NBhe9auBM4FB02t51koz4Xq.jpg,en,3.334,1,667,1000,1
302512,Awaken the Devil,2015,/uducCd6iOb5eBaQm18ouZ6aRlmM.jpg,,0.0,0,672,1000,1
321768,Captive,2014,/fJByYakjLIt9X2pQJtRDqStkMmQ.jpg,,0.0,0,1487,2231,1
321768,Captive,2014,/Amqdt4zL6wt5StJNxR4blfyMFu8.jpg,,0.0,0,853,1280,0
336107,Meat the Jones,2013,/rOVg9nIwjwcfNqEdGrfN331D8XT.jpg,en,3.334,1,1200,1600,1
336107,Meat the Jones,2013,/yM9rE61bN2kEFTirMyQTdFw0Efn.jpg,,0.0,0,534,750,0
362807,Paranoid,2000,/cM7MXLsK2wCBPOaS0Kx4lGF3GwO.jpg,en,3.334,1,676,960,1
379100,M is for Merry Christmas,2013,/dQED4TeHOkZ5MXV7ipMRkqkssYO.jpg,en,0.0,0,667,1000,1
379100,M is for Merry Christmas,2013,/2UyzD2h6buxQeYGcmOZS1RfyXFS.jpg,en,0.0,0,667,1000,0
382052,Not Alone,2015,/6WJGrYga0zshLeu5QkZ5r4EJadm.jpg,en,3.334,1,2000,3000,1
382052,Not Alone,2015,/zGjhBa7e8CJ9ICIb1OWAM58TfkE.jpg,en,0.0,0,500,750,0
406582,Delirium,2015,/pTRhNMh7ndYFVfG4Qhjqgu7WDqb.jpg,en,3.334,1,500,750,1
415852,Heartland of Darkness,1989,/luXFqlhYSqsF7nihfEd3Uw4olf7.jpg,en,3.334,1,1480,2220,0
415852,Heartland of Darkness,1989,/zlIa027GbOplbDef65B8dqRKowy.jpg,en,3.334,1,525,750,1
415852,Heartland of Darkness,1989,/vWDCeN9dZmGGhpWQAoUv8h28s4u.jpg,en,0.0,0,1500,2000,0
415852,Heartland of Darkness,1989,/rwxhhNwTiMqBKQjpc6ymQz65hBm.jpg,,0.0,0,1251,1795,0
415852,Heartland of Darkness,1989,/5c2oIbIoBH8JRb5JFvL2ZQ4Kw1z.jpg,,0.0,0,1198,1717,0
415852,Heartland of Darkness,1989,/kiH6r86JygoqfqcqsBm2y1VsZHx.jpg,en,0.0,0,1000,1333,0
415852,Heartland of Darkness,1989,/mqh80G0R1YtO7BBmcOT4ntHjMkL.jpg,en,0.0,0,780,1161,0
424078,Spirits,2014,/22aTJitI74odsnxVr9uIsuuA55V.jpg,en,0.0,0,1488,2231,1
502613,M Is for Manure,2013,/7EzEoCRIFNVDwpWRt18xVg1sxrm.jpg,en,0.0,0,682,1024,1
502613,M Is for Manure,2013,/xJvx567uXfSpLsRfb3Yhtuueh5V.jpg,en,0.0,0,682,1024,0
531393,Reindeer Games,1996,/39owLICTyBVgXqwkruapLT6tStr.jpg,,0.0,0,500,750,1
708706,Feed Your Head! Lose Your Head!,2020,/3OQ7PgAkum1AxqZfLjjhbvSVDas.jpg,,0.0,0,1025,1537,1
725842,Старуха 2,2019,/aFUssdPtU1BNWammo8bf1RSUBr9.jpg,en,0.0,0,828,1242,1
730407,Bohemian Moon,1999,/tD3lKQ9lk17uON5WS2hDYuo2ijl.jpg,,0.0,0,500,750,1
744388,Verdict,2018,/b6fsNVSNzdAcLbnuVFdX4GVuV9A.jpg,,0.0,0,533,800,1
757709,M is for Mermaid,2013,/xJvx567uXfSpLsRfb3Yhtuueh5V.jpg,en,0.0,0,682,1024,1
757709,M is for Mermaid,2013,/7EzEoCRIFNVDwpWRt18xVg1sxrm.jpg,en,0.0,0,682,1024,0
922848,Deadly Doula,2022,/saZ1NgVXiPveHFiMQmpTCFCoD1M.jpg,en,3.334,1,1175,1763,1
922848,Deadly Doula,2022,/5Q1Nq658LxtTcqRKgDMOixX02WS.jpg,en,0.166,1,2000,3000,0
922848,Deadly Doula,2022,/9wNed1uSDPqL3yG8CFr6TRZWMgE.jpg,en,0.166,1,1013,1500,0
956056,Memento Mori,2008,/xgcm023crvd1KVP0rIbGYlYa37N.jpg,en,0.0,0,1476,2197,1
1038887,Paws,2022,/vk5pdAd8jrebSz31RYkpmOgJj0e.jpg,en,0.0,0,1333,2000,1
1042644,Chimera,2003,/aMCGMJ7LMdTa156VKCC8mAHQu8z.jpg,,0.0,0,1700,2550,1
1047662,Baobhan Sith,2017,/cXJapyK94iEAJUCTvZ8LZPMVaEI.jpg,,0.0,0,1000,1415,1
1048127,Lets fuck part 2,2022,/d24IitY2c7YPjlcLLD4AdrIER6k.jpg,en,3.334,1,2000,3000,1
1048127,Lets fuck part 2,2022,/xLqhBSrxRWCFgi7RIJ4HG2v2v1o.jpg,en,0.166,1,1666,2500,0
1048127,Lets fuck part 2,2022,/iYcK9UghFZUrEVbq1aCELALcXs7.jpg,en,0.166,1,1666,2500,0
1070867,The New Homeowner's Guide to Happiness,1987,/sPYvQyQpYWUSEFLEyOKobr9xboK.jpg,,0.0,0,1280,1920,1
1072680,Mark,1994,/wp7VRPV3ej1lCu7FG513IOZTucx.jpg,,3.334,1,500,750,1
1073077,Mortified,2013,/m4FB5rpouG1CynwTH4WNX1nJv1w.jpg,,0.0,0,1208,1798,1
1156820,Meat's Meat... And Man's Gotta Eat,1990,/j6qVsEvsrpkkfdqem305Ssew727.jpg,,3.334,1,1000,1500,1
1156820,Meat's Meat... And Man's Gotta Eat,1990,/77Mk88px0IbCQefe9JqY4l4say7.jpg,,3.334,1,1000,1500,0
1156834,The Smell of Death,1991,/j6qVsEvsrpkkfdqem305Ssew727.jpg,,3.334,1,1000,1500,1
1160134,Strange Stories,1953,/jAWQfvRiAW5z3tH3dxC4RzdMb0F.jpg,en,0.0,0,640,853,1
1236920,Blood Fear,2022,/v8jvq07ZOBIg8n3uhaCLsbzOwPk.jpg,,0.0,0,1400,2100,0
1236920,Blood Fear,2022,/kjxgu2fY0FBTd7uFqTksBsGm2zm.jpg,,0.0,0,500,750,1
1257204,Mary Magdalene,2017,/gpP2wGka0QmI1yjaRkYRkQuEBRp.jpg,en,3.334,1,707,1000,1
1289680,Horsey,2013,/8K1Pp2xpblUwcK9xuA81005dBJr.jpg,,0.0,0,0,0,1
1290214,Fantastic Features - Season Preview,1965,/7e3hE2s4BhAfpOr8wnMv67QkpT6.jpg,en,0.0,0,1156,1619,1
1356360,Upside Down Polaroid,2018,/CnDRprSy28X46biPcMWihCYGYY.jpg,en,3.334,1,586,879,1
1356360,Upside Down Polaroid,2018,/hT4CDNVTIcUHPfalwv2rCtgyg5i.jpg,,1.75,2,2000,3000,0
1356360,Upside Down Polaroid,2018,/sKh32tCcJh1SBCSFbG77lIgepW1.jpg,,0.166,1,806,1208,0
1356360,Upside Down Polaroid,2018,/s8UDqHejV8zYOEjeoKu8WHbDBt0.jpg,,0.0,0,586,879,0
1379372,Moving Out,2021,/9KqUuDOztKIqF8tcr8mm8lKOsbL.jpg,,0.0,0,1200,1800,1
1379718,Coming Attractions,2008,/82Dnb5naDkwh1oB9PHD066WiW0N.jpg,,0.0,0,500,750,1
1381878,The Day of Reckoning,1990,/3HaIA51A0Cbkch1QYedq6SeeUy8.jpg,,0.0,0,677,1016,1
1390997,Brayden's Adventures Nature Walk - Tackling Wainuiomata Hill,2019,/vHkRqQP7CklWocrJZeAYYPFZQ9g.jpg,,3.334,1,1587,2245,1
1395245,Gruesome,2007,/oTP9wq2OKG7l9vD4Sq6cRlcVE4o.jpg,en,0.0,0,1058,1500,1
1447316,Smoke Alarm,1990,/5Icj2Mx6gmVR4qmysAlIP8MXBud.jpg,en,0.0,1,500,750,1
1597529,Saint Lucy's Day,2020,/31Ifp8EbaFIOLqDrypPFgUcgU8x.jpg,,3.334,1,1080,1620,1
1611636,Goosebumps: Don't Wake Mummy,1997,/jrjuMtxEWtkm8rbqTDBVeNFJwjz.jpg,,0.0,0,1364,2046,0
1611636,Goosebumps: Don't Wake Mummy,1997,/9EU2G7YI02aZgdaM5HiXcXXomiH.jpg,en,0.0,0,806,1179,1
1684269,Jane Eyre,2020,/zQquz1QKnEH5MYbn4d6noobS40m.jpg,en,3.334,1,990,1458,1
1684269,Jane Eyre,2020,/7ZfzOc8lAA374mnctyMtDMrp3L.jpg,en,0.0,0,978,1461,0
1711077,Hiding in Plain Sight,2021,/gasSNSmnrUw51dNqDosYx8C2Yu6.jpg,en,0.0,0,1188,1582,1
1736276,Nasty,2015,/1mtGntTrrWL3EEg9VinfEqKMs6D.jpg,,0.0,0,0,0,1
1736717,Back from the Dead,2008,/cGXAVl4a6efuIzackPaLLBtiMef.jpg,,0.0,0,0,0,1
618128,Scavenger Hunt,9999,/fCoG2xrGz4KdxeINmKptoH2CPfJ.jpg,,0.0,0,1936,2940,1
1602352,Malevolent,9999,/pcdVTwbXkOtUhk62I4ppCHJFzhl.jpg,,0.0,0,1588,2245,1
1708678,The Not-So-Grim Reaper,2001,/9usj1P8daLsdTmXY5xkUjkmWvBd.jpg,,0.0,0,1024,1536,1
64623,Vendetta,1993,/3kL2yacKNzPZ6IrxFI8dHJqu6lx.jpg,,0.0,0,0,0,1
72654,Parents,2007,/xxI1XYYXrzTRaTaog1tjE7scC6J.jpg,en,3.334,1,700,1050,1
72654,Parents,2007,/6cSYVV21o7T1iMclovdKqnLqy2d.jpg,,0.0,0,1280,1920,0
74650,Fantasmi,2014,/vKMfMV1vPsRTiM4YQk603rMTdMh.jpg,,0.0,0,500,750,0
74650,Fantasmi,2014,/8ykbl5Ax5LRg5UjJu2vlmngXjmg.jpg,en,0.0,0,500,750,1
76659,Beautiful Swordswomen: Double Seppuku,1990,/nVYUiszbH7MvhD3pHPnkKbUKtfS.jpg,,3.334,1,608,906,1
76659,Beautiful Swordswomen: Double Seppuku,1990,/bLXl3iBAUoDAVK7z3m8kXd7AAye.jpg,,0.0,0,500,750,0
82828,Melancholia,2004,/vmXW0lTUEkjpLdOuzZ06kyTca4T.jpg,,0.0,0,0,0,1
92312,Django the Bastard,1969,/gtzylsOLaSkMGZDBiFb5PGbrT9A.jpg,en,3.334,2,1000,1500,1
92312,Django the Bastard,1969,/kCLooHddDxzBnNPfYnJzzeAa560.jpg,en,3.334,2,1000,1500,0
92312,Django the Bastard,1969,/lM9kTdGGSOTkSIHLbXX0SeZRQGr.jpg,en,3.334,1,1029,1544,0
92312,Django the Bastard,1969,/mEgACOh9FGP9g9XoAp8T4kYVK96.jpg,en,3.334,1,1000,1426,0
92312,Django the Bastard,1969,/t3BEghEMWpCYuvNxVJc0QPXjqGa.jpg,en,0.166,1,666,1000,0
92312,Django the Bastard,1969,/276F8pKHZ9lapLpYf3cIDoR74rh.jpg,en,0.0,0,1228,1843,0
100467,The Hand That Feeds the Dead,1974,/wijtfpys0hHRi9ZGSYh7T3aJxCt.jpg,en,3.334,1,610,915,1
100467,The Hand That Feeds the Dead,1974,/xoE8nwmet7eQMQRTZ2rRJQmMJ86.jpg,en,1.75,2,1014,1522,0
101730,Henge,2011,/6lWQjl6cQwBT8lF0a5g52S6n2lb.jpg,,0.0,0,1200,1600,0
101730,Henge,2011,/g1273UI7b05AxfIifNoW17oX5cf.jpg,en,0.0,0,525,750,1
109707,Flora,1989,/mgHbHHaclA8YfPvQBi6wRb8q1EY.jpg,en,3.334,2,550,825,1
109707,Flora,1989,/j6mXoaE3s3ky1kldjBVnnz6gZac.jpg,,2.542,4,671,1007,0
109707,Flora,1989,/viCVRUXEeSh3Xa9nwamgNTRynxQ.jpg,en,1.222,3,1000,1500,0
109707,Flora,1989,/3YDHzKDQCOhZD0zmkl9WgbStNM4.jpg,,1.222,3,550,825,0
109707,Flora,1989,/jgofwLTLMVt2Xp4aPSqly7Nnmm6.jpg,en,0.166,3,1000,1416,0
109707,Flora,1989,/72Ar0zVpEJ8EZ2orSCHJiVRb3mO.jpg,en,0.0,0,1000,1500,0
110772,Stille Nacht IV: Can't Go Wrong Without You,1993,/cgQCJZaVoeCkdt13eh9ot8acZqd.jpg,,0.0,0,500,750,0
110772,Stille Nacht IV: Can't Go Wrong Without You,1993,/furozn9qtWgCrXHcywYGXHgeTuc.jpg,en,0.0,0,500,750,1
110772,Stille Nacht IV: Can't Go Wrong Without You,1993,/1CHe4IOSHYoZzb7oV7eh4lVUH1x.jpg,,0.0,0,500,750,0
131575,Fear Has 1000 Eyes,1970,/vwz6fTY8YFkouYjeTMJY9l4pEwq.jpg,en,3.334,1,800,1200,1
131575,Fear Has 1000 Eyes,1970,/z3lzHWlGRs5pD3qgDlIDtFAMojH.jpg,en,1.75,2,684,1019,0
131815,The Sea Serpent,1985,/u04cvzPQTmz60zxTbXFCgPH3ncO.jpg,en,3.334,1,500,750,1
192252,The Princess and Toxicant,1977,/es37DEHY8Kx6SxXZrwGdhnKvVLe.jpg,en,3.334,1,780,1170,1
192573,Zapatlela,1993,/w4GMCJhPbrJN681t6UiaoQgsxo7.jpg,,0.0,0,0,0,1
200377,The Evolution of Snuff,1978,/8o6H3httwOtAWQPOIXHm9qUKKbd.jpg,,0.0,0,540,810,1
217903,El virus del poder,1988,/wnx0OxIJiWfChDJ2GuGsKqk4RWS.jpg,,0.0,0,0,0,1
227433,Hong-Do Mirror,1985,/tFyHHxAMmwA76jTb9YRQoocFRmw.jpg,,0.0,0,1920,2560,1
227433,Hong-Do Mirror,1985,/kOUieBvzEb10n6nFA4HjfZ6WZag.jpg,,0.0,0,812,1200,0
250172,Martyris,2010,/xBJo7IqWXlStHudpHTFXlSsZG5s.jpg,,0.0,0,901,1200,1
272100,Supernatural,1982,/zlIocb3R6e0DwXucHNMhHEBThrS.jpg,en,3.334,1,800,1200,1
272100,Supernatural,1982,/jCMZ4RfPmZYCjdanXNxRwDCdYbi.jpg,en,1.75,2,1497,2245,0
272100,Supernatural,1982,/53KU5vgHQtjh5xwFqbRmDUVZYqj.jpg,en,1.75,2,1000,1500,0
272100,Supernatural,1982,/u56mJuKMXK9adQYv1PxZlo8r1mi.jpg,en,1.75,2,815,1224,0
272100,Supernatural,1982,/qKQ5i3uzBQpy9dWfx6gWV29XA48.jpg,en,0.166,1,700,1051,0
280928,A Chilling Cosplay,2013,/o9ROr30gNeL8dRWZSMwyvR9SWw7.jpg,,0.0,0,680,1000,1
286681,Vayanadan Thampan,1978,/342UTLrU2GF2gCkDGfBKbj5R6Hn.jpg,,0.0,0,0,0,1
299637,Masseur’s Curse,1970,/3KKesffizAlw4IavqAeXshaorzE.jpg,,0.0,0,1280,1920,0
299637,Masseur’s Curse,1970,/pH2r170zmYOajkLOHNEuPL6wmVP.jpg,en,0.0,0,1000,1500,1
300817,Graves & Bones,2014,/cXnLR3frbI1ZrEuy2j7Ub7xic0.jpg,en,0.0,0,1920,2880,1
347438,Kamara Kattu,2015,/jOrmemeTahRUISXsif2eq4LJUAB.jpg,,0.0,0,500,750,1
354386,Turnover,2014,/yioVDzmwml47SVywSjUZRlpElt4.jpg,,0.0,0,1000,1500,1
366071,Enchiridion,2012,/g4vuzLgXCsQkv81NSuIZGtj3msf.jpg,,0.0,0,780,1111,1
373027,Geheimnisvolle Freundinnen,2003,/fRSAhijgMYl8xnYgfEuvkVicVx2.jpg,,0.0,0,0,0,1
404713,Downhill,2016,/mhEzwO6HbYwifOoqe5NUIx2YmAT.jpg,en,3.334,1,2000,3000,1
410464,Wild Things,1982,/5H9I7AXKoUTiK3IADV1R83cRqrh.jpg,,0.0,0,0,0,1
412998,Mo,2016,/cY71cdcxk3GWIFrRDnEkUt9ysX6.jpg,,0.0,0,799,1200,1
419018,Pearlies,2016,/4yjDIsPfyCmCgErrl4fn9RnJz9u.jpg,,0.0,0,1000,1500,1
477115,Rasathi Varum Naal,1991,/5Sfaq4pa2KjUZUXg5Fk4h7TFAjX.jpg,,0.0,0,1000,1500,1
527782,Mushroom,2001,/gyueC9h9dkPCmSu5uI9JUcqyrMR.jpg,,3.334,1,500,750,1
561466,Veendum Lisa,1987,/zbQxMuDTRGAa9ZSMMXAx0jJA6ot.jpg,,0.0,0,554,750,1
564394,Crypto (Animated Short),2018,/lRdBbwJu6LY5FXP9RdvcNaYyvUU.jpg,,0.166,1,800,1200,1
638544,The Vault,2015,/5T1H07gcu8o1SOwMpjD3HBOTWfo.jpg,,0.0,0,658,987,0
638544,The Vault,2015,/vmonhc4ZU1hvfE3MJcTyYSCCPnv.jpg,,0.0,0,500,750,1
678697,Ghosts Who Love Too Much,1987,/kh869R9LSbjqeMTnNyeMlprJjtz.jpg,,0.0,0,604,906,1
705912,Bottled Vulva: High School Girl Yuriko,1998,/xRARFRFPdYAr0Gi74p63XM8iRxe.jpg,,0.0,0,0,0,1
709903,Kinder der Nacht 2,2002,/6KUFFnC1jY6HGgSulf9Oey8c6iQ.jpg,,0.0,0,0,0,1
731799,The Kiss of Death: Creepy Tales,1991,/qwFwZhW93sgMQJMQOpHaq1auq6Z.jpg,,0.0,0,763,1144,1
757686,Tupilak,2001,/kf0nFy4A8gbCluX7E99CkRdYmgZ.jpg,,0.0,0,528,750,1
865502,All Catacombs Are Grey,2013,/cEvFyCq2YFThAhyIksD7WXu05pv.jpg,,0.0,0,500,752,1
887751,Der Wolf und die 7 Geißlein,2021,/AapMK1JYU6Z2xOREXU6TD0T7Qep.jpg,,0.0,0,0,0,1
928529,Kappa no Sanpei: Ghost Operation,1968,/uT8TsRBOQoNbdVC0YOHCmmqRnz0.jpg,,0.0,0,1019,1444,0
928529,Kappa no Sanpei: Ghost Operation,1968,/qPCbxlTzlr4nTQSucldwVGzDOmd.jpg,,0.0,0,0,0,1
964250,Sheng Goes to Taiwan,1987,/55Dk0wvloNQEfn9jYTmOBCHKHXA.jpg,,0.0,0,600,876,1
1012007,Aspiralux,2002,/hfBwbxXahRgGe0NBDnlCg1v3QVP.jpg,,0.0,0,1000,1417,1
1012014,Terrore,2001,/nPoTpVrFttKBxK4AYD3UqYcBGC5.jpg,,3.334,1,1000,1413,1
1029452,Moliile,2022,/oNkdwov2yvrDki3RVhkdg7j1s7s.jpg,,3.334,1,720,1079,0
1029452,Moliile,2022,/oHPd4Tz2VCTVX68JRl6yU4UXvib.jpg,en,0.0,0,720,1079,1
1031127,Chariot,2021,/egTEVoKxnQYPhaqrAXNclTAf8kr.jpg,,0.0,0,750,1125,1
1032403,A Place Called Clayhill,2019,/2ZSQaX6qiK2jjfuFypcn1yO69ZB.jpg,,3.334,1,1365,2048,0
1032403,A Place Called Clayhill,2019,/bKiJbw2AD3i5Uem1qt7ZMuJgMaM.jpg,en,0.0,0,1365,2048,1
1437479,Remember To Enjoy The Light Before It’s Gone,2025,/6jqjHpk0LJB2Wb39kySanIyT9US.jpg,,3.334,1,1000,1500,0
1437479,Remember To Enjoy The Light Before It’s Gone,2025,/z557PoPFDFBRRquvbScwFkGEOEz.jpg,,3.334,1,1000,1500,0
1437479,Remember To Enjoy The Light Before It’s Gone,2025,/qMyHpiAC98mouKmkTROnDjlIBsx.jpg,,3.334,1,1000,1500,0
1437479,Remember To Enjoy The Light Before It’s Gone,2025,/iHWSekKhzCLKnOrwoaVzsKWeihk.jpg,en,2.278,3,1000,1500,1
1437479,Remember To Enjoy The Light Before It’s Gone,2025,/23QqbNuhDyWcBEe0HhNLs2Oc3YU.jpg,en,1.75,2,1000,1500,0
1437479,Remember To Enjoy The Light Before It’s Gone,2025,/dMhlG7FAFQNL4bNetxi1Ik9qPuE.jpg,,0.166,1,800,1200,0
1532507,"Shearling - May 24, 2025",2025,/mHDfo6OC2z6S0OqfCIabxZvQDSA.jpg,,3.334,1,1000,1500,1
1532507,"Shearling - May 24, 2025",2025,/oLqVa7J9XFVmGU5TDDSXE67kmaS.jpg,,0.0,1,854,1280,0
