title,type,year,id,slug,url,rails
1408,movie,2007,5d77682c8718ba001e312aee,1408,https://watch.plex.tv/movie/1408,Fan Favorites in Horror
28 años después: El templo de los huesos,movie,2026,66233b1bb07ed996b70874e5,28-years-later-the-bone-temple-2026,https://watch.plex.tv/movie/28-years-later-the-bone-temple-2026,Most Watchlisted This Week
Accursed,movie,2026,62665adc2f493ce0d4c7a26c,accursed-2026,https://watch.plex.tv/movie/accursed-2026,Recently Released in Horror
"Adolescencia, sexo y muerte en campamento Miasma",movie,2026,6780d7aa5d22e687d518cc07,teenage-sex-and-death-at-camp-miasma-2026,https://watch.plex.tv/movie/teenage-sex-and-death-at-camp-miasma-2026,Coming Soon in Horror
Alien Storm,movie,2026,63922398c531baff1a9e3f7e,alien-storm,https://watch.plex.tv/movie/alien-storm,Recently Released in Horror
Alien: Covenant,movie,2017,5d776988ad5437001f75fc38,alien-covenant,https://watch.plex.tv/movie/alien-covenant,Fan Favorites in Horror
Alta tensión,movie,2003,5d776834880197001ec93157,high-tension-2003,https://watch.plex.tv/movie/high-tension-2003,Available on Plex
Amanecer de los muertos,movie,2004,5d776d1523d5a3001f5201a7,dawn-of-the-dead-2004,https://watch.plex.tv/movie/dawn-of-the-dead-2004,Fan Favorites in Horror
American Psycho,movie,2000,5d7768295af944001f1f7477,american-psycho,https://watch.plex.tv/movie/american-psycho,Fan Favorites in Horror
Ash vs. Evil Dead,clip,2015,62046fce06b37970e13b2ac3,ash-vs-evil-dead,https://watch.plex.tv/show/ash-vs-evil-dead,Trending Horror Trailers
Ash vs. Evil Dead,show,2015,5d9c08522df347001e3af97f,ash-vs-evil-dead,https://watch.plex.tv/show/ash-vs-evil-dead,Trending in Horror|Most Watchlisted This Week|Available on Plex
Atrapados en el enjambre (Avispas),movie,2005,5d77686ae6d55c00204129b0,swarmed,https://watch.plex.tv/movie/swarmed,Surprise Me
Backrooms,clip,2026,69d102168c1f6132b1a03322,backrooms-2026,https://watch.plex.tv/movie/backrooms-2026,Trending Horror Trailers
Backrooms,movie,2026,63e28b6d774d2d504b6ff241,backrooms-2026,https://watch.plex.tv/movie/backrooms-2026,Trending in Horror|Most Watchlisted This Week
Backwater,movie,2013,5d776a54fb0d55001f5426a2,backwater,https://watch.plex.tv/movie/backwater,Surprise Me
Bad Biology,clip,2008,620b1a0d919ba2f3934c4414,bad-biology,https://watch.plex.tv/movie/bad-biology,Trending Horror Trailers
Bienvenidos a Zombieland,movie,2009,5d776845999c64001ec32304,zombieland,https://watch.plex.tv/movie/zombieland,Fan Favorites in Horror
Bleeding Hearts,movie,2015,5d776b55594b2b001e6d6d03,bleeding-hearts,https://watch.plex.tv/movie/bleeding-hearts,Surprise Me
Blood Thirst,movie,1971,5d77698c96b655001fdd1d3b,blood-thirst,https://watch.plex.tv/movie/blood-thirst,Surprise Me
Buddy,clip,2026,6a4ff1d41726f782b4787c81,buddy-2026,https://watch.plex.tv/movie/buddy-2026,Trending Horror Trailers
Buddy,movie,2026,6854ddbf96ab065c716a44fa,buddy-2026,https://watch.plex.tv/movie/buddy-2026,Coming Soon in Horror
Bunni,movie,2013,5d776c2e7a53e9001e73be65,bunni,https://watch.plex.tv/movie/bunni,Surprise Me
Bunnyman Vengeance,movie,2017,5d776d71fb0d55001f5a071a,bunnyman-vengeance,https://watch.plex.tv/movie/bunnyman-vengeance,Trending in Horror
Burning Dead,movie,2004,5d7768e496b655001fdc4839,burning-dead,https://watch.plex.tv/movie/burning-dead,Surprise Me
Calle Cloverfield 10,movie,2016,5d776b8e96b655001fe14e31,10-cloverfield-lane,https://watch.plex.tv/movie/10-cloverfield-lane,Fan Favorites in Horror
Christmas Craft Fair Massacre,movie,2022,62f691ba58b22c5612db823c,christmas-craft-fair-massacre-2022,https://watch.plex.tv/movie/christmas-craft-fair-massacre-2022,Surprise Me
Clayface,clip,2026,6a6146c374f4a7cfffb338df,clayface-2026,https://watch.plex.tv/movie/clayface-2026,Trending Horror Trailers
Clayface,movie,2026,675ae776faafd0b9a2683406,clayface-2026,https://watch.plex.tv/movie/clayface-2026,Coming Soon in Horror
Cold Case,movie,2021,5fa261a0a74821002d95f2e9,cold-case-2021,https://watch.plex.tv/movie/cold-case-2021,Surprise Me
Condena De Muerte,movie,2017,5d776cbe594b2b001e6fc5c3,skinford-death-sentence-2017,https://watch.plex.tv/movie/skinford-death-sentence-2017,Trending in Horror
Cosecha sangrienta,movie,2025,635eb40aa38ebd42a0384453,clown-in-a-cornfield-2025,https://watch.plex.tv/movie/clown-in-a-cornfield-2025,Surprise Me
Criaturas de la noche,movie,2000,5d77682c8718ba001e3129f0,pitch-black,https://watch.plex.tv/movie/pitch-black,Fan Favorites in Horror
Cruel Hands,movie,2026,65c0046a9f5081a231dd6090,cruel-hands,https://watch.plex.tv/movie/cruel-hands,Recently Released in Horror
Crímenes del futuro,clip,2022,630e863d8b6c161de778a4c5,crimes-of-the-future-2022,https://watch.plex.tv/movie/crimes-of-the-future-2022,Trending Horror Trailers
Crímenes del futuro,movie,2022,607daa4a7ce89d0035219f6d,crimes-of-the-future-2022,https://watch.plex.tv/movie/crimes-of-the-future-2022,Most Watchlisted This Week
Cube,movie,1997,5d776825961905001eb90cc9,cube,https://watch.plex.tv/movie/cube,Available on Plex
Curse of the Sin Eater,movie,2024,64517fb0386b902115cd3506,curse-of-the-sin-eater,https://watch.plex.tv/movie/curse-of-the-sin-eater,Surprise Me
Dead Rising: Watchtower,movie,2015,5d776b26fb0d55001f55db01,dead-rising-watchtower,https://watch.plex.tv/movie/dead-rising-watchtower,Surprise Me
Dog Soldiers,clip,2002,620a4bad73c925517f0cc6ac,dog-soldiers,https://watch.plex.tv/movie/dog-soldiers,Trending Horror Trailers
Dread,movie,2026,6a5379a602446ca42c78d5dd,dread-2026-3,https://watch.plex.tv/movie/dread-2026-3,Recently Released in Horror
Drácula de Bram Stoker,movie,1992,5d776830961905001eb92f31,bram-stokers-dracula,https://watch.plex.tv/movie/bram-stokers-dracula,Fan Favorites in Horror
Dulce sabor a muerte,clip,2026,6a1d06877544fd0bbd7b679f,ice-cream-man-2026,https://watch.plex.tv/movie/ice-cream-man-2026,Trending Horror Trailers
Déjame entrar,movie,2010,5d776875fb0d55001f510da7,let-me-in,https://watch.plex.tv/movie/let-me-in,Available on Plex
Déjame entrar,movie,2008,5d77683a999c64001ec304b4,let-the-right-one-in,https://watch.plex.tv/movie/let-the-right-one-in,Fan Favorites in Horror
Déjame salir,movie,2017,5d776c7b594b2b001e6f4c9c,get-out-2017,https://watch.plex.tv/movie/get-out-2017,Fan Favorites in Horror
Eden Lake,movie,2008,5d77683aeb5d26001f1e1d0b,eden-lake,https://watch.plex.tv/movie/eden-lake,Available on Plex
El cazador de sueños,movie,2003,5d7768302e80df001ebddbb6,dreamcatcher,https://watch.plex.tv/movie/dreamcatcher,Available on Plex
El Dentista 2,movie,1998,5d77686be6d55c0020412b31,the-dentist-2,https://watch.plex.tv/movie/the-dentist-2,Trending in Horror
El Hijo del Carpintero,clip,2025,68deddf3632b9d619c5b5b1a,the-carpenters-son-2025,https://watch.plex.tv/movie/the-carpenters-son-2025,Trending Horror Trailers
El hombre invisible,movie,2020,5d776b987a53e9001e72a749,the-invisible-man-2020,https://watch.plex.tv/movie/the-invisible-man-2020,Fan Favorites in Horror
El menú,movie,2022,5d7770d1b2739400200ea443,the-menu-2022,https://watch.plex.tv/movie/the-menu-2022,Fan Favorites in Horror
El nido,movie,2026,6947135935b71ae6755935ef,el-nido-2026,https://watch.plex.tv/movie/el-nido-2026,Coming Soon in Horror
El pasajero nocturno,clip,2026,69de65fd55921d658d00a1e5,passenger-2026,https://watch.plex.tv/movie/passenger-2026,Trending Horror Trailers
El pasajero nocturno,movie,2026,670d289e793d5e29967babce,passenger-2026,https://watch.plex.tv/movie/passenger-2026,Most Watchlisted This Week
El proyecto de la bruja de Blair,movie,1999,5d776d1796b655001fe3f323,the-blair-witch-project,https://watch.plex.tv/movie/the-blair-witch-project,Fan Favorites in Horror
El resplandor,movie,1980,5d7768287e9a3c0020c6ad28,the-shining,https://watch.plex.tv/movie/the-shining,Fan Favorites in Horror
El rito,movie,2011,5d77688661141d001fb1c93f,the-rite,https://watch.plex.tv/movie/the-rite,Available on Plex
El viento,movie,1986,5d77685d51dd69001fe0aea0,the-wind,https://watch.plex.tv/movie/the-wind,Surprise Me
El último escalón,movie,1999,5d9f34ff9dd5f4001e843183,stir-of-echoes,https://watch.plex.tv/movie/stir-of-echoes,Available on Plex
En mar abierto,clip,2026,69d10227de00d452fe7380a4,deep-water-2026,https://watch.plex.tv/movie/deep-water-2026,Trending Horror Trailers
Entrevista con el vampiro,movie,1994,5d7768276f4521001ea98f72,interview-with-the-vampire-the-vampire-chronicles,https://watch.plex.tv/movie/interview-with-the-vampire-the-vampire-chronicles,Fan Favorites in Horror
Escupiré sobre tu tumba,movie,2010,5d77687c7a53e9001e6d0766,i-spit-on-your-grave,https://watch.plex.tv/movie/i-spit-on-your-grave,Available on Plex
Evil Follows,movie,2026,69dc8cb3935ee6cb25dfb681,evil-follows-2026,https://watch.plex.tv/movie/evil-follows-2026,Recently Released in Horror
Expediente Warren,movie,2013,5d7769a5ad5437001f76365d,the-conjuring,https://watch.plex.tv/movie/the-conjuring,Fan Favorites in Horror
Familiar,movie,2012,5d7768fc96b655001fdc71f4,familiar,https://watch.plex.tv/movie/familiar,Trending in Horror
Farm House,movie,2026,68c6044289be7b0835c5c5f2,farm-house-2026,https://watch.plex.tv/movie/farm-house-2026,Recently Released in Horror
Flicker,movie,2026,6813a59868c977d61100d5f8,flicker-2026-3,https://watch.plex.tv/movie/flicker-2026-3,Recently Released in Horror
Frankenstein,movie,2025,5d776e1651dd69001fe48a6e,frankenstein-2025,https://watch.plex.tv/movie/frankenstein-2025,Most Watchlisted This Week|Fan Favorites in Horror
From,clip,2022,62049340cb79a6507cef9811,from,https://watch.plex.tv/show/from,Trending Horror Trailers
Godzilla Minus Zero,clip,2026,6a23675e2159425f20f1fd68,godzilla-minus-zero,https://watch.plex.tv/movie/godzilla-minus-zero,Trending Horror Trailers
Grace of God,movie,2026,68a5ec313d9cfe7e6e788e16,grace-of-god-2026,https://watch.plex.tv/movie/grace-of-god-2026,Recently Released in Horror
Green Room,movie,2016,5d776b5aad5437001f79c990,green-room,https://watch.plex.tv/movie/green-room,Available on Plex
Guardianes de la noche: Kimetsu no Yaiba La fortaleza infinita,clip,2025,689595ba1f89f4609e4fba69,demon-slayer-kimetsu-no-yaiba-infinity-castle-2025,https://watch.plex.tv/movie/demon-slayer-kimetsu-no-yaiba-infinity-castle-2025,Trending Horror Trailers
"Hannibal, el origen del mal",movie,2007,5d7768283c3c2a001fbcb8b4,hannibal-rising,https://watch.plex.tv/movie/hannibal-rising,Available on Plex
Hellraiser,movie,1987,5d776d1596b655001fe3ee6c,hellraiser-1987,https://watch.plex.tv/movie/hellraiser-1987,Available on Plex
Her Private Hell,movie,2026,680a28412172c8b03314bb7d,her-private-hell-2026,https://watch.plex.tv/movie/her-private-hell-2026,Recently Released in Horror
Hex vs. Witchcraft,movie,1980,5d7769c5594b2b001e6a9507,hex-vs-witchcraft,https://watch.plex.tv/movie/hex-vs-witchcraft,Surprise Me
Hokum,movie,2026,67a8bfbbc14f87b54f306104,hokum-2026,https://watch.plex.tv/movie/hokum-2026,Trending in Horror|Most Watchlisted This Week
Hombres-lobo del Tercer Reich,movie,2017,5d776d8cfb0d55001f5a377b,werewolves-of-the-third-reich,https://watch.plex.tv/movie/werewolves-of-the-third-reich,Surprise Me
Horns,clip,2013,620421c1c5e14fb1896ca990,horns,https://watch.plex.tv/movie/horns,Trending Horror Trailers
Horns,movie,2013,5d7769be51dd69001fe1b01c,horns,https://watch.plex.tv/movie/horns,Available on Plex
Hostel,movie,2006,5d77682aa091de001f2e6817,hostel,https://watch.plex.tv/movie/hostel,Available on Plex
Hostel 2,movie,2007,5d77682aa091de001f2e683a,hostel-part-ii,https://watch.plex.tv/movie/hostel-part-ii,Available on Plex
Insidious,movie,2010,5d7768883ab0e7001f503bc5,insidious,https://watch.plex.tv/movie/insidious,Most Watchlisted This Week
Insidious: Fuera del más allá,movie,2026,664a67911a3757fe2255246e,insidious-out-of-the-further-2026,https://watch.plex.tv/movie/insidious-out-of-the-further-2026,Coming Soon in Horror
Iron Lung: Océano de sangre,movie,2026,6447a325cc18a8f07a2c65aa,iron-lung-2026,https://watch.plex.tv/movie/iron-lung-2026,Most Watchlisted This Week
It (Eso),movie,2017,5d776bb5ad5437001f7a78b8,it-2017,https://watch.plex.tv/movie/it-2017,Fan Favorites in Horror
It Ends,clip,2025,6a62a5166b8481497bef1f65,it-ends-2025,https://watch.plex.tv/movie/it-ends-2025,Trending Horror Trailers
It Ends,movie,2025,679ffefd06cdece7e7d595c5,it-ends-2025,https://watch.plex.tv/movie/it-ends-2025,Most Watchlisted This Week
It Follows,clip,2014,620421a957753c02432a3665,it-follows,https://watch.plex.tv/movie/it-follows,Trending Horror Trailers
It Follows,movie,2014,5d776ad97a53e9001e7119e6,it-follows,https://watch.plex.tv/movie/it-follows,Trending in Horror|Most Watchlisted This Week|Available on Plex
It Hunts,movie,2026,66a026b77bee690ecea78d10,it-hunts,https://watch.plex.tv/movie/it-hunts,Recently Released in Horror
Juegos criminales,clip,2008,62042361c5e14fb1896ced1e,pathology,https://watch.plex.tv/movie/pathology,Trending Horror Trailers
Jugando con fuego,clip,1984,6204270dc5e14fb1896d661b,theyre-playing-with-fire,https://watch.plex.tv/movie/theyre-playing-with-fire,Trending Horror Trailers
Jurassic Shark,clip,2012,62042739133b2900559cb220,jurassic-shark,https://watch.plex.tv/movie/jurassic-shark,Trending Horror Trailers
Jóvenes y brujas,clip,1996,620422d178fdd6004828987e,the-craft,https://watch.plex.tv/movie/the-craft,Trending Horror Trailers
Jóvenes y brujas,movie,1996,5d776832999c64001ec2eb89,the-craft,https://watch.plex.tv/movie/the-craft,Trending in Horror|Most Watchlisted This Week|Available on Plex
Karma,movie,2018,5d77708f81ba41001faf3110,karma-2018,https://watch.plex.tv/movie/karma-2018,Trending in Horror
Kill Trip,movie,2026,67c46a73084d9cd308d2a510,kill-trip-2026,https://watch.plex.tv/movie/kill-trip-2026,Recently Released in Horror
Kingdom of the Vampire,movie,1991,5d77685c8718ba001e319c4e,kingdom-of-the-vampire,https://watch.plex.tv/movie/kingdom-of-the-vampire,Surprise Me
Km. 666 (Desvío al infierno),clip,2003,620426c4a3b69a47adbf952b,wrong-turn,https://watch.plex.tv/movie/wrong-turn,Trending Horror Trailers
Km. 666 (Desvío al infierno),movie,2003,5d7768348a7581001f12d446,wrong-turn,https://watch.plex.tv/movie/wrong-turn,Trending in Horror|Most Watchlisted This Week|Available on Plex
La bala de Dios,clip,2023,645dc10768d0b329d31767fb,god-is-a-bullet,https://watch.plex.tv/movie/god-is-a-bullet,Trending Horror Trailers
La Boca del Diablo,clip,2026,6a43150ef632ac52381ad5ce,the-devils-mouth,https://watch.plex.tv/movie/the-devils-mouth,Trending Horror Trailers
La Boca del Diablo,movie,2026,6825ed1bda725a9ba4ab81b5,the-devils-mouth,https://watch.plex.tv/movie/the-devils-mouth,Trending in Horror|Recently Released in Horror|Most Watchlisted This Week
La bruja,clip,2015,6204218f35c39fdd484f1938,the-witch-2015-1,https://watch.plex.tv/movie/the-witch-2015-1,Trending Horror Trailers
La bruja,movie,2015,5d776b54ad5437001f79bad5,the-witch-2015-1,https://watch.plex.tv/movie/the-witch-2015-1,Most Watchlisted This Week
La cabaña en el bosque,movie,2012,5d77684a85719b001f3a77d2,the-cabin-in-the-woods,https://watch.plex.tv/movie/the-cabin-in-the-woods,Fan Favorites in Horror
La cosa (El enigma de otro mundo),movie,1982,5d776828880197001ec910ee,the-thing,https://watch.plex.tv/movie/the-thing,Fan Favorites in Horror
La Hierba del Diablo,movie,2024,655e67771ba1c6ab1b206a20,la-hierba-del-diablo,https://watch.plex.tv/movie/la-hierba-del-diablo,Surprise Me
La invasión de los ultracuerpos,movie,1978,5d776837961905001eb949b6,invasion-of-the-body-snatchers,https://watch.plex.tv/movie/invasion-of-the-body-snatchers,Most Watchlisted This Week
La maldición de Widow's Bay,clip,2026,6973200e042f020a15cce44c,widows-bay,https://watch.plex.tv/show/widows-bay,Trending Horror Trailers
La matanza de Texas,movie,1974,5d77685c7a53e9001e6cdfae,the-texas-chain-saw-massacre-50th-anniversary,https://watch.plex.tv/movie/the-texas-chain-saw-massacre-50th-anniversary,Trending in Horror|Available on Plex
La matanza de Texas: La nueva generación,clip,1994,6204238954b4b97127ba0147,texas-chainsaw-massacre-the-next-generation,https://watch.plex.tv/movie/texas-chainsaw-massacre-the-next-generation,Trending Horror Trailers
La matanza de Texas: La nueva generación,movie,1994,5d77683f85719b001f3a58a0,texas-chainsaw-massacre-the-next-generation,https://watch.plex.tv/movie/texas-chainsaw-massacre-the-next-generation,Most Watchlisted This Week
La momia de Lee Cronin,movie,2026,666e8f86b54e01613b35bccf,lee-cronins-the-mummy,https://watch.plex.tv/movie/lee-cronins-the-mummy,Trending in Horror|Most Watchlisted This Week
La niebla,movie,2007,5d77682f7e9a3c0020c6bc7c,the-mist,https://watch.plex.tv/movie/the-mist,Trending in Horror|Most Watchlisted This Week
La niebla,movie,1980,5d776828961905001eb915ff,the-fog-1980,https://watch.plex.tv/movie/the-fog-1980,Available on Plex
La noche de Halloween,clip,1978,620422a8c5e14fb1896cccd6,halloween,https://watch.plex.tv/movie/halloween,Trending Horror Trailers
La noche de Halloween,movie,1978,5d77682854f42c001f8c2c48,halloween,https://watch.plex.tv/movie/halloween,Trending in Horror|Most Watchlisted This Week|Available on Plex
La noche de los muertos vivientes,movie,1968,5d77683585719b001f3a3946,night-of-the-living-dead,https://watch.plex.tv/movie/night-of-the-living-dead,Available on Plex
La otra madre,clip,2026,6a6022ab52294aa38435c4d2,other-mommy,https://watch.plex.tv/movie/other-mommy,Trending Horror Trailers
Las diabólicas,movie,1955,5d776d14ad5437001f7cc72c,diabolique-1955,https://watch.plex.tv/movie/diabolique-1955,Most Watchlisted This Week
Las Otras Almas,movie,2026,69cb662a572108b9a06b6c33,las-otras-almas,https://watch.plex.tv/movie/las-otras-almas,Coming Soon in Horror
Las Voces,clip,2014,620421ad78fdd60048286eb1,the-voices,https://watch.plex.tv/movie/the-voices,Trending Horror Trailers
Leprechaun. La noche del duende,clip,1992,62042210bc29336d9f3a1936,leprechaun,https://watch.plex.tv/movie/leprechaun,Trending Horror Trailers
Lethal Eviction,clip,2005,62042057133b2900559bc29b,lethal-eviction,https://watch.plex.tv/movie/lethal-eviction,Trending Horror Trailers
Leviticus,clip,2026,6a0b7a5d3de400c3270e39c0,leviticus-2026,https://watch.plex.tv/movie/leviticus-2026,Trending Horror Trailers
Leviticus,movie,2026,68fde9ecedee722917d6d7a1,leviticus-2026,https://watch.plex.tv/movie/leviticus-2026,Trending in Horror|Most Watchlisted This Week
Lizzie Borden's Revenge,clip,2013,6204e8bd11e78e922e71129e,lizzie-bordens-revenge,https://watch.plex.tv/movie/lizzie-bordens-revenge,Trending Horror Trailers
Lola,movie,2014,5d776b0996b655001fe01a64,lola-2014,https://watch.plex.tv/movie/lola-2014,Trending in Horror
Los días libres,movie,2026,69b2ab451bdc0de6214db0d4,the-days-off-2026,https://watch.plex.tv/movie/the-days-off-2026,Coming Soon in Horror
Los elegidos,clip,2013,620425bccddcf2b4c4d1f9e6,dark-skies,https://watch.plex.tv/movie/dark-skies,Trending Horror Trailers
Los elegidos,movie,2013,5d7769b351dd69001fe1a85f,dark-skies,https://watch.plex.tv/movie/dark-skies,Available on Plex
Los hijos del volcán,movie,1956,5d7768442e80df001ebe0257,rodan,https://watch.plex.tv/movie/rodan,Surprise Me
Los otros,movie,2001,5d776d1051dd69001fe3f9e5,the-others-2001,https://watch.plex.tv/movie/the-others-2001,Fan Favorites in Horror
Mala,movie,2026,67d70c4d492937e0ff288675,mala-2026,https://watch.plex.tv/movie/mala-2026,Recently Released in Horror
Maya,movie,1989,5d77703ab2739400200e6659,maya-1989,https://watch.plex.tv/movie/maya-1989,Surprise Me
Metamorphosis,movie,2019,5d7770b89ab54400215371e0,metamorphosis-2019-11,https://watch.plex.tv/movie/metamorphosis-2019-11,Surprise Me
Monstruoso,movie,2008,5d77683154c0f0001f302f67,cloverfield,https://watch.plex.tv/movie/cloverfield,Fan Favorites in Horror
Muertos de amor,show,2026,68a99a0a5dc043ed2c1846f4,spooky-in-love,https://watch.plex.tv/show/spooky-in-love,Recently Released in Horror
Nación Z,clip,2014,620473878e1ce7731318a4cf,z-nation,https://watch.plex.tv/show/z-nation,Trending Horror Trailers
Night of Blood,movie,2026,648398fe7ccd7f2307cedeb1,night-of-blood-2026,https://watch.plex.tv/movie/night-of-blood-2026,Recently Released in Horror
Noche de bodas,movie,2019,5d7770a9ad5437001f827d10,ready-or-not-2019,https://watch.plex.tv/movie/ready-or-not-2019,Fan Favorites in Horror
Noche de bodas 2,movie,2026,67154cdbfb5cda66a93ce8c1,ready-or-not-2-here-i-come,https://watch.plex.tv/movie/ready-or-not-2-here-i-come,Most Watchlisted This Week
Obsession,clip,2026,69b1cceb48ad9976ec58d222,obsession-2026,https://watch.plex.tv/movie/obsession-2026,Trending Horror Trailers
Obsession,movie,2026,6856893830a4aaafd5c4291d,obsession-2026,https://watch.plex.tv/movie/obsession-2026,Trending in Horror|Most Watchlisted This Week|Fan Favorites in Horror
"Odd Thomas, cazador de fantasmas",clip,2013,6204240635c39fdd484f8427,odd-thomas,https://watch.plex.tv/movie/odd-thomas,Trending Horror Trailers
Onslaught,clip,2026,6a685094ad450bc05c06d908,onslaught-2026,https://watch.plex.tv/movie/onslaught-2026,Trending Horror Trailers
Onslaught,movie,2026,6636e626cafd6d1e64c83e34,onslaught-2026,https://watch.plex.tv/movie/onslaught-2026,Coming Soon in Horror
Pandorum,clip,2009,620424bd8e4354a41ef8435a,pandorum,https://watch.plex.tv/movie/pandorum,Trending Horror Trailers
Para ti es el mundo,movie,2026,5f4075245a76a80042df51ec,para-ti-es-el-mundo,https://watch.plex.tv/movie/para-ti-es-el-mundo,Coming Soon in Horror
Paranormal Activity,movie,2007,5d77684c8a7581001f130023,paranormal-activity,https://watch.plex.tv/movie/paranormal-activity,Fan Favorites in Horror
Pesadilla en Elm Street,movie,1984,5d776d17594b2b001e7011d1,a-nightmare-on-elm-street-1984,https://watch.plex.tv/movie/a-nightmare-on-elm-street-1984,Fan Favorites in Horror
Pinocho esta Desquiciado,clip,2026,6a2aa35a353366b717d13964,pinocchio-unstrung,https://watch.plex.tv/movie/pinocchio-unstrung,Trending Horror Trailers
Piraña 3D,clip,2010,620421d84bcb5417f53e7be7,piranha-3d,https://watch.plex.tv/movie/piranha-3d,Trending Horror Trailers
Piraña 3D,movie,2010,5d77687b51dd69001fe0cf92,piranha-3d,https://watch.plex.tv/movie/piranha-3d,Available on Plex
Posesión infernal. En llamas,clip,2026,6a0ae44bc5cfd0ced040e4c7,evil-dead-burn,https://watch.plex.tv/movie/evil-dead-burn,Trending Horror Trailers
Posesión infernal. En llamas,movie,2026,65c258d1c2bbf6a01e0af8a5,evil-dead-burn,https://watch.plex.tv/movie/evil-dead-burn,Trending in Horror|Recently Released in Horror|Most Watchlisted This Week
Possessor,clip,2020,62042461efb506ae3522c848,possessor,https://watch.plex.tv/movie/possessor,Trending Horror Trailers
Possessor,movie,2020,5d776ca596b655001fe37084,possessor,https://watch.plex.tv/movie/possessor,Most Watchlisted This Week
Predator: La presa,movie,2022,5f409b43c63b480040eed75f,prey-2022-8,https://watch.plex.tv/movie/prey-2022-8,Fan Favorites in Horror
Presence,clip,2025,67246ce4b366385647378cd1,presence-2025,https://watch.plex.tv/movie/presence-2025,Trending Horror Trailers
Pretty Fine Things,movie,2016,5d77706f81ba41001faf03e3,pretty-fine-things,https://watch.plex.tv/movie/pretty-fine-things,Surprise Me
Ragebait,movie,2026,6813a524749005eb8806b6a6,ragebait,https://watch.plex.tv/movie/ragebait,Recently Released in Horror
Red Days,movie,2019,5ecfabc861eac00040b26618,red-days,https://watch.plex.tv/movie/red-days,Surprise Me
Reflejos,movie,2008,5d776cecfb0d55001f592bd7,mirrors-2008,https://watch.plex.tv/movie/mirrors-2008,Available on Plex
Resident Evil,clip,2026,6a62c9f754e2814781536ae5,resident-evil-2026,https://watch.plex.tv/movie/resident-evil-2026,Trending Horror Trailers
Resident Evil,movie,2026,67a23f4861078f9079534716,resident-evil-2026,https://watch.plex.tv/movie/resident-evil-2026,Most Watchlisted This Week|Coming Soon in Horror
Resurrection,movie,2011,5d7768a80ea56a001e2a888c,resurrection,https://watch.plex.tv/movie/resurrection,Surprise Me
"Saudó, laberinto de almas",movie,2016,5d776c64fb0d55001f586a18,saudo-laberinto-de-almas,https://watch.plex.tv/movie/saudo-laberinto-de-almas,Surprise Me
Scary Movie,clip,2026,69aae2ae99fc9abd0b9f8875,scary-movie-2026,https://watch.plex.tv/movie/scary-movie-2026,Trending Horror Trailers
SEND HELP (Enviad ayuda),movie,2026,5f40d5d81ae7100041216ea5,send-help-2026,https://watch.plex.tv/movie/send-help-2026,Most Watchlisted This Week
Sewer Gators,movie,2022,61f52b84043de88e611ebbc8,sewer-gators,https://watch.plex.tv/movie/sewer-gators,Surprise Me
Shark Frenzy,movie,2026,69de5a3f2e813be4a03c0406,shark-frenzy,https://watch.plex.tv/movie/shark-frenzy,Recently Released in Horror
Silencio (Hush),clip,2016,6205522ce1509182b646ecc0,hush-2016,https://watch.plex.tv/movie/hush-2016,Trending Horror Trailers
Sleepy Hollow (El Jinete sin Cabeza),movie,1999,5d77682b85719b001f3a1a7a,sleepy-hollow,https://watch.plex.tv/movie/sleepy-hollow,Fan Favorites in Horror
Smile in the dark,movie,2026,68c6037238abf280042fc64e,smile-in-the-dark,https://watch.plex.tv/movie/smile-in-the-dark,Coming Soon in Horror
Soulm8te,clip,2026,6a4f7e748ea528175f20c853,soulm8te-2026-1,https://watch.plex.tv/movie/soulm8te-2026-1,Trending Horror Trailers
Sunset Strip Killers,movie,2026,68630ea76c307e7651ccc680,sunset-strip-killers,https://watch.plex.tv/movie/sunset-strip-killers,Recently Released in Horror
Suspiria,movie,1977,5d7768387228e5001f1defd0,suspiria,https://watch.plex.tv/movie/suspiria,Available on Plex
Sé lo que hicisteis el último verano,movie,2025,5d776bbdfb0d55001f5713ad,i-know-what-you-did-last-summer-2025,https://watch.plex.tv/movie/i-know-what-you-did-last-summer-2025,Trending in Horror
Terrifier,clip,2016,633f41bc722646bf56520eed,terrifier-2016,https://watch.plex.tv/movie/terrifier-2016,Trending Horror Trailers
Terrifier,movie,2016,5d776c7e51dd69001fe3bf27,terrifier-2016,https://watch.plex.tv/movie/terrifier-2016,Trending in Horror|Available on Plex
The Awakening of the Beast,movie,1970,5d7768edad5437001f753040,the-awakening-of-the-beast,https://watch.plex.tv/movie/the-awakening-of-the-beast,Trending in Horror
The Caretaker,movie,2026,665d83bd722433b5035fc320,the-caretaker-2026,https://watch.plex.tv/movie/the-caretaker-2026,Recently Released in Horror
The Drowned,movie,2023,62d7d0c92b591c7dab824878,the-drowned-2023,https://watch.plex.tv/movie/the-drowned-2023,Surprise Me
The Girl We Let In,movie,2026,69c44e2a7671e7361b627aa4,the-girl-we-let-in,https://watch.plex.tv/movie/the-girl-we-let-in,Recently Released in Horror
The Green Monster,movie,2026,68a0305175e95c0ab432fb29,the-green-monster-2026,https://watch.plex.tv/movie/the-green-monster-2026,Recently Released in Horror
The Home,movie,2017,5d776cb1594b2b001e6fadc7,the-home,https://watch.plex.tv/movie/the-home,Trending in Horror
The Hoodoos,movie,2026,65f76980d37c2ab9b9881e39,the-hoodoos,https://watch.plex.tv/movie/the-hoodoos,Recently Released in Horror
The Leaching,movie,2026,658678e8a6817b5bf4aaed64,the-leaching-2026,https://watch.plex.tv/movie/the-leaching-2026,Recently Released in Horror
The Ouija Experiment,movie,2011,5d776a39ad5437001f7762d0,the-ouija-experiment,https://watch.plex.tv/movie/the-ouija-experiment,Surprise Me
The Shards,clip,2026,6a581fa574334e7b4fe17ef7,the-shards-1,https://watch.plex.tv/show/the-shards-1,Trending Horror Trailers
The Slumber Party Massacre,clip,1982,6204247a57753c02432a96bb,the-slumber-party-massacre,https://watch.plex.tv/movie/the-slumber-party-massacre,Trending Horror Trailers
The Trepidation: Deadest Night,movie,2026,69c44ec9628ab5bf5db09b6d,the-trepidation-deadest-night,https://watch.plex.tv/movie/the-trepidation-deadest-night,Recently Released in Horror
The Withering,movie,2026,68c60440f95873cf974720c3,the-withering-2026,https://watch.plex.tv/movie/the-withering-2026,Recently Released in Horror
The Witness,movie,2026,6a56223ff081a6f219705fb3,the-witness-2026-2,https://watch.plex.tv/movie/the-witness-2026-2,Recently Released in Horror
Thingy,movie,2026,66928832bb02d52ce03135bd,thingy,https://watch.plex.tv/movie/thingy,Recently Released in Horror
Time of Death,clip,2025,6a50ee60b21b3c9c362038f5,time-of-death-2025,https://watch.plex.tv/movie/time-of-death-2025,Trending Horror Trailers
Tomb of Torture,movie,1963,5d776aef96b655001fdfddc8,tomb-of-torture,https://watch.plex.tv/movie/tomb-of-torture,Trending in Horror
Tú eres el siguiente,movie,2011,5d7768cf9ab54400214ebba3,youre-next,https://watch.plex.tv/movie/youre-next,Trending in Horror|Available on Plex
"Uktena, the Horned Monstrosity",movie,2021,631a14b5ec4519623b66ddbb,uktena-the-horned-monstrosity-2021,https://watch.plex.tv/movie/uktena-the-horned-monstrosity-2021,Trending in Horror
Un lugar tranquilo 2,movie,2021,5d77704631d95e001f19d8a0,a-quiet-place-part-ii,https://watch.plex.tv/movie/a-quiet-place-part-ii,Fan Favorites in Horror
Under the Skin,clip,2013,620421cf62bd5ea2f9a7d6d1,under-the-skin,https://watch.plex.tv/movie/under-the-skin,Trending Horror Trailers
Undertone: Frecuencia maldita,movie,2026,67dd4b1d5e267cdf808eada4,undertone-2026,https://watch.plex.tv/movie/undertone-2026,Surprise Me
Vagina dentada,clip,2008,6204241835c39fdd484f8496,teeth,https://watch.plex.tv/movie/teeth,Trending Horror Trailers
Vagina dentada,movie,2008,5d776839880197001ec94464,teeth,https://watch.plex.tv/movie/teeth,Trending in Horror
Ven con papá,clip,2019,6204228130a0d8303016db4c,come-to-daddy,https://watch.plex.tv/movie/come-to-daddy,Trending Horror Trailers
Victorian Psycho,movie,2026,672c9c61e29ddef3c0478f22,victorian-psycho-2026,https://watch.plex.tv/movie/victorian-psycho-2026,Coming Soon in Horror
Viejos,movie,2023,601e63ae7792a6002ce4649e,the-elderly-2023,https://watch.plex.tv/movie/the-elderly-2023,Surprise Me
Voodoo Man,movie,1944,5d77685685719b001f3a975b,voodoo-man,https://watch.plex.tv/movie/voodoo-man,Surprise Me
Watchful Eyes,movie,2026,6546b2eab1b8766e924d98c7,watchful-eyes-2026,https://watch.plex.tv/movie/watchful-eyes-2026,Recently Released in Horror
Weapons,movie,2025,63dea40e697de1e45df3f50e,weapons-2025,https://watch.plex.tv/movie/weapons-2025,Most Watchlisted This Week
Werewolf Game: Crazy Fox,movie,2015,5d776cb7fb0d55001f590876,werewolf-game-crazy-fox-2015-1,https://watch.plex.tv/movie/werewolf-game-crazy-fox-2015-1,Trending in Horror
Witch,clip,2024,66209d9b069af3687381c89d,witch-2024,https://watch.plex.tv/movie/witch-2024,Trending Horror Trailers
Wolf Creek,movie,2005,5d776d10fb0d55001f596235,wolf-creek,https://watch.plex.tv/movie/wolf-creek,Available on Plex
Wormtown,movie,2025,65ca6838b322339913bdb311,wormtown-2025,https://watch.plex.tv/movie/wormtown-2025,Surprise Me
Wrong Side of Dead,movie,2026,5f40d839bf3e560040d7b5b4,wrong-side-of-dead,https://watch.plex.tv/movie/wrong-side-of-dead,Recently Released in Horror
Wrong Turn. Sendero al infierno,clip,2021,6204272d35c39fdd4850012d,wrong-turn-2021,https://watch.plex.tv/movie/wrong-turn-2021,Trending Horror Trailers
Wrong Turn. Sendero al infierno,movie,2021,5ddba9e760a97e001f5d095d,wrong-turn-2021,https://watch.plex.tv/movie/wrong-turn-2021,Trending in Horror|Most Watchlisted This Week
"Yo, Frankenstein",movie,2014,5d776908594b2b001e69b284,i-frankenstein,https://watch.plex.tv/movie/i-frankenstein,Available on Plex
Zona Cero,clip,2026,6a4592671309ac2a7cb3560c,colony-2026,https://watch.plex.tv/movie/colony-2026,Trending Horror Trailers
¡Nop!,movie,2022,5e16338fbc1372003ea68ab3,nope-2022,https://watch.plex.tv/movie/nope-2022,Fan Favorites in Horror
