id,title,year,stored_path,current_path,match,status
7178,Deadly Obsession,2012,/r9Sz38ZObbidwkjouJ4TBz4168x.jpg,,0,no_poster
22616,"Night of the Day of the Dawn of the Son of the Bride of the Return of the Revenge of the Terror of the Attack of the Evil, Mutant, Alien, Flesh Eating, Hellbound, Zombified Living Dead Part 2",1991,/31tmRWVLk1hEq3TLAH2Uq8XtkG2.jpg,,0,not_found
87331,Sumpa,2009,/kQo9u47FocFaOKiB56UOvjGjkTs.jpg,,0,no_poster
164337,Apaches,1977,/1gAZzC0YtsWQqwAgBaxqcDIZld1.jpg,,0,not_found
214714,Don't,2007,/vnIuXqa2Mv3DZQCNjPs4Xo30q18.jpg,,0,not_found
225608,Light Is Waiting,2007,/guqQEP4SnhoIQd8ZFABXR4ntNQq.jpg,,0,no_poster
239840,The Deadfall,2012,/sL1wN9wr3Dj1vJUO5D5CSasE0d1.jpg,,0,no_poster
266360,Sticks and Stones: An Exploration of the Blair Witch Legend,1999,/mPvAdDNtGEtAXa0I5i50gvPAPog.jpg,,0,not_found
281698,Tagus Ranch Massacre,2012,/oNgG0uKPsLQQOhlymdIHtHKdXJG.jpg,,0,no_poster
286365,Creepy Tales: Girls Night Out,2003,/yyec0D1XjVMTHQ73NRGXV1JQlz1.jpg,,0,no_poster
305159,City of Lust,2014,/zUk82ojsGh3NlfHT1Yk24d5qitc.jpg,,0,not_found
305967,Cam Closer,2013,/y2L3oZjgsBxDLF4d61T5km91bOV.jpg,,0,not_found
319812,Dead End Massacre,2004,/j8NOhzLfKDIjbm8qxlZoPzkEcha.jpg,,0,no_poster
341218,Legend of Horror,1972,/8R59aLeRGWrC0TVSSglHCEY2vbt.jpg,,0,not_found
346477,PDA Massacre,2004,/lZOvO3cxVepO2xktwf8UpWo2vVE.jpg,,0,no_poster
354506,Pulse,2010,/xtGQKAjMuXfFV3349b162PtXFqn.jpg,,0,no_poster
359252,The Chickening,2015,/9TeSR9ncHhjKBnHY9y0dNJRvyOU.jpg,,0,no_poster
373929,Touch of Evil,2011,/d1v5iJsEBQpu3KfOfr17n4olDOj.jpg,,0,not_found
380721,See You Soon,2014,/6k3wZxWn0YzV98u7iz82DjhHOMh.jpg,,0,not_found
381294,Attic Panic,2015,/q2ezwQtYXgod9pztrVJAQndbcF9.jpg,,0,not_found
381419,Coffer,2014,/bdlU1fNwfSJoIgw9uI79S2s30S5.jpg,,0,not_found
382476,Demonator 4,2015,/whxoixrT1doKKzyRWjMBNAm6Ku8.jpg,,0,not_found
394939,Frankenstein Stalks,2000,/qwFk01vfSv9HgCRSsZLhQUJYIIi.jpg,,0,not_found
415945,Cartoon Horrors!,2016,/5LNRr2N3dJeAUH6qUKov8loWzad.jpg,,0,not_found
431991,Rachel's Attic,2002,/tytZ7AoZpb6YR1GtWWFFrR2OW0Y.jpg,,0,no_poster
441451,Massacre At Rocky Ridge,2002,/sHskCmRL80qjTC0sFtqJ4HQlDVX.jpg,,0,no_poster
450967,The Virgin Ghost of Jeruk Purut,2008,/xP7IvB3EcAmCZ8w3fs8wDfexE3g.jpg,,0,no_poster
456913,Clean Colored Wire,2017,/j9u5vv2jA4ssFtb3rRxzZt1sS8x.jpg,,0,not_found
457491,Alien: Covenant - Prologue: The Crossing,2017,/v3FHoZB5ExWuILuV3Fy00XRuoqD.jpg,,0,not_found
458092,Nosferatu: The First Vampire,1998,/hMcYUZJwZuCuTAYUTU8fimO8GBq.jpg,,0,not_found
458716,Juego de niñas,2007,/ec0AVhjY7TfH77NkdQZt7CFp3yH.jpg,,0,no_poster
463543,Fear of Silent Hill,2016,/6l9OjLzEpGabtKQAHJXzRfMvLwL.jpg,,0,not_found
465469,Tell Gordon Hello,2010,/okphiPXDIAdwmmsMKLv9gMUM93d.jpg,,0,not_found
465480,Media Studies,2017,/8riOna4GK6P8KE6wkGapBoteG4E.jpg,,0,not_found
471666,Resident Evil: Keeper's Diary,2014,/mpTnZbKRdNMfzXAsYx37jQAvz94.jpg,,0,not_found
478975,Dracula: Bloodline,2015,/kTOJ6DfdwA9wdDh6twug7Nzwav.jpg,,0,not_found
480913,Alien: Covenant - Prologue: Advent,2017,/mx9O6dEfOzFn4KDmFnQP3G2Eq9K.jpg,,0,not_found
481218,Friday the 13th: Legacy,2017,/19IrvOnyK0pcIcE662nu0WMPA7Z.jpg,,0,not_found
487248,Gray Children: The Story of Mary Clive Cracker,2016,/mDI4SDDY22ta3hWYh9LQXNdFmhx.jpg,,0,not_found
491366,Great Performers: Horror Show,2017,/rxfHDxt4FgIU2W2NXrZXqNqxT7j.jpg,,0,not_found
496286,The Shape,2017,/3AJHSOszX0oNlYWfuJA5Ei9r0X0.jpg,,0,not_found
498315,M Is for Matchmaker,2014,/gkujayRSm7BELieWvtDbSEvhdwi.jpg,,0,no_poster
498775,The Warby Range Massacre,2017,/2NwQy0ynB8ToKdCAv2sKUzw4PHP.jpg,,0,not_found
502030,Beau,2011,/og9dd7c4OmlJhscBLrEAPsJSIMN.jpg,,0,not_found
504175,Chucky's Vacation Slides,2005,/jY94G1fgaHkejIQW22XMoGE5mkA.jpg,,0,not_found
504213,Halloween Lurking,2009,/czbCXqWjZzYtdQKrK6hn2T0ObZ4.jpg,,0,not_found
505378,Twinpool,2018,/nUViWNjXn2QcSDUTT4bw9DV6BXO.jpg,,0,not_found
505429,Troy Loxton's Father,2017,/sdehHQ3xLgYZ43OR6LdaOOBuWGd.jpg,,0,not_found
509679,Payne & Redemption,2022,/npkHrKSkySeWtzw326gOKJEc4f6.jpg,,0,not_found
520795,Friday the 13th: No Man's Land,2010,/cYfLmeGdE0bB7NuauM3ayplvBXx.jpg,,0,not_found
521040,One for the Road,2021,/l1mPwFFVNqAJWMVyjcHUJ1hN9Hw.jpg,,0,not_found
521558,No More Souls,2005,/djHUYosRIodjoP50ZluPkY6bkIb.jpg,,0,not_found
526578,Uberzombiefrau,2018,/6pdkjmUSOiM3NBorbCQGwabrLpO.jpg,,0,not_found
533291,Vampire Woman,1996,/5Smuundj7VrkaIECBrleYFvre29.jpg,,0,not_found
533294,Miss Werewolf,2001,/6VxhOaWHTnmRKUVvsnFqdkjp72g.jpg,,0,not_found
542020,RUN,2018,/29VF5VpjsJwPflRlZ9Jy8WU7r93.jpg,,0,not_found
547146,Ghostface,2018,/rOX0qc4NzLCzDVm6OL711iV7lnT.jpg,,0,not_found
551233,Attack of the Gnome,2009,/2bnbDx5112s654bdel2dtiAA1iP.jpg,,0,not_found
552168,Perturbation,2018,/aZN2ixvwO2WbC7XIdUeTNJ7lnBX.jpg,,0,not_found
564051,T is for Temptation,2011,/v04bvTfpaY1s8mXPU6hnS5RvJHc.jpg,,0,not_found
564390,Vampire Hooker Hotel,2018,/oeSok8OHeOuBQE6DF2ePV4WyxSt.jpg,,0,not_found
566095,Leather Crusade,2018,/iNujKZom4VK9UopfsQUbr9UkjHH.jpg,,0,not_found
566325,Terrified Woman,2014,/6BRWFxvU3RSfQGK4X7wFaTGZkwI.jpg,,0,not_found
567118,Shwethaa,2017,/qMz9tzELXEwsLVvVDm4YXXJ3IgG.jpg,,0,no_poster
567962,Sandman: 24 Hour Diner,2017,/2kh55G8jPnRvyGmfYouOkRQGLrG.jpg,,0,not_found
568269,Ghost House: A Haunting,2018,/aN0QNCRWx5fTIfpVlorkn9gYOVH.jpg,,0,no_poster
569965,"Silent Night, Deadly Night 6: Santa's Watching",2010,/ypYf3vLOFNWb4qXtss7vbHRz9Q9.jpg,,0,not_found
571817,The Pretty Thing,2018,/yYgETDFpmdEDk5keH8eOtW4fz1w.jpg,,0,not_found
571821,Jaime,2018,/nlrfZ0d1eMEaRkiJ8q2vRDOWrsb.jpg,,0,not_found
572023,Tap,2017,/kOECLtlIjlqtVyEkaRn0gP8tf2.jpg,,0,not_found
581232,Bagman,2019,/or98ileNUuzLs6jb2lx9C66qHGs.jpg,,0,not_found
590033,r/askreddit,2019,/5Gz7kh8Bu63mcOVzPTH5MgT9nkS.jpg,,0,not_found
596725,Oldtowne,2019,/fEzfLAUawzzzukcpBd6diBD0oP5.jpg,,0,not_found
601406,Nefarious,2015,/ycMnmSpk2I8WKIpwXazVBopLdES.jpg,,0,not_found
604654,Uncertain Doom,2020,/ge0OQ2RxudTa1wCA7xwPnkQ6cXo.jpg,,0,not_found
607137,Momo,2019,/fSGtxNn4OMO9yfzfPr5urmeA76S.jpg,,0,not_found
610243,CSBSB (a Cat Sick Blues fan film),2019,/3DeOtzoEpH7JfB1de51Gf4Q4hVV.jpg,,0,not_found
611804,A Two-Faced Charade: The Story Revealed,2015,/xr3jISGM5iO7MEO3221tkvT1RcA.jpg,,0,not_found
613816,The Nest,2018,/2wr7o8kfDVdNMeHgjytoOoRaKWi.jpg,,0,not_found
617778,Night Out,2019,/n7ceT0f7gS6bC6J6u1TuTXh7hOD.jpg,,0,not_found
619016,Will I Make It Through the Night,2019,/lN5uibQ22SkVs8I6EkkecyhODXi.jpg,,0,not_found
619416,Werewolf Women of the S.S.,2007,/7dq1tUpHq027f484jxjI5Q6IcZe.jpg,,0,not_found
628228,Hello,2019,/80GiQ5EaNh1g3Soe1DPZqYnSx44.jpg,,0,not_found
630979,Wat te doen bij een calamiteit?,2019,/lFIjBNNGtBZon3dsWcXr8MTwFvC.jpg,,0,not_found
632544,There Comes a Knocking,2019,/mrrPK6OvNResUn4lori2XepxYnW.jpg,,0,not_found
637161,Slaughter Weekend,2010,/s9VWjPjTYNYjjj20AV8JYEC5vla.jpg,,0,no_poster
643392,Your face.,2019,/adtKojDp1vaFA199HNWLtEAcOxx.jpg,,0,not_found
643758,Little VVomen,2019,/dX9i6Dc6LlKUhQADFyesOJTat3u.jpg,,0,not_found
649179,Not For Distribution,2019,/mJugDX3QTMIpFHhR5j9dNoWC7YN.jpg,,0,not_found
650248,Nycto,2019,/jL4M4Vj2bBGqYos6OEcw1p0CQvr.jpg,,0,not_found
652255,Projection,2020,/w51BRQk4spMYzyjK1XSaqdHCvWU.jpg,,0,not_found
653355,Zombie Massacre,2002,/2GGWzRZ1oTviIt2XDdYwOOgn2d2.jpg,,0,no_poster
654546,The Hunty: A Horror Short Film,2017,/pDdNrNPrtIuXDDF6asbXpscTuDj.jpg,,0,not_found
654765,SantaClaus: A Horror Story,2016,/vUlOpzTA3EG57JxQC01ciJhxxkp.jpg,,0,not_found
656039,Santa,2019,/myro7lCUmWR5wnJACAudIHNK8L.jpg,,0,not_found
661359,Night Call,1964,/1SkJK7nPXx14rPZaaeNNURtZcWJ.jpg,,0,not_found
664679,11:05,2019,/nSGX2eZFi6NTvkdLj9qisCj8E8d.jpg,,0,not_found
674862,Kalispell,2019,/qI7N28JsO4X2Az9E1d1FB0BE8Mv.jpg,,0,no_poster
676292,Smile Guide 2 - How To Make From  Paper,2014,/ddd6ZcRsSnNa43eC4NC72bDCS8i.jpg,,0,not_found
678844,MANT!,1993,/4vKAMoCLoquZejHtfAbamNTxgn0.jpg,,0,not_found
680379,CLAPTRAP,2020,/6p0FRUL3gcn4iJSn5GRJO4o0hEt.jpg,,0,not_found
680522,Silent Madness,2019,/1FCq61ssQy8suwr5xRqnF6Olo03.jpg,,0,not_found
682810,SCP-096,2020,/7AHq6d7hw56VRRWwwwBbaQbKHXB.jpg,,0,not_found
687037,Family Man,2008,/4pjiN2Ow2hSKFNYnb3IOzo02tZ6.jpg,,0,not_found
689040,Shadowed,2020,/yL3U5GjQp88o9Mli7SrLjSrTbtX.jpg,,0,not_found
690178,Good Enough: Making Shadowed,2020,/3mnANdajUWq5aGCfJy4cvSCJcqz.jpg,,0,not_found
692079,First Kiss,2018,/aMqbbHDd8E6xZ3BV557xIWcfOnX.jpg,,0,not_found
693670,The Spooky Pumpkin,2020,/68kNXXVMlzaVn62dqOiG1JiDWdO.jpg,,0,not_found
698649,Trees: A Tale of Two Trees and a Swing,2020,/muwovGUjfFeuwTWkwBSmQngTyi2.jpg,,0,not_found
702196,Incident Report,2017,/3Pi147acHPvdyoHthebkKIqZLT1.jpg,,0,not_found
703351,Teyolía,2020,/w915OrfbLkj2JGh4nqsbCmA4lxj.jpg,,0,not_found
704336,Final Destination,2019,/ulzuOhbNkQXResHJKUvC80T8zvx.jpg,,0,not_found
704422,Closet,2020,/s1aOARqQ2uJEOmuy4tWXLSq42yV.jpg,,0,not_found
705354,Not Alone in Here,2020,/z22G7r7mFnueVKt8G70wSNQ2WgC.jpg,,0,not_found
706565,Ripper,1996,/7QwT2Id52rO0MfqYRL9zbvxXYC6.jpg,,0,not_found
707851,Pursuit,2020,/71szQmdFBoudQS3kHKJw3ibQfNQ.jpg,,0,not_found
707860,Destino (Florida),2020,/yfsIjHJuQgB8qU7EZ56VdY3KUk7.jpg,,0,not_found
708994,SCP: Overlord,2020,/fgSWyZ7aM7LW3feEfzJN4ysdjUx.jpg,,0,not_found
714129,Fever Dream,2018,/aiBfJ4rqEK3OloBB0d1oRwW3mZ7.jpg,,0,no_poster
714216,Blood Brother,2020,/pTzBNUjyM2c8fk3QyycoRzhpaaQ.jpg,,0,not_found
714270,Chrono,2020,/hLqJSzp2l9xQuKoXLnnOQjPmSPR.jpg,,0,not_found
715179,Blood Bath,2002,/xmYLFbDh4WWxkXGbcnCZefICXFJ.jpg,,0,no_poster
716130,The Rental,2019,/zPkvoakw2aED2uvaMNCpgVYasrF.jpg,,0,not_found
719280,Fanga,2022,/5Q9eqoBGYE82lnCI7kMurxRqMIv.jpg,,0,not_found
719296,Ouroboros,2020,/mtCXypbpIi900WEh6GHoBxghMaC.jpg,,0,not_found
719309,Submission Declined,2017,/kQB8xshTjZ1glwjvDIhpTC6XQ77.jpg,,0,not_found
719319,Zombies of New York,2017,/a20tz6ZuBJPT6aLdUOc3xrAFdiV.jpg,,0,not_found
719323,Honest Horror Films: The Harbinger,2017,/cWSycnNdTCCvf53IVoJkGUWuOB8.jpg,,0,not_found
719327,Honest Horror Films: The Basement,2017,/6j2Ui5m9uegq1NZcuQ1TSwUm4RT.jpg,,0,not_found
724451,Halloween Awakening: The Legacy of Michael Myers,2012,/bda1CetOAsy9y7zOk8IzAyOY1Jw.jpg,,0,not_found
727457,The Living Grave,1980,/dEfNHUo1ymwE93PgvkkTeXQa3I7.jpg,,0,not_found
728872,U Is for Unearthed,2012,/Al0zhOkse8UHx1mc997dfJT4KJa.jpg,,0,not_found
728917,Gremlins Back In Action,2017,/v3dt7H7Wtg0gyv0ABVLQhi9N6gT.jpg,,0,not_found
730286,Blood Runs Thick,2018,/kjyKzAI2bV4SLgoLU8Isb7bKuAl.jpg,,0,no_poster
730639,Smiling Woman,2019,/8JKF7YHejZKxuSBewzTcIbH2rUU.jpg,,0,not_found
730788,Erica,2019,/tZjK803ncM5tNXsczx8DQPCYEgt.jpg,,0,not_found
732115,Ancient Mysteries: Bigfoot,1994,/9KpjXwtF3E5sRiioN7rzxckTdoP.jpg,,0,no_poster
733126,Behind the Frame,2020,/lX80pZy6UWsWOC4i2KYZn7QOHii.jpg,,0,not_found
733590,Middle of the Night,2018,/p8ahKH5C7epk8aTMRikhAFdeK5s.jpg,,0,no_poster
735156,Enter the Sinister Set of 'Cry Wolf': A Tour with Actor Julian Morris,2006,/1KXOIagK7f39JvLleUOrtXXuv57.jpg,,0,not_found
736308,Alien: Covenant - Prologue: The Secrets of David’s Lab,2017,/eiK5d2cnASpYQD01tmklA8QBfhi.jpg,,0,not_found
737867,I can't scream without a face,2020,/Ac33G8TO9h6r4U4QlubC57vVNQ.jpg,,0,not_found
739479,Backyard Gore Torture,2019,/bBmsdRySj9BgAK0EchF6YJEKMXT.jpg,,0,not_found
740513,A Chocolate Tale,2020,/m3C2EGbbPiv8eRIEqHuBDbfHLWv.jpg,,0,not_found
741835,Alone,2020,/ne8eVLwU5FXpdBmzJgbR7QUr6vU.jpg,,0,not_found
743823,Home Movies,2020,/tGJsxArgY5wYqL6QHbHUgJyijqI.jpg,,0,not_found
743964,Teddy Has an Operation,2016,/lLxf3YxjgZ8anHgXX2VJvehUsW0.jpg,,0,not_found
744065,Shift,2019,/6XAM8nchUuq0iHzEyjmmxyvJaAt.jpg,,0,not_found
745047,Static Tears,2020,/o23owAHelyRQEV1IfSRsL6bI7ac.jpg,,0,not_found
745282,Prey,2019,/q8O9wZ4BvwF1ui1BDXZN3a0Tfkq.jpg,,0,not_found
748717,Pathosis,2020,/dGlvscBPpuk4VgVsYviojUtE089.jpg,,0,not_found
749173,TWD World Beyond: The Journey So Far,2020,/8RuIDufT6gcBhWU69odYlZ5NAjJ.jpg,,0,not_found
749522,The Lady,2019,/lOKrlE7FEmgziD0FaN4ClGhZksb.jpg,,0,not_found
752004,The Black Box,2011,/6dvTmGVjPlka14ohTwQTr3oZ46J.jpg,,0,not_found
752262,DIABOLUS,2012,/dtEQRRfCfEYU8RqOo8UtMYk4CtI.jpg,,0,not_found
752281,SCOURGE OF IRON,2014,/1rVYxDws3UlboJyOcjPf8Y3OFKu.jpg,,0,not_found
752289,IMPIOUS ANTHEM,2016,/ifO4HXxCyJN7UE9Ut0GwlkHti3C.jpg,,0,not_found
752290,RESURRECTION OF MEPHISTOPHELES,2016,/kslPNAw7ST7yg88a9GY6vgkISgk.jpg,,0,not_found
752295,MARTYRDOM,2018,/qC2mwzijjgyT8vuQG6AJMPeqNB1.jpg,,0,not_found
752722,Station WLARC: Tragedy or Success Story?,2020,/nbypPUqw7L4IGUIApkm32L9VLqn.jpg,,0,not_found
753147,Gregory,2017,/jYJwGvP9G5ADG15QKixrZk6tktq.jpg,,0,not_found
753158,Old Maid,2020,/xlcl4fP21Jx7fb0TsOANWsJtxBw.jpg,,0,not_found
755157,Texas Death Trippin Ax-Tended Cut,2020,/xjoSfEa7m72JBSRCzJiI6EitXyk.jpg,,0,not_found
756158,Kurt Cobain Horror Movies,1984,/y4Ogeqem9kHGyDXrE50WTOWMhCs.jpg,,0,not_found
756342,First Date,2020,/mCdDeiggfjOni3u0jkdlGLr8DpJ.jpg,,0,not_found
759239,The Hangry Dead,2020,/ucIpgGWsVvJXXxDhGiUC5kP2x79.jpg,,0,not_found
760608,In The Wild,2015,/5pBeXyT3uEGPQUeS4EPCX7VdIDw.jpg,,0,not_found
762195,Wrath,2020,/2eckYxsPqwkO0FpuHrYukUrTVas.jpg,,0,not_found
763427,The Woods,2020,/fNUq7qelwI2QMDjf87QCE24EdCX.jpg,,0,not_found
764814,Lumberjacked,2020,/alJ9AhAfJ6xZumEdINJ5OH3Obv1.jpg,,0,not_found
766325,Blazeland,1992,/9yuhc355CS84b5u7FSfuGKYk7Ys.jpg,,0,not_found
769403,Swing of the Axe,2021,/kHsD9qas1svIUUeBwO0Wd6q0S7l.jpg,,0,not_found
772957,The Upset,2020,/pvX9hXzY6caH8q2ctGwK9BBAM5M.jpg,,0,not_found
774118,EverymanHYBRID,2010,/exPoprmdlUlaxBjOfu3R4jd1Znq.jpg,,0,not_found
777305,Predator: Celtic Days,2017,/xJ59j63gAG4rquQXkTWWwpxnFS5.jpg,,0,not_found
780643,LAIR,2020,/dzs66E5NhkZ4FWX5IWfT2AsCtED.jpg,,0,not_found
780652,SLAYER,2020,/yw4uOy6dlw6O3dxazmxr6WxVgKy.jpg,,0,not_found
780656,NIGHTMARE,2020,/uSwNATaL6FLdqqnaC5TnHhxy49n.jpg,,0,not_found
780815,She Stumbles in the Dark,2020,/aQkJkra5HC5Rk8JbifGYe5e3Nm0.jpg,,0,not_found
781004,A Halloween Carol,2014,/q4hwwHl8w1tac7IFiojndC7Hf78.jpg,,0,no_poster
783340,Quarantine Comic,2021,/62vM2uiCDQmYeEVOsRWlJuxxKqC.jpg,,0,not_found
783949,The Feet,2021,/jMlyPjqUVRWjohcdIxjXvzcpLmi.jpg,,0,not_found
786426,Recipe II,2021,/yVQBc1KEk0qS3Jg4dztRt9c29Jt.jpg,,0,not_found
787173,Were,2017,/ycwfsRdokQrXcLGlFwD35nYwzQe.jpg,,0,not_found
789446,Vengeance,2019,/fCCqNsuVSEuZCFk81MooTSQFBB2.jpg,,0,not_found
792251,Turn Your Bloody Phone Off,2012,/bjuToc4JMOy5CnXTmJN1tJ0KL0H.jpg,,0,not_found
794567,The Holy Ghost,2020,/x69P9q7KQrqaKE1VvpmDZycY9KB.jpg,,0,no_poster
795135,ragdoll,2020,/wFUHzemkmPQUXuybc4eFzIr2C33.jpg,,0,not_found
796032,Friday the 13th AGAIN!,2003,/67UU8wiOTrGBvVSDPH4ZsUM2na3.jpg,,0,not_found
796945,Seasons,2021,/uWAQRKPCFD1ouHHb70c5SMAKl3u.jpg,,0,not_found
797425,Beowulf,2019,/eieEES87wWUyCLsfjUpQHs6s4vM.jpg,,0,not_found
798128,Birdcall,2020,/ypnDn8b6nMbrcqy3FCFpHeeUVrk.jpg,,0,not_found
800984,BUSSY,2021,/fNBAfKi0RWyehmfxsY85SpvJB2q.jpg,,0,not_found
801802,Exitium Redux,2021,/6EQ8OdGbPsJWGVkqKJejckc0qWm.jpg,,0,not_found
802851,Charles,2022,/7Q7YV5XZuIQKMSnURnue5qqbfzR.jpg,,0,not_found
804373,Satan's Bite: or The Foolishness of the Witchfinder Thomas Eastchurch,2018,/x3jm4R741hI3WiedRgPTIXmCe3w.jpg,,0,not_found
806431,Transfigure,2021,/2B6FwKxgMhPUnfTycyxb2kAdpqU.jpg,,0,not_found
806944,Borrasca,2018,/jAopiCoG6IrwYCc9jIY0gQL6kqj.jpg,,0,not_found
808408,Glim,2020,/bTdgL1AnOmjMaknqPfQQxXMerbC.jpg,,0,not_found
808648,Friday the 13th Part X: To Hell and Back,1995,/77gOccYlXpv2dqfctGNcX4HSEGt.jpg,,0,not_found
809397,Prepper's Grove,2018,/2pJkAeskYhRjH0M1hLChCEcJgvq.jpg,,0,no_poster
809442,Year of the Dragon,2021,/9h2NFFnrZMqOvlLZWdk7ovrfyS8.jpg,,0,not_found
809703,Dining Room or There is Nothing,2006,/3nfCxHeX82sMIK7fwcrBArpZ32Z.jpg,,0,not_found
824623,Beware! The Vanishing Family,2021,/ix6s3fE1Oo6ZPxFO0IomD7zMM67.jpg,,0,not_found
824982,The Invisible Man,2021,/bEXzTiDbCcv8btQElH3JFKZBqaT.jpg,,0,not_found
825409,Watching Me Watching You,1980,/uTN1zScKaDgyVLm6QN41M2MogtL.jpg,,0,not_found
825410,The Fetch,1977,/w4lhTGOonMURV2wgEtmeKBChmmf.jpg,,0,not_found
827072,Tango,2019,/1uX7h5cK3D58p9IwhcPTmozt3qw.jpg,,0,not_found
828723,DINNER,2021,/4OJNpxk57S2q8vxCgqnfwhqUMQ6.jpg,,0,not_found
831186,Repugnant Mutilation,2018,/jInR1h1eCKEsB9yL0CjLHTRz79.jpg,,0,not_found
834522,The Dirty Hands Man,2021,/e6WFkyjVxhQXFeww9IPUBsdbU5v.jpg,,0,not_found
837513,Guilt,2020,/6fTyE5WyenONlBv8poYo64fbE3D.jpg,,0,not_found
837840,I See You,2021,/9f9QsW9Xuj78KH1TAOsxsX48TY.jpg,,0,not_found
838321,Bedtime Navigation,2021,/eukfi6dYUafi89dUNhReYX7GwTL.jpg,,0,not_found
841715,Halloween: The Death of Michael Myers,1996,/3Dk9tFWHXDvrypbQWrLk8GUIX4h.jpg,,0,not_found
841938,Sundown at Cemetery Junction,2021,/YBrZRvZYtVNsWkzB2eoQQlLfLE.jpg,,0,not_found
843730,Black Ice,2021,/zbJnkbEWp55LlhBh0clpfv8UTZN.jpg,,0,not_found
847445,One Stop Arcade,2018,/fo8HCrulvLyRVcWl0k3hbmY796.jpg,,0,not_found
848057,The Closet Raider,2019,/4yuoSA0bEdreOlQqhsKGNlFMphP.jpg,,0,not_found
848241,Slideshow,2021,/85R1Y22dP6JOJeRE2eGH4xBbJ9S.jpg,,0,not_found
850258,Tales of the Unexpected: Edward the Conqueror,1979,/h8LQoCWhnQE6bHtqCSf9ma8muJw.jpg,,0,not_found
850973,I’m Still Here,2020,/n0Suaa0lEKwkJlM9DgHMlhuwGs.jpg,,0,not_found
851468,Dante's Inferno,2021,/qWjQyaLBNNCYJgnb1nRgHO0LIyJ.jpg,,0,not_found
851762,Phantom Valley,2020,/8XJQsbHxLF8q6e9QWUMOEnAyacj.jpg,,0,no_poster
853796,The Parker Sessions,2021,/4vVg8ol6mmv5oNa4zxeMYvxmKfi.jpg,,0,no_poster
853956,A Howl in the Night,2021,/8k2osRGYfneUjVWDHqQAsb6bL4h.jpg,,0,not_found
854153,Reptile House,2020,/rQkNwv709YT5cYHSfY4HZBwygT.jpg,,0,no_poster
855472,The Aftermath: A 2012 Story,2010,/29NPFBXZZKv4w6Jcv0onLRUQM4o.jpg,,0,not_found
856122,The Red Room,2015,/sBXT6LwnHLXPqLViPbe2aVY0MzL.jpg,,0,not_found
859609,Turmoil,2021,/gCgzgCp4gefMT2kxLb85tIC34l6.jpg,,0,not_found
860311,The Adventures of Bworp,2019,/wdGqQuCWh7LLYf0v2zZykkBLBDF.jpg,,0,not_found
860849,Camp Forest Green,2020,/2HKT0PC7hJfF4qjvgfThD3obiyD.jpg,,0,not_found
862069,Stab Ya In The Face,2021,/d1tiERHrMKXJSsjHexJ9aTTB1zl.jpg,,0,not_found
863443,How to make brownies,2021,/91sIsS6R1VqvpC4xSgEwtE0mQMv.jpg,,0,not_found
864012,Fixing Daisy,2021,/bgmoIUxwR6Zt0r61NJOFPCWS9SD.jpg,,0,not_found
864237,Minh Tu Le Scissorhands,2021,/yOs2FXJtoUkPzYt2mML45oURABp.jpg,,0,not_found
866401,Lambs,2021,/BqXY1lMyDq4q2huZhJVLZYeR7o.jpg,,0,not_found
869071,Pappy's Graveyard,2021,/4YOJIqvqurT0BcRLI9Asl7Pcr4b.jpg,,0,not_found
871598,Orphan,2021,/kJmKdhJoOi4rvcE1PTOjiPXbgxt.jpg,,0,not_found
872618,The Phantom Lake Kids in The Beast Walks Among Us,2021,/9K11BlnlBz5BoDlc1M9zUOVeoKv.jpg,,0,not_found
873113,The Cold Heart of Crystal Lake,2003,/eefrg3tmJcWzocEQPHaUDNK8wU9.jpg,,0,not_found
873668,Are You Ready?,2021,/botnLMa4J9VR5GGHPm3MjdK70wl.jpg,,0,not_found
874605,The Freddy Krueger Special,1988,/iWGojnS3DEL8Kk62zATNPtIPvxe.jpg,,0,no_poster
875022,The Drift,2021,/wUWjQrYiGznbbzmQ07ElCRSBg1k.jpg,,0,not_found
876224,Anniversary,2021,/1jlUPpoMrbwwR8FYCYSOuy0VHzU.jpg,,0,no_poster
876349,Friday the 13th: Death Curse,2019,/9iSaYNP8iGmnRIlLNtO7lWbPF9W.jpg,,0,not_found
877374,El Cuchillo,2021,/a4CY4DKyxKeIPzSxXLRgn6vrW7x.jpg,,0,not_found
879226,Man on a Train,2018,/8KM3nDxJJgwpE2s1H4ymvv0md2h.jpg,,0,not_found
880724,Paranormal Activity: Origin of Toby,2020,/9HayuSZ2QGhF1lENGZQnolT5Ma9.jpg,,0,not_found
880845,Red is the Color of Beauty,2021,/pKM4r5qLsCl6qGrWcC6qX0L4WAD.jpg,,0,not_found
881308,Dreams,2021,/cSHhPLGbR2RB6V2MpmxFQBgWf8j.jpg,,0,not_found
883891,The Making of Saw,2004,/gpXdkzoens2K8VtVaMORem9f95.jpg,,0,not_found
887187,The Lost Voyager,2021,/3tU0SLGkQ6CmgNnd7H6hhfvCoKA.jpg,,0,not_found
887470,The Man Who Beat the Man,2018,/9JZKhem4VEtQojCHDgDm8eGRTpk.jpg,,0,no_poster
887920,Death Portrait 1,2021,/7oorJ6aLLVIKgpIkuE2NT0czBmh.jpg,,0,not_found
888380,SCP: First Contact,2018,/wNfFlUVExYM36v2CB0VjzBsxqiH.jpg,,0,not_found
890166,Eternal Isolation,2016,/11536zYz6rZrr3U0m6mo1MDnWMG.jpg,,0,not_found
893284,Momo,2021,/qAbNllPKAp7F0zsBDro09LbsuOU.jpg,,0,not_found
893354,Carousel,2021,/nPLcx1CZM8v2g59yw5eNy6dXvkw.jpg,,0,not_found
894334,Bedbug,2021,/cbYgpdVYoQ5OsLBzbbqk3DrkFEE.jpg,,0,no_poster
894734,Those Shoes,2019,/tU3rlmmC8atE6ZA62732hB1o7Mh.jpg,,0,not_found
896922,1:00 A.M.,1995,/oIEudjZUxTPfTieDj9PWeGE1hBI.jpg,,0,not_found
898021,Sleepwalker,2020,/cA8ylMcDm1QFje4AHCI9rstHl9o.jpg,,0,not_found
898435,Family Forbidden,2021,/gG1QEVjoWVy2ZqwsQwLiMkuifmv.jpg,,0,not_found
898562,The Emotion,2021,/hyX0163qOGOj8SzV8ayj7LDgmwX.jpg,,0,not_found
899675,Self-Portrait,2021,/lR6H4leFpQW4GDXocRFZFZBNKh8.jpg,,0,not_found
899754,Blinded,2021,/qf302ZlU4dwmCrv8bhszZli5pM8.jpg,,0,not_found
901257,Ending the Eternal,2008,/zopvK5gtRIzfIe96qV13VktMWFI.jpg,,0,no_poster
901264,Unlocked,2021,/648Egu3BB7WDBp0wd4g7LbiJwZH.jpg,,0,not_found
902914,My Dead Husband,2021,/mUdyKiAf5ujl6cVg8jM9Uk3qKc7.jpg,,0,not_found
903508,DOGTAG,2021,/q1ZUDpz0QONwmMJLvrOnqGyaXSh.jpg,,0,not_found
904085,The Creek,2020,/7rSbfVgrmexslZogJ0LQMc6nQPG.jpg,,0,not_found
904633,Our Enemy,2021,/dJifQC3XgVs2L3FYKMlQ1dDHF5D.jpg,,0,not_found
905070,The Field,2022,/h305HSAFCxI1i5Ahj1OTwAHClKu.jpg,,0,not_found
906419,The Wooden Woman,2021,/q3SwLv16xObuHwuIYdSUKHPm2QW.jpg,,0,not_found
906421,Family Forbidden 2,2021,/qSJ4P989BjMbtZ1gHRnPiAqwnpX.jpg,,0,not_found
906425,Lake House: 2002,2021,/k0z3bVyL7VpTkPSft9q0zl7nDcF.jpg,,0,not_found
910799,The Eldritch Dreams,2021,/lS5SuzhhpUWdKGO1vJrZ3100WZ3.jpg,,0,not_found
912163,The Terror of Terrace Street!,2022,/tqhgIBr89VjFP7mecFjyNZVWuNh.jpg,,0,not_found
913100,The Dark,2021,/g0qbgEBkDVHNsAc8zO3dbcTEmNX.jpg,,0,not_found
915539,Revenge Is a Dish Best Served Cold,2021,/icsaxv3jOUZ68BKT5gvWLyafagt.jpg,,0,not_found
915893,Midnight Screams,2021,/lYb1NGEOX852ORzwh9A957KRdG9.jpg,,0,not_found
916120,Friday the 13th: Halloween Night,1994,/t1t0GoOjgn6LeIiWAq8Tt4vT9Xp.jpg,,0,not_found
916992,Ground Control,2021,/l8RwVRuMnZUqkoBBIno69L15w9q.jpg,,0,not_found
919435,The Horror of Social Studies,2021,/k6VxFe8Zdvqw2BzWKIEzyF1ikua.jpg,,0,not_found
921646,Fruitcake,2022,/4v1l6Fa6mLviVD9icNW8j6Sm7sm.jpg,,0,not_found
925310,Skulldive,2021,/qvrMnx2EuiwUZOMdiYM81rSD8qL.jpg,,0,not_found
926723,Serpentine,2022,/iL0CFLtv8MUELrZyihgI78g68pq.jpg,,0,not_found
927335,Bear Lake Bloodbath,2021,/tunQVeV0gjq8V8S7LqVYn4mYZqK.jpg,,0,not_found
928397,We Are The Enemy,2022,/uEJ71ePX1hzSfBFMdr7ak5wY9YS.jpg,,0,not_found
928591,Eternal Rest,2022,/x7rJJ6PrpAy3aQkE0YV6C1BEoO1.jpg,,0,not_found
928603,Guilt,2022,/eNddKoS5hqOsG2TsZRh2I7uOxhF.jpg,,0,not_found
929944,A Short Film About Babies,2022,/wegokzel7JW6oe9rV56UEtrC0vi.jpg,,0,not_found
930662,Fedora Samurai,2022,/j0l5ZbGvpUhtHABAYNbY4WC7V5V.jpg,,0,not_found
930802,Tasogare Otome x Amnesia: Taima Otome,2012,/pAtVw5cD2OQJOcNTixZGxuEcmAQ.jpg,,0,not_found
930916,Zombae,2022,/iVObyO2BiQQf6ytpAXTA97y6C5g.jpg,,0,not_found
931099,Monkey Tester,2006,/uNqNaQhsPKEUNu1EZbz4vrMvJ0y.jpg,,0,not_found
931325,The Howl of Winterland,2022,/t6GbgkFgTkNOVz3jYQzDKZbiZaH.jpg,,0,not_found
932598,Peachrings,2010,/qnBw9ikIs300XGdCN8eNWPIpAOQ.jpg,,0,not_found
932868,The Joke,2022,/2ZgRT2wQ4vGIXfKnrRMq5L89OlF.jpg,,0,not_found
932890,Slice,2022,/NBhbg9IUE96m7tnDz6P7EZUvJS.jpg,,0,not_found
933238,Footsteps,2022,/f7AbPS52hYAxTBbxntz7xmoezzU.jpg,,0,not_found
933740,Paranoia,2022,/tvX5jtHjTInGqayxeKLYA4bAvh5.jpg,,0,not_found
933749,Anxiety,2022,/eaehEhME8H583GUZIUISHaeedh6.jpg,,0,not_found
935066,Black Jack,2022,/3Dp7M5nlvushTeZDghe7e9BvUOQ.jpg,,0,not_found
935097,Banette's Curse,2020,/9GoMp0GIao0QDsCnW3HT8q8n27T.jpg,,0,not_found
935816,Red Hood IT,2018,/2TEt3216LBJtl239jFR9OgfcIHV.jpg,,0,not_found
936084,The Tyger,2022,/28vI7qr8OntuOKKTjujTQ7MGRJ1.jpg,,0,not_found
936152,The Age Miracle,2016,/lSijqTNKMcI5ZqbI7WeBBbiG3Xr.jpg,,0,not_found
936813,Seven Deadly Tapes,2022,/bgIq38lihQPV3AUgWQ7XexsGBrm.jpg,,0,not_found
938135,Video Nasties,2021,/I9m2dzlEDirFVsvZ9RChjrtFcU.jpg,,0,not_found
938671,Who are we?,2022,/rhEJ0logvigQlPww0hcZ4uOmaLD.jpg,,0,not_found
938849,But I Made Cake,2022,/aZNE14axbspPyn2cJD90Kdnuo6s.jpg,,0,not_found
938850,Close Your Eyes,2022,/90oMnDVGN38MPvgFtd8m2jZl9HH.jpg,,0,not_found
939191,WORLD'S WEIRDEST ANIMALS,2019,/ySRm4HUORM4cyX077AJZApdyScw.jpg,,0,not_found
939195,STORM SAFETY TIPS,2019,/ms7PZYDWokCZ9aOuglcHloo9dHS.jpg,,0,not_found
939202,THE DEEP BLUE,2019,/1M7UpPUxKYt4v8GxEogkv6lQr6d.jpg,,0,not_found
939204,ARTIFICIAL COMPUTER LEARNING,2019,/suNP1k9MEb0IXMdzkYt921SJp9V.jpg,,0,not_found
939205,OUR SOLAR SYSTEM,2020,/r16NZYVdszezUx7PMnbZaJgzqoH.jpg,,0,not_found
939207,CAMP INFORMATION VIDEO,2020,/xErNXahidzaUV8ACFfBU9WtLeBq.jpg,,0,not_found
939209,LETHAL OMEN COMMERCIAL,2020,/kwN67Wie6QKtjxychzY3EfyAshT.jpg,,0,not_found
939211,WILDERNESS SURVIVAL GUIDE,2020,/1QsrBfqQJUiRIRKJQc4g5cvVzqd.jpg,,0,not_found
939212,SLEEP IMAGE VISUALIZER,2020,/bW34dbr8zFAsM8PDdpgPXS9dHw6.jpg,,0,not_found
939214,GAMES FOR KIDS,2020,/k5UHlmIBz1j7ylz8OZjOMco6vEg.jpg,,0,not_found
939219,DEEP ROOT DISEASE,2020,/juTkMSyZuIdWdqJiQPCY43K3XvW.jpg,,0,not_found
939224,MONTHLY PROGRESS REPORT,2020,/sHMhmzL5AqOib1JmhqyGukXki4u.jpg,,0,not_found
939225,CHRISTMAS EVE PARTY,2020,/sfceARqphLnDIhVK0YW8yYyqFbR.jpg,,0,not_found
939226,HOME INVASION HELP,2021,/aElFqjrGvyRDKjZXPsuhRw9nfd6.jpg,,0,not_found
939228,CRUSADER PROBE MISSION,2021,/dFlrgl0zF5XnXoXdoIQ0qkl98ds.jpg,,0,not_found
939231,WRETCHED HANDS,2021,/zN8E9ivq001ogqvdmQRXIoRsq1d.jpg,,0,not_found
939959,Family Forbidden 3,2022,/4VB75LW38KugApyZeRAWJ5S0HAn.jpg,,0,not_found
940754,Crutchnap,2009,/inRMhoEZvLVCWw7lXcYnhh6JagN.jpg,,0,not_found
942236,A Walk Through the Woods (Remake),2021,/sjlD2rFaakyUFU5tONPAoNJra7d.jpg,,0,not_found
943162,Dura: The Infection,2022,/ltchKbpQkB4wVGQ26JNGTmfdoAd.jpg,,0,not_found
945331,Figure,2022,/gcjNve6GSgJHxVG30DkWOd78V8m.jpg,,0,not_found
945920,Six,2022,/sBpdOqydGdnMKZ22vi4UBRchWX8.jpg,,0,no_poster
945966,The Texas Chainsaw Massacre: Revelations,2022,/1Sx1jnW8daoGVj3YRKyYgUj3WQc.jpg,,0,not_found
945981,Joey: The Movie,2017,/2z3GEAuEjpx4mzOFJTM9SCKMAH0.jpg,,0,not_found
947822,A Date With A Cheerleader,2022,/w10I5objUyKT5Yb3TCacFgXNhau.jpg,,0,not_found
948124,Work in Progress,2018,/xXEPjmVtDLg1NBevX5i0H8UTNTo.jpg,,0,not_found
948202,The Quiet Light of the Midnight Cold,2022,/mXUpPpfycFseOZraorZNGTuGtL1.jpg,,0,not_found
948399,Attic,2022,/fx9wr5RbcIqy3JG7oK0qqVHmM30.jpg,,0,not_found
950490,Wear Your Mask,2020,/92YfQLZUeM9EQIoG7ekUlXBneSg.jpg,,0,not_found
950545,Indistinct,2022,/qtrZS0SX8HXWs2PZqXVUcEjH0Vu.jpg,,0,not_found
950609,Love for Sale,2021,/ybNPygxzIOKx6vMxBHz86no5l7b.jpg,,0,not_found
950778,AI,2021,/4s3hnjldqwrnuqMKepuf3l8Q7aG.jpg,,0,not_found
951591,Ghost Dorm,2019,/bjH1m0U57h58rAkWNDWNPoNsNOo.jpg,,0,not_found
951593,Ghost Dorm 2: She's Coming for You,2019,/zjAquVzQdwLZQpkjqTgRIw8yp8V.jpg,,0,not_found
951955,Friday the 13th: Nine Lives,2020,/j1hDeuUavoWxfPrZtrRhHkYwDv0.jpg,,0,not_found
952004,Proclivitas,2021,/rIfcxkYX72QE5wvZtOlTziKVk4Q.jpg,,0,not_found
952730,Unwelcome Guests,2021,/nFGvkw3e2hB5f1GH0Fp1iuCKmTQ.jpg,,0,not_found
953948,Guinness Guru,2022,/dWJtJewVV5O46E3hQ6iiuHnZepO.jpg,,0,not_found
953991,Scream: Legacy,2022,/CJwKE5dVGCEYB26PXgCSqQqrit.jpg,,0,not_found
954547,What Did You Do,2022,/rR0QcOXnJLKvchCILswANhFsuGi.jpg,,0,not_found
955731,Hell Creek,2022,/nruY0R9HcgbhqYQCsawogOOhIBf.jpg,,0,not_found
956517,Bananas Have No Bones,2022,/1PsYuhQwbkQRPmyP3yKNa3sVv1S.jpg,,0,not_found
957584,Lost At Dusk,2020,/bOdoydmvDNDqOEWX5Ld7U9XFswK.jpg,,0,not_found
957591,Job Lot,2020,/7RRTKqi3QB8X97yNDLcRk0GBrzd.jpg,,0,not_found
957593,Midnight,2020,/ebU4QIPnrLjGqchKWwbRooglX3F.jpg,,0,not_found
958413,Phantom of the Evergreens,2022,/8qtxGUYs99fD8rDvj9Y3wTzLvM9.jpg,,0,not_found
958417,SHIFTING TENDONS,2022,/cbvtoi64tGWTGDP1zNoHUdaMAi3.jpg,,0,not_found
958837,Zombie Bite,2022,/uQwBrVQlrW3GzKERxXCcVPyzrzc.jpg,,0,not_found
959385,The Governess,2021,/3fjZIoOvlsW7WSBvzhgojDO1k1n.jpg,,0,not_found
959742,The Breaking,2021,/g0A5OFOkFqcQ4NQxmdSjiXa0AGG.jpg,,0,not_found
960388,Print Error,2022,/oaH68zudPC0dC6O96UOTiJ5NM6i.jpg,,0,not_found
960420,Midnight Refection,2022,/9nsKnAbCVwJ802MbN9QMZHQX8F1.jpg,,0,not_found
964788,The Boneyard Match,2020,/vULapkGlVSkqmgAJsQzx1ZYccRt.jpg,,0,not_found
965213,The Incident at Belleview High,2019,/9STwt5IACcqtfPXldoLKD47Qpyl.jpg,,0,not_found
966471,5200 Card Pickup,2022,/ayBZkKwBGHHEuLhWcIdzbM3ePmu.jpg,,0,not_found
966560,Possessed,2021,/cTL4SSLdxpvrXAFPjC3pBZVYJ7m.jpg,,0,not_found
966712,Summer of '85: Mackey Returns,2022,/oAemVt4IT5GhKkVc3KlxEX0hWCX.jpg,,0,not_found
968017,A Deer in the Woods,2022,/z6TxDRLFpPnD5kNUNPls75ksSDA.jpg,,0,not_found
969175,A Couple Of Regular Fellas 2,2022,/vmNuPd7G985kOvgtFmTkvXLv6sW.jpg,,0,not_found
969455,The Janitor,2022,/ytqpEEgIIMn07xHWUtoJ8vjOEtY.jpg,,0,not_found
969608,We Will Never Be Free,2022,/uvxG5qt2hazESKeO9LatjbFR8cp.jpg,,0,not_found
970466,A Truck Drives,2022,/idj2bXTIZ8UvHR1LViEnQ1lkCu5.jpg,,0,not_found
974211,2:22,2022,/kSpCpXQKLkdaGhuTfxj5oM4Z5tD.jpg,,0,not_found
974382,It Lurks in the Darkness,2022,/u8uAfWwZxissplRZbWEXhgRe8ZB.jpg,,0,not_found
975157,Toilet,2021,/fuWMjb6qgWKSjHxbW1Go9laUnPC.jpg,,0,not_found
975526,Bite Me,2022,/gYbyvIuwPcgpiqV4AXkmCiPt7ax.jpg,,0,not_found
976532,STARE,2021,/wbVSmorN206kAWyDHxivB33uUTz.jpg,,0,no_poster
977226,Best Friend,2017,/5lfI6m4bVLhBRvGIrA75o0ueWM9.jpg,,0,not_found
977751,Rushmore Revenge,2020,/uvBldwAqhv6Lvow1IRWBVaHRiVr.jpg,,0,not_found
977963,My Twisted Desire,2022,/UHue1OAIUcDlfMHuwQDvkF4gJM.jpg,,0,not_found
978910,Contingency,2016,/4pHxQyyv0Fqp2rliUenVnTn5Tzh.jpg,,0,not_found
978912,Station ID,2017,/akZjXE2AUTTwSsR0qu74Pwm0VfN.jpg,,0,not_found
978915,A Look Back,2018,/tAWzcRu5g223qFec8EwE2I9oTzP.jpg,,0,not_found
978916,Real Sleep,2018,/dCSMqi34JGRngQFFFuON6XYDTyc.jpg,,0,not_found
979064,The Visitor,2022,/orxE2sNzN1MM5f6kFx5nngfcY3Z.jpg,,0,not_found
979347,Neil Gaiman’s Likely Stories “Foreign Parts”,2016,/uqbrExmfBuCRe5CAmwz9rZ1c034.jpg,,0,not_found
979737,Stray Dog,2018,/r12HsG7xLh1NqJQBhsaupV20106.jpg,,0,not_found
979746,Rearview Window,2018,/h0PpKRqPZvDGBkyg3G3b39i5H2j.jpg,,0,not_found
981946,The Texas Chainsaw Massacre: Last Round-Up Rollin' Grill,2018,/lCjXZNJQCcXCjteaNdTD8W5DNCH.jpg,,0,not_found
983728,Mystery in the Woods,2017,/6GsUX9axTwWgxHMa8XtGfpjgpb4.jpg,,0,not_found
983992,Going Ape,2022,/xH0AXOse0TyOSnn4209BhK6KInS.jpg,,0,not_found
984436,Arby's Boy: Silence of the Hams,2021,/jBhmySHtzlGoy9ps2JRrYkxDF1.jpg,,0,no_poster
985611,Cycle,2021,/fPsiyTpiQRI0DBfbvIJMoaYRl4n.jpg,,0,not_found
985615,Shine: Puppet Horror Short,2015,/anVgYc5TsJVsqrRPx9gC7JjTGgv.jpg,,0,not_found
985814,Falling Asleep,2022,/zJm6R7j6ywd8WMnTJovZauEy3Ug.jpg,,0,not_found
986665,Supped,2021,/kKTfY9m7CPVryYYc9xLgDkHNRLp.jpg,,0,not_found
987147,Psycho Sister!,2015,/dKIqmliA3px7yNyWioGx0k12snj.jpg,,0,not_found
987801,Atrium,2022,/k3vyOtRDOjX15fYycbKQ5Hc0Crb.jpg,,0,not_found
989769,Oscillate,2022,/6J435I6WaonM8z5OCjOOjxPg2vP.jpg,,0,not_found
990382,OnlyFans,2022,/tQnCVMQf6wKu1HzGIZRaHbCrnty.jpg,,0,not_found
991825,Thursday Night Special,2021,/7TzVQhkqeq7hy9LZe2l9H4DKvZ8.jpg,,0,not_found
992655,Maddie,2022,/2qHIhMLo7J2aKtfrEcZgMaGrR4C.jpg,,0,not_found
993174,The Incongruous,2022,/1kQIyxMXi7uEYCLzTWwp1Ux0CVv.jpg,,0,not_found
993316,Bent Neck,2020,/hXOCuWv1yAbTUzKkKTxCTolmQ0Y.jpg,,0,not_found
993883,Patmos,2022,/sEyZFgTS2jhBfH3b57Fj31cVfTE.jpg,,0,not_found
993921,Let Me Go,2021,/jhhvUcmrsvnnf0T00U0qm1hmkWv.jpg,,0,not_found
994160,One's Own Flesh & Blood,2022,/AfbSCGkewvAw2fFT481QWU4JQvN.jpg,,0,not_found
995466,Agronominon,2022,/3ULmCOBjSocomGU1UfwUDcJyLs5.jpg,,0,not_found
995497,A Room To Die For,2022,/6551Jbe88AvMSyFZINf1gfGYx6V.jpg,,0,not_found
995890,In Search of Him,2022,/f9ATcbCfmUnGJEqeoZLwJ0E56sQ.jpg,,0,not_found
996230,The Colour of Red,2022,/ipqsBaztuLY6bjSGDNvo7xwPVLi.jpg,,0,no_poster
996246,Nowhere Is Somewhere,2022,/trYQ7AVfLeAMLnsznycfBVDuo1b.jpg,,0,not_found
996587,Cleanup,2021,/4VMaAEwProWSpuZebXcfAXF5m38.jpg,,0,not_found
996747,Anniversary,2021,/fyTKxYv9eY7QHEKlHJnI9wXAjcN.jpg,,0,not_found
998409,The Bitch That Cried Wolf,2013,/lMW7CKipVNzRoXQgENAoBbaNE6Y.jpg,,0,no_poster
999844,Hell House LLC (Director's Cut),2016,/i8gXg3KiF590JkZ7Az2AV8DZIpm.jpg,,0,not_found
1003632,Prey,2022,/8l5WGTUYLXJ8qVNDmmBo7bfzvCB.jpg,,0,not_found
1003955,Halloween Is Killing Me,2021,/pQjr2SoQtZYpxj0AsXlgsmufKBj.jpg,,0,not_found
1005122,The Golden Arm (Michigan),2020,/uQpdC4bVvvI6NHtWvjGH53S1t6r.jpg,,0,not_found
1005337,Penumbra,2021,/gta74y0cO6xlPP9wCYqpfPrpSmj.jpg,,0,not_found
1005500,The Tango Man,2022,/qSGbrep863yZ8wWXJws3gAHn63w.jpg,,0,not_found
1005550,Penumbra: The Autumn Cut,2021,/AdMI4DXM9m6YZXIZ2MUyiU1kPN5.jpg,,0,not_found
1005977,don't try to find me,2022,/mA2WI0SfFX2LWaIZcRNasET8tYf.jpg,,0,not_found
1006940,Dispensary of Death,2022,/5W3wh1sejVc1rO6BaAXJE2u78Uk.jpg,,0,no_poster
1007019,Tales of the Unexpected: Neck,1979,/6gVbZLK1Na1PgNwvCdu3tEEZsAn.jpg,,0,not_found
1007022,Tales of the Unexpected: Dip in the Pool,1979,/88yRhJfCIODdoQdUSkAK8wEPUaj.jpg,,0,not_found
1008419,Ghost Cops,2021,/vtTIdVmt1Wl9H6rX7wAUz9UrBdJ.jpg,,0,not_found
1008547,Terrible Teens,2022,/qyybKd0Tlc6bDu0foeQUbsewd6p.jpg,,0,not_found
1009049,Omegle,2022,/sJh8YXNoZqx6UjPspDt5TeGJp72.jpg,,0,not_found
1011608,Junky,2021,/cR3uiHLKPLcUJfh1P8WFQ8AIzqe.jpg,,0,not_found
1012722,Cock Cutters,2011,/hi93Mj7iKMiKXw3ihyTf6Gb55TP.jpg,,0,not_found
1012796,Tales of Unease: Calculated Nightmare,1970,/1TeWe5GNSIWILrXMhBn0sNVUZY8.jpg,,0,not_found
1012803,"Tales of Unease: Ride, Ride",1970,/vONr0Yhcfjv8891ai6BtazbxI9i.jpg,,0,not_found
1013340,Beware the Moonlight,2015,/zukA49uRgqtOJzLRZ7qDiSpjJEg.jpg,,0,not_found
1014087,Pumpkin Man,2021,/uMkjcTZGWv3gkIoqpmwxalqdefm.jpg,,0,not_found
1014531,SLUDGEYARD,2022,/g2zTKZ6O9xs5gepRSQUMH7AmX9k.jpg,,0,not_found
1014684,Rise of the Carriers,2022,/3L4aPyhzuek2lqJ06A68DI7fKOU.jpg,,0,not_found
1014689,The Neighbor,2021,/cUf5pOWucANIKrOZBTis1a9zo4V.jpg,,0,not_found
1015456,Red Right Hand,2022,/ypUdCNthT6HyhGU4Tp8eoCrDHkW.jpg,,0,not_found
1016923,A Man's Doll,2022,/pRL7SwAyBmeoR1IymzDZNYf1URR.jpg,,0,not_found
1018905,She Is Going To Be Late,2021,/u3SoleaRSaqFvJ6MblnxI9dYsTg.jpg,,0,not_found
1019342,The Mermaid,2022,/3SWovvKnMVxVtFoUwt5JaU9eFLY.jpg,,0,not_found
1021064,Snuffology,2018,/c4VVyTVOFlNBePseN9aP02m0hqZ.jpg,,0,no_poster
1021120,Pumpkinman,2004,/beLUKEnIncX2WFodQutnMuRwVsM.jpg,,0,not_found
1022672,Have a Smoke and Fly,2022,/vzzQZfWGCNXjXGyyT2pBhNb4ZYr.jpg,,0,not_found
1022701,Dating with the Gingerdead Man,2011,/cdBHW97BkK6BqeJYIP3fwfOxQKp.jpg,,0,not_found
1023251,Myers: The Evil of Haddonfield,2019,/7Ncdx6MJkNbaX0HZ7DyTMfeJKF4.jpg,,0,not_found
1023492,Beware the Moon,2021,/v02y72E9ApGxD2tGa2hGxUspzVT.jpg,,0,not_found
1023495,Prom Fright,2022,/c02Cklm2ZxrG9R0YZFewXI0r0uA.jpg,,0,not_found
1023985,Apricot,2022,/m9xtTe25q7xGGDqTlxbFiXk5dez.jpg,,0,not_found
1024470,Night Life,2022,/mmUjJNvHtlGo3IGljvamq5Kd2OY.jpg,,0,not_found
1024747,Mukbang,2022,/tfzyF9PGwfVekCVrjQ0Lp7irCLL.jpg,,0,not_found
1024822,The Evil is Inside,2022,/e0RAcVGYrkgZGTf6zK2CiVV26Y2.jpg,,0,no_poster
1024908,Victoria's Secret,2018,/h8V35gVTfYOPxBzGgacvdWIMi5t.jpg,,0,not_found
1025783,The Skullduggery,2020,/e36qR4PAw7pwgJtgNcOkUPOjjMn.jpg,,0,not_found
1026072,A Halloween Horror Story,2021,/rpXzMNVH9RmmFpvNu3DkK7r5JWU.jpg,,0,not_found
1026573,Love Bethany,2022,/xmr3KZybX2n6DrIrqORDxQa6Gvg.jpg,,0,not_found
1027765,Obsession Kills,2022,/vrqldQOTyfw1YHQBIk0mlaasVYi.jpg,,0,not_found
1028562,Oldtimers,2022,/5IeDrVbrkjFDBwrPHhbWR5jlIh4.jpg,,0,no_poster
1028571,The Baby Next Door,2022,/a3m4agHEyEypfuRsjr5K9dQRmRi.jpg,,0,no_poster
1028617,The Tomb of Frankenstein,1964,/4OZXh5RNeEjq95S6VLCAckpMSrH.jpg,,0,no_poster
1029436,Thinking Kills,2022,/5Fc5MFDkDNXBcciEpFc4Xse6TJM.jpg,,0,not_found
1029992,It Lies Beneath,2022,/kuTF0KOTR5DSjNT2oJI4xZWxWS4.jpg,,0,not_found
1030452,Inside the Closet,1984,/gQy3BXDaSGcVG4BaOiAcz5ZeO3g.jpg,,0,not_found
1030457,A Case of the Stubborns,1984,/wZ3SLwkT91SzFYjBK1mgAEcORJL.jpg,,0,not_found
1030635,Blight,2016,/AncFLqkcRvWr7hBAKfNU6OVjIbG.jpg,,0,not_found
1030675,Joke's on You,2021,/xUhUcnI2uZtNAIkK3CdP311b3j.jpg,,0,not_found
1030678,Happy Birthday,2021,/c5WZPE1j3bIjQbOAr9FGW9mOMVt.jpg,,0,not_found
1030680,Death Record,2022,/x2KFP73Q8WRp2dq7FRJsVMSAe7I.jpg,,0,not_found
1030684,Rest ( 2021),2021,/uMhNGORO9r2MSG0VJ0Xxtc46x72.jpg,,0,not_found
1030703,Devil's Door,2020,/jvq3nyUdLhQ2DkwXq4Y1IpoRBFj.jpg,,0,not_found
1030707,Bed Head,2019,/oGNjUfFfgic4WKK6TGAT4aGAoer.jpg,,0,not_found
1030928,Ouija,2021,/aLNMsemG497CMs7cVoJEOqfpix7.jpg,,0,not_found
1030937,Ouija 2,2022,/wMCkCL6uwdxcrmKZfTeBxc4x4cG.jpg,,0,not_found
1030961,Date With a Serial Killer,2022,/o2p5zDKMMCpPVumtHsDw4r2a369.jpg,,0,not_found
1030968,Do Not Call,2022,/iPeeXnzBh50vMH5aho9jX9Z2Ldb.jpg,,0,not_found
1031649,Attack of the flying monks,2022,/dN3bmsEUw7k9oS2T6b569HnUWyq.jpg,,0,not_found
1031963,The Geezenstacks,1986,/k9DJ2gBttt978m3i8OhBDkMEFOK.jpg,,0,not_found
1031975,Halloween Candy,1985,/s6kT5FYvYoNCQdnHoFLhrpgfXIo.jpg,,0,not_found
1032049,Zero Waste,2022,/nhPt73CQRyVvRI1HbsSBaWym2nf.jpg,,0,not_found
1032494,Glass,2022,/3HFsrcIqMlsbeOke9yqB3n0undj.jpg,,0,not_found
1277182,IN THE STEAMBOAT WILLIEE,2024,/hzeM0Zrz3AE5kgMBgVw714sIZen.jpg,,0,not_found
1367856,La Visita (El especial de Halloween de SantiFilms 2),2023,/taAbJLjXaEcxjrn7xUKlHwq0804.jpg,,0,not_found
1573195,Under the Peel (El especial de Halloween de SantiFilms 3),2025,/2ut7zCeBofBePcqqap0Ry6whjmi.jpg,,0,not_found
1625381,Heart Eyes 2,2028,/r0btyELemirUN2EGFOCuOPuKY8r.jpg,,0,no_poster
1638056,The Bloop,2026,/w9ZiEkwA7jrC0zUU9ieqoe6xaq0.jpg,,0,not_found
1725252,The Mandela Catalogue,9999,/asZGw4N53suwbwElRC6VVHQZybF.jpg,,0,not_found
1736367,What's In Your Burger?,2026,/qmH9SG6yU7C3O1nzPxSlyFZ3XIM.jpg,,0,not_found
1736721,v2,2026,/bIgZjnWv46E1gS0fIn7Ypp5n6yB.jpg,,0,not_found
1736763,Christmas Horror,2024,/zMCERwePv4uxgshM84od8QNiz4M.jpg,,0,not_found
1736808,Backrooms - Everything Must Go Edition,2026,/xTrvCk1v3vTapsqsXp7zh8bcv42.jpg,,0,not_found
1736943,Verity ™,2026,/9oIdsLk92ifTnV41lKY58vgEbbH.jpg,,0,not_found
