id,year,title,rek_labels,rek_top,rek_top_conf,rek_weapon,rek_animal,rek_person,rek_water,rek_fire,rek_silhouette,rek_n_boxes,rek_bright,rek_sharp,rek_contrast,rek_colors,rek_mod,rek_violence,rek_mod_weapons,rek_gore,rek_n_faces,rek_emotion,rek_gender,rek_age_lo,rek_age_hi
4230,1997,Scary Texas Movie,Boy:0.99|Male:0.99|Person:0.99|Teen:0.99|Adult:0.99|Man:0.99|Head:0.99|Face:0.99|Officer:0.56|Captain:0.54,Boy,0.9943,0.0,0.0,0.9943,0.0,0.0,0.0,8,53.6,38.14,56.53,#2f4f4f:62.7|#696969:23.7|#808080:9.0|#000000:3.9|#c0c0c0:0.7,,0.0,0.0,0.0,2,CALM:0.86,Male,24,30
27823,2009,Pretty Bloody: The Women of Horror,Adult:1.00|Female:1.00|Person:1.00|Woman:1.00|Hair:0.96|Face:0.93|Head:0.93|Red Hair:0.92|Art:0.80|Painting:0.80,Adult,0.9984,0.0,0.0,0.9984,0.0,0.0,0.0,5,46.39,44.73,78.53,#000000:41.9|#b22222:18.1|#800000:16.9|#8b0000:13.2|#ff8c00:6.2,,0.0,0.0,0.0,1,HAPPY:0.58,Female,34,42
29711,1986,Anemia,Cinema:0.97|Computer Hardware:0.88|Electronics:0.88|Hardware:0.88|Monitor:0.88|Screen:0.88|Text:0.85|Nature:0.84|Night:0.84|Outdoors:0.84,Cinema,0.9662,0.0,0.0,0.0,0.0,0.0,0.0,0,2.49,19.98,75.68,#000000:94.4|#c0c0c0:2.5|#2f4f4f:2.1|#808080:0.9,,0.0,0.0,0.0,0,,,-1,-1
69958,2008,Suitable for Murder,Book:1.00|Publication:1.00|Advertisement:1.00|Poster:1.00|Person:0.98|Face:0.96|Head:0.96|Novel:0.57|Hand:0.56|Graphics:0.55,Book,0.9995,0.0,0.0,0.9846,0.0,0.0,0.5012,1,100.0,92.17,100.0,#ffffff:51.6|#000000:21.6|#800000:19.2|#808080:2.1|#dcdcdc:1.9,,0.0,0.0,0.0,1,CALM:0.93,Female,28,36
77851,1985,The Dead Father,Person:1.00|Reading:1.00|Adult:0.99|Male:0.99|Man:0.99|Face:0.99|Head:0.99|Photography:0.99|Portrait:0.99|Microphone:0.98,Person,0.9958,0.0,0.0,0.9958,0.0,0.5576,0.0,8,54.51,47.75,77.54,#2f4f4f:57.7|#696969:25.0|#a9a9a9:8.8|#808080:8.5,,0.0,0.0,0.0,2,CALM:0.98,Male,25,33
95698,2007,Lockout,Photography:1.00|Face:1.00|Head:1.00|Person:1.00|Portrait:1.00|Adult:0.99|Male:0.99|Man:0.99|People:0.95|Captain:0.83,Photography,0.9999,0.0,0.0,0.9998,0.0,0.0,0.0,13,16.73,13.79,60.7,#000000:74.1|#2f4f4f:19.3|#696969:4.0|#808080:2.5,,0.0,0.0,0.0,1,CONFUSED:0.51,Male,41,49
101364,1988,Kid Safe: The Video,Art:0.88|Text:0.72|Symbol:0.58|Light:0.57|Book:0.56|Number:0.56|Fire:0.56|Graffiti:0.56|Photo Booth:0.55|Dungeon:0.55,Art,0.8802,0.0,0.0,0.0,0.0,0.5611,0.0,0,50.41,83.07,85.52,#000000:43.0|#696969:13.3|#2f4f4f:10.7|#bc8f8f:7.0|#6495ed:6.9,,0.0,0.0,0.0,0,,,-1,-1
120913,2001,An Afternoon,City:1.00|Road:1.00|Street:1.00|Urban:1.00|Person:1.00|Shoe:1.00|Hat:0.99|Handbag:0.99|Bicycle:0.98|Formal Wear:0.98,City,1.0,0.0,0.0,0.9982,0.0,0.0,0.0,43,62.09,82.8,93.83,#2f4f4f:26.4|#dcdcdc:21.8|#000000:20.2|#a9a9a9:12.6|#808080:9.2,,0.0,0.0,0.0,7,HAPPY:0.79,Male,61,67
130016,2008,Blood Red Earth,Fire:0.99|Flame:0.99|Adult:0.98|Female:0.98|Person:0.98|Woman:0.98|Head:0.81|Face:0.80|Bonfire:0.57|Silhouette:0.56,Fire,0.9883,0.0,0.0,0.9784,0.0,0.9883,0.5649,8,1.49,27.4,79.23,#000000:85.2|#cd853f:4.6|#800000:4.2|#8b4513:3.5|#808080:1.6,,0.0,0.0,0.0,0,,,-1,-1
139791,1985,The Thirteenth Day of Christmas,Head:1.00|Person:1.00|Face:1.00|Adult:0.99|Male:0.99|Man:0.99|Formal Wear:0.99|Suit:0.99|Accessories:0.99|Tie:0.99,Head,1.0,0.0,0.0,1.0,0.0,0.0,0.0,7,30.85,27.33,63.45,#000000:63.0|#2f4f4f:18.7|#800000:14.1|#808080:4.1,,0.0,0.0,0.0,1,CONFUSED:0.47,Male,55,61
150906,1954,The Way to Shadow Garden,Face:1.00|Head:1.00|Person:1.00|Photography:1.00|Portrait:1.00|Baby:0.80|Ct Scan:0.59|Smoke:0.56|Art:0.56|Painting:0.56,Face,0.9998,0.0,0.5569,0.9998,0.0,0.5643,0.0,3,95.78,33.05,85.78,#dcdcdc:64.3|#2f4f4f:14.3|#c0c0c0:10.7|#808080:7.1|#a9a9a9:3.6,,0.0,0.0,0.0,0,,,-1,-1
152032,0,,Adult:0.98|Male:0.98|Man:0.98|Person:0.98|Outdoors:0.97|Wheel:0.93|Nature:0.91|Snow:0.70|Shoe:0.68|Face:0.68,Adult,0.9845,0.5642,0.0,0.9845,0.0,0.0,0.0,14,40.77,38.92,81.92,#000000:40.7|#2f4f4f:36.9|#808080:11.8|#a9a9a9:10.3|#dcdcdc:0.3,,0.0,0.0,0.0,0,,,-1,-1
161852,0,,Advertisement:1.00|Poster:0.99|Horseshoe:0.73|Medication:0.63|Pill:0.63|Logo:0.53|Gravestone:0.52|Tomb:0.52|Text:0.52|Symbol:0.52,Advertisement,0.9978,0.0,0.0,0.0,0.0,0.0,0.0,1,42.93,85.66,91.11,#000000:47.1|#2f4f4f:19.2|#c0c0c0:16.9|#808080:16.9,,0.0,0.0,0.0,0,,,-1,-1
166544,0,,Person:0.95|Text:0.79|Advertisement:0.71|Blackboard:0.69|Factory:0.58|Poster:0.58|Tomb:0.57|Gravestone:0.56|Concert:0.56|Vest:0.55,Person,0.9543,0.0,0.0,0.9543,0.0,0.0,0.5315,6,1.31,77.56,77.51,#000000:81.2|#2f4f4f:11.6|#808080:5.8|#a9a9a9:1.4,,0.0,0.0,0.0,0,,,-1,-1
199105,2008,The Auburn Hills Breakdown,Adult:1.00|Female:1.00|Person:1.00|Woman:1.00|Face:0.94|Head:0.94|Photography:0.94|Portrait:0.94|Clothing:0.58|Costume:0.58,Adult,0.9957,0.0,0.0,0.9957,0.0,0.0,0.0,4,80.76,42.58,93.38,#000000:21.3|#dcdcdc:18.2|#a0522d:13.0|#bdb76b:12.2|#9acd32:11.1,,0.0,0.0,0.0,0,,,-1,-1
211238,2008,Soulmates,Face:1.00|Head:1.00|Person:1.00|Sad:1.00|Crying:1.00|Adult:0.99|Female:0.99|Woman:0.99|Male:0.93|Man:0.93,Face,1.0,0.0,0.0,1.0,0.0,0.0,0.0,9,20.14,36.92,76.96,#000000:71.6|#2f4f4f:15.2|#696969:5.6|#483d8b:4.8|#dda0dd:2.4,,0.0,0.0,0.0,1,FEAR:0.26,Female,44,52
212858,2001,The Braineater,Text:0.98|Blackboard:0.96|Letter:0.57|Handwriting:0.57|Book:0.56|Alphabet:0.55|Cutlery:0.55|Calligraphy:0.55|Number:0.55|Symbol:0.55,Text,0.9806,0.0,0.0,0.0,0.0,0.0,0.0,1,0.0,89.89,79.77,#000000:92.8|#c0c0c0:3.6|#2f4f4f:1.3|#808080:1.3|#696969:0.9,,0.0,0.0,0.0,0,,,-1,-1
213130,2010,Chatter,People:1.00|Person:1.00|Head:1.00|Face:1.00|Adult:0.99|Female:0.99|Woman:0.99|Smoke:0.72|Lighter:0.70|Dagger:0.64,People,1.0,0.6415,0.0,1.0,0.0,0.7193,0.0,5,2.13,23.93,75.24,#000000:87.6|#2f4f4f:6.5|#696969:2.9|#808080:2.1|#c0c0c0:0.9,Weapon Violence:0.83|Graphic Violence:0.83|Violence:0.83|Weapons:0.51|Blood & Gore:0.41,0.826,0.5072,0.4068,1,FEAR:0.98,Female,19,25
223051,2013,The Black Woods Footage,Nature:1.00|Night:1.00|Outdoors:1.00|Astronomy:1.00|Moon:1.00|Full Moon:0.91|Water:0.62|Book:0.58|Publication:0.58|Vegetation:0.56,Nature,1.0,0.0,0.5154,0.0,0.6246,0.0,0.0,1,20.97,85.49,83.47,#000000:61.5|#2f4f4f:21.0|#696969:8.8|#dcdcdc:4.5|#808080:3.1,,0.0,0.0,0.0,0,,,-1,-1
225498,2011,Lovely Monster,Person:1.00|Swimming:1.00|Water:1.00|Water Sports:1.00|Adult:1.00|Female:1.00|Woman:1.00|People:0.97|Pool:0.96|Swimming Pool:0.91,Person,1.0,0.0,0.0,1.0,1.0,0.0,0.0,7,74.9,81.31,79.73,#5f9ea0:26.3|#008080:21.8|#2f4f4f:17.1|#a9a9a9:10.6|#696969:10.3,,0.0,0.0,0.0,0,,,-1,-1
230004,2009,Now That You're Dead,Logo:1.00|Symbol:0.73|Sticker:0.57|Batman Logo:0.57|Text:0.55|Spider:0.55|Wasp:0.54|Emblem:0.54|Maroon:0.54|Fist:0.53,Logo,0.9992,0.5248,0.5519,0.0,0.0,0.0,0.0,0,20.3,3.9,76.91,#000000:94.7|#dcdcdc:2.8|#a9a9a9:0.9|#800000:0.8|#2f4f4f:0.6,,0.0,0.0,0.0,0,,,-1,-1
232022,2013,Home Sweet Home,T-Shirt:1.00|Face:1.00|Head:1.00|Person:1.00|Photography:1.00|Portrait:1.00|Neck:1.00|Shirt:0.99|Adult:0.98|Male:0.98,T-Shirt,0.9999,0.0,0.0,0.9998,0.0,0.0,0.0,4,85.01,76.71,91.2,#2f4f4f:21.3|#e6e6fa:17.5|#bdb76b:16.4|#ffebcd:10.7|#696969:10.5,,0.0,0.0,0.0,1,CALM:0.44,Male,36,44
255789,2004,The Crotchening,Adult:0.98|Male:0.98|Man:0.98|Person:0.98|Female:0.96|Woman:0.96|Face:0.94|Head:0.94|Book:0.90|Crowd:0.89,Adult,0.9811,0.0,0.0,0.9811,0.0,0.0,0.0,20,6.86,49.45,82.28,#000000:72.9|#2f4f4f:7.5|#696969:6.4|#191970:4.7|#c0c0c0:4.7,,0.0,0.0,0.0,3,FEAR:0.58,Male,30,38
274257,2014,The First Wave,Clothing:1.00|Footwear:1.00|Shoe:1.00|Sneaker:0.98|Baby:0.95|Person:0.95|Face:0.89|Head:0.89|Pants:0.54|Ankle:0.52,Clothing,0.9986,0.0,0.0,0.946,0.0,0.0,0.0,3,12.78,21.01,34.6,#000000:75.5|#2f4f4f:20.5|#696969:2.5|#483d8b:1.4,,0.0,0.0,0.0,0,,,-1,-1
284309,2009,Murder Is Like Sex,Advertisement:0.98|Poster:0.98|Accessories:0.98|Ornament:0.97|Person:0.94|Art:0.90|Sculpture:0.71|Statue:0.71|Gargoyle:0.64|Dragon:0.53,Advertisement,0.9785,0.0,0.5246,0.937,0.0,0.0,0.0,1,81.66,84.14,91.64,#ffffff:35.6|#808080:19.6|#a0522d:16.2|#2f4f4f:12.4|#a9a9a9:7.8,,0.0,0.0,0.0,1,CALM:0.68,Male,15,21
285156,2011,Escape from Hellview,Adult:0.98|Female:0.98|Person:0.98|Woman:0.98|Art:0.81|Head:0.78|Anime:0.77|Drawing:0.54|Modern Art:0.54|Painting:0.54,Adult,0.9846,0.0,0.0,0.9846,0.0,0.0,0.0,4,45.46,33.47,71.59,#191970:40.8|#483d8b:26.7|#000000:17.6|#696969:10.7|#708090:4.1,,0.0,0.0,0.0,0,,,-1,-1
287650,2009,Potential Employee,Blazer:1.00|Coat:1.00|Jacket:1.00|Adult:1.00|Female:1.00|Person:1.00|Woman:1.00|Blonde:0.99|Formal Wear:0.97|Suit:0.97,Blazer,0.9995,0.0,0.0,0.9986,0.0,0.0,0.0,8,41.27,39.5,81.32,#000000:63.6|#2f4f4f:14.3|#a0522d:10.2|#808080:6.2|#c0c0c0:5.5,,0.0,0.0,0.0,1,FEAR:0.59,Female,24,30
288275,2014,Trust During a Zombie Apocalypse,Vegetation:1.00|Land:1.00|Nature:1.00|Outdoors:1.00|Tree:1.00|Woodland:1.00|Adult:0.99|Male:0.99|Man:0.99|Person:0.99,Vegetation,0.9999,0.0,0.0,0.9892,0.0,0.5788,0.0,12,26.39,81.83,85.48,#000000:55.5|#2f4f4f:16.0|#696969:13.0|#a9a9a9:7.1|#808080:5.9,,0.0,0.0,0.0,3,CALM:0.94,Female,32,40
294949,2002,Timmy's Wish,Device:0.98|Boy:0.96|Child:0.96|Male:0.96|Person:0.96|Chain Saw:0.88|Tool:0.88|Face:0.87|Head:0.87|Animal:0.78,Device,0.9776,0.0,0.7767,0.9591,0.0,0.0,0.0,5,80.91,80.93,92.34,#dcdcdc:21.9|#000000:18.8|#696969:15.6|#c0c0c0:12.5|#808080:9.4,,0.0,0.0,0.0,1,HAPPY:1.00,Male,5,11
295220,1999,Mothman,Vegetation:1.00|Jungle:1.00|Nature:1.00|Outdoors:1.00|Tree:0.99|Face:0.77|Head:0.77|Person:0.77|Art:0.70|Painting:0.70,Vegetation,0.9998,0.0,0.0,0.7714,0.0,0.0,0.0,1,5.11,76.13,83.26,#000000:83.4|#2f4f4f:5.3|#dcdcdc:4.6|#696969:2.8|#808080:2.0,,0.0,0.0,0.0,0,,,-1,-1
295806,2013,Shockwaves,Baby:0.91|Person:0.91|Face:0.81|Vehicle:0.64|Machine:0.58|Wheel:0.58|Hospital:0.57|Spoke:0.57|Alloy Wheel:0.55|Reel:0.55,Baby,0.9121,0.0,0.0,0.9121,0.0,0.0,0.0,8,80.29,81.91,91.81,#a0522d:20.4|#dcdcdc:17.8|#000000:14.2|#c0c0c0:13.2|#bc8f8f:12.7,,0.0,0.0,0.0,1,CALM:0.95,Female,25,33
295974,1992,The Vampyr: A Soap Opera,Advertisement:1.00|Poster:1.00|Adult:0.99|Male:0.99|Man:0.99|Person:0.99|Female:0.99|Woman:0.99|Book:0.98|Publication:0.98,Advertisement,0.9992,0.0,0.0,0.9924,0.0,0.0,0.0,16,58.39,89.55,97.09,#000000:41.9|#dcdcdc:19.9|#dc143c:13.1|#a9a9a9:7.9|#2f4f4f:7.2,,0.0,0.0,0.0,8,ANGRY:0.99,Male,35,43
300608,2011,Exit,Accessories:1.00|Formal Wear:1.00|Tie:1.00|People:0.99|Person:0.99|Glove:0.99|Adult:0.98|Male:0.98|Man:0.98|Face:0.98,Accessories,0.9992,0.0,0.0,0.9907,0.0,0.0,0.0,7,6.11,25.75,60.19,#000000:76.4|#2f4f4f:20.2|#808080:3.4,,0.0,0.0,0.0,1,CALM:0.97,Male,62,68
308131,0,,Adult:0.99|Male:0.99|Man:0.99|Person:0.99|Head:0.99|Face:0.98|Urban:0.68|Portrait:0.57|Pub:0.56|Smile:0.56,Adult,0.9908,0.0,0.0,0.9908,0.0,0.0,0.0,9,27.28,36.55,83.85,#000000:61.3|#800000:18.4|#b22222:5.4|#ff8c00:5.1|#f0e68c:3.8,,0.0,0.0,0.0,2,CALM:0.86,Male,30,38
309068,2014,The Girl Who Played with the Dead,Clothing:1.00|Footwear:1.00|High Heel:1.00|Shoe:1.00|Food:0.99|Ketchup:0.99|Clogs:0.52,Clothing,1.0,0.0,0.0,0.0,0.0,0.0,0.0,1,99.01,81.91,96.88,#ffffff:49.8|#800000:18.5|#dcdcdc:10.0|#a52a2a:8.6|#f08080:4.2,Blood & Gore:0.48|Graphic Violence:0.48|Violence:0.48,0.4799,0.0,0.4799,0,,,-1,-1
315123,2008,Echo,Person:0.99|Romantic:0.99|Head:0.99|Face:0.99|Adult:0.98|Male:0.98|Man:0.98|Cuddling:0.96|Happy:0.90|Smile:0.90,Person,0.995,0.0,0.0,0.995,0.0,0.0,0.0,6,76.32,76.17,87.75,#808080:30.4|#2f4f4f:28.4|#ffffff:19.6|#696969:12.2|#a9a9a9:5.3,,0.0,0.0,0.0,2,CALM:0.71,Female,19,25
330317,0,,Coat:1.00|Face:0.99|Head:0.99|Person:0.99|Photography:0.99|Portrait:0.99|Adult:0.99|Male:0.99|Man:0.99|Pub:0.98,Coat,0.9982,0.0,0.0,0.9915,0.0,0.0,0.0,6,6.7,90.15,88.48,#000000:71.0|#696969:11.8|#dcdcdc:6.4|#808080:5.8|#2f4f4f:2.7,,0.0,0.0,0.0,1,CALM:0.96,Male,30,38
330946,2003,Zombie Harvest,Text:0.99|Newspaper:0.99|Clapperboard:0.82|Advertisement:0.53|Publication:0.52|Newsstand:0.52|Shop:0.52|Magazine:0.52|Tabloid:0.52,Text,0.9865,0.0,0.0,0.0,0.0,0.0,0.0,1,47.95,50.09,92.68,#000000:40.2|#800000:16.0|#a9a9a9:15.6|#808080:13.0|#a0522d:6.8,,0.0,0.0,0.0,0,,,-1,-1
332764,2004,Mobius,Face:1.00|Head:1.00|Person:1.00|Photography:1.00|Portrait:1.00|Adult:0.99|Bride:0.99|Female:0.99|Woman:0.99|Electronics:0.87,Face,1.0,0.0,0.0,1.0,0.0,0.0,0.0,5,32.51,75.17,100.0,#000000:49.9|#ffffff:30.9|#5f9ea0:5.0|#afeeee:3.6|#c0c0c0:3.4,,0.0,0.0,0.0,1,SAD:0.93,Male,53,59
332769,2008,Abused,Head:0.94|Person:0.94|Face:0.93|Adult:0.89|Bride:0.89|Female:0.89|Woman:0.89|Alien:0.61|Alcohol:0.56|Beverage:0.56,Head,0.945,0.0,0.0,0.945,0.0,0.0,0.0,6,16.52,19.0,59.51,#000000:62.0|#2f4f4f:36.5|#a0522d:1.5,Blood & Gore:0.92|Graphic Violence:0.92|Violence:0.92,0.9152,0.0,0.9152,0,,,-1,-1
333347,2012,This Girl's Gun,Head:1.00|Person:1.00|Face:1.00|Photography:0.99|Portrait:0.99|Adult:0.97|Female:0.97|Woman:0.97|Angry:0.88|Cap:0.82,Head,0.9998,0.0,0.0,0.9998,0.0,0.0,0.0,5,18.13,40.94,82.65,#000000:66.0|#2f4f4f:15.7|#696969:5.4|#808080:5.0|#b0c4de:4.3,,0.0,0.0,0.0,1,CALM:0.93,Female,19,25
333395,2014,Abdullah,Logo:0.94|Text:0.79|Outdoors:0.72|Book:0.56|Publication:0.56|Nature:0.56|Alphabet:0.55|Symbol:0.54|Brick:0.54|Lion:0.54,Logo,0.9435,0.0,0.0,0.0,0.0,0.0,0.0,0,0.0,71.05,76.97,#000000:64.6|#b22222:20.9|#8b4513:12.3|#800000:2.2,,0.0,0.0,0.0,0,,,-1,-1
334715,2012,Kvistur,Machine:1.00|Adult:0.99|Male:0.99|Man:0.99|Person:0.99|Car:0.98|Vehicle:0.98|Clothing:0.97|Hat:0.97|Gas Station:0.91,Machine,0.9986,0.0,0.0,0.9904,0.0,0.0,0.0,11,42.89,85.62,84.69,#000000:45.9|#2f4f4f:34.6|#808080:15.3|#ffffff:4.1|#800000:0.1,,0.0,0.0,0.0,0,,,-1,-1
335220,0,,Outdoors:0.89|Nature:0.88|Blackboard:0.78|Logo:0.75|Text:0.74|Sky:0.71|Night:0.67|Number:0.67|Symbol:0.67|Weather:0.57,Outdoors,0.8908,0.0,0.0,0.0,0.0,0.0,0.0,1,40.21,13.74,49.05,#2f4f4f:49.0|#000000:47.7|#808080:3.3,,0.0,0.0,0.0,0,,,-1,-1
335772,0,,Adult:0.98|Female:0.98|Person:0.98|Woman:0.98|Alien:0.88|Animal:0.80|Dinosaur:0.80|Vegetation:0.64|T-Rex:0.57|Advertisement:0.55,Adult,0.981,0.0,0.7952,0.981,0.0,0.0,0.0,4,18.36,88.13,78.88,#000000:81.9|#2f4f4f:9.1|#a9a9a9:4.5|#696969:3.5|#dcdcdc:1.1,,0.0,0.0,0.0,0,,,-1,-1
341733,2015,46 Miles,Finger:1.00|Hand:1.00|Person:1.00|Advertisement:1.00|Poster:0.99|Adult:0.93|Male:0.93|Man:0.93|Text:0.91|Arm:0.68,Finger,0.9998,0.0,0.0,0.9998,0.0,0.0,0.0,5,77.58,89.66,86.44,#6b8e23:16.0|#800000:15.1|#c0c0c0:13.6|#808080:13.5|#87ceeb:11.3,,0.0,0.0,0.0,0,,,-1,-1
346346,2011,Bailout!,Adult:0.99|Female:0.99|Person:0.99|Woman:0.99|Lighting:0.98|Face:0.83|Head:0.83|Playing Volleyball:0.70|Fitness:0.58|Working Out:0.58,Adult,0.9897,0.0,0.0,0.9897,0.0,0.0,0.0,5,73.71,27.49,81.63,#cd853f:28.2|#d2691e:24.7|#a0522d:17.0|#800000:9.1|#f4a460:7.9,Swimwear or Underwear:0.95|Female Swimwear or Underwear:0.95,0.0,0.0,0.0,1,SAD:0.98,Female,35,43
347679,2014,Thresher,Adult:0.99|Male:0.99|Man:0.99|Person:0.99|Chair:0.98|Head:0.77|Face:0.75|Candle:0.58|Alien:0.58|Scarecrow:0.55,Adult,0.9875,0.5327,0.0,0.9875,0.0,0.0,0.0,14,5.07,33.56,40.85,#000000:84.9|#800000:7.6|#2f4f4f:4.2|#a0522d:3.3,,0.0,0.0,0.0,3,FEAR:0.81,Male,40,48
348761,2011,Making Friends,Advertisement:1.00|Poster:1.00|Adult:0.99|Male:0.99|Man:0.99|Person:0.99|Face:0.92|Head:0.92|Festival:0.71|Book:0.58,Advertisement,0.999,0.0,0.0,0.9857,0.0,0.0,0.0,5,53.36,94.08,90.08,#000000:41.9|#deb887:17.1|#2f4f4f:10.7|#a0522d:9.1|#8b4513:8.9,,0.0,0.0,0.0,1,CALM:0.93,Male,10,18
348924,2015,Realm,Head:1.00|Person:1.00|Face:1.00|Photography:1.00|Portrait:1.00|Sad:1.00|Crying:1.00|Adult:0.90|Male:0.90|Man:0.90,Head,1.0,0.0,0.0,1.0,0.0,0.0,0.0,4,45.92,20.03,64.54,#2f4f4f:47.5|#000000:33.4|#696969:12.1|#778899:3.5|#191970:2.3,,0.0,0.0,0.0,1,SAD:0.91,Female,19,25
352823,2014,Playing with the Devil,Advertisement:1.00|Poster:1.00|Publication:1.00|Book:1.00|Adult:0.99|Bride:0.99|Female:0.99|Person:0.99|Woman:0.99|Face:0.94,Advertisement,0.9999,0.0,0.0,0.9911,0.0,0.0,0.0,5,45.07,86.24,82.89,#000000:44.0|#2f4f4f:22.0|#696969:20.0|#808080:10.6|#800000:1.9,,0.0,0.0,0.0,1,CALM:0.54,Female,13,19
353038,0,,Head:1.00|Person:1.00|Face:1.00|Photography:1.00|Portrait:1.00|Body Part:1.00|Neck:1.00|Jaw:0.57|Throat:0.52|Ear:0.52,Head,1.0,0.0,0.0,1.0,0.0,0.0,0.0,1,83.83,10.52,76.95,#808080:30.3|#a9a9a9:22.1|#c0c0c0:20.6|#696969:12.9|#dcdcdc:12.7,,0.0,0.0,0.0,1,FEAR:0.40,Female,26,34
353862,2011,T is for Tantrum,Head:1.00|Person:1.00|Face:1.00|Tie:0.99|Adult:0.98|Female:0.98|Woman:0.98|Conversation:0.94|Ring:0.79|Boy:0.76,Head,0.9974,0.0,0.0,0.9974,0.0,0.5436,0.0,16,42.86,49.78,79.08,#000000:41.4|#2f4f4f:33.9|#696969:11.1|#a9a9a9:10.4|#8b4513:2.3,,0.0,0.0,0.0,2,CALM:0.84,Male,37,45
353940,2013,Amberpark: The Beginning,Book:1.00|Publication:1.00|Face:0.99|Head:0.99|Person:0.99|Photography:0.99|Portrait:0.99|Adult:0.98|Male:0.98|Man:0.98,Book,1.0,0.0,0.0,0.9935,0.0,0.0,0.0,12,61.93,79.72,98.89,#ffffff:30.3|#2f4f4f:21.6|#000000:21.0|#696969:11.3|#808080:7.7,,0.0,0.0,0.0,3,CALM:0.43,Female,33,41
363459,2013,Witches Brew,Nature:1.00|Outdoors:1.00|Yard:1.00|Person:0.96|Fence:0.87|Picket Fence:0.62|Backyard:0.56|Picket:0.55|Neighborhood:0.55|Play Area:0.55,Nature,1.0,0.0,0.0,0.9556,0.0,0.0,0.0,1,66.52,89.49,95.68,#000000:34.1|#ffffff:17.8|#778899:15.6|#2f4f4f:12.4|#c0c0c0:10.4,,0.0,0.0,0.0,1,FEAR:0.86,Male,21,27
364308,2015,Fast Zombies Suck,Electronics:0.93|Hardware:0.93|Adult:0.92|Female:0.92|Person:0.92|Woman:0.92|Game:0.63|Computer Hardware:0.56|City:0.55|Hospital:0.55,Electronics,0.9258,0.0,0.0,0.9241,0.0,0.0,0.0,4,69.6,45.36,70.68,#808080:46.5|#2f4f4f:25.6|#696969:17.5|#a9a9a9:6.5|#bc8f8f:1.1,,0.0,0.0,0.0,0,,,-1,-1
364400,2015,Monster Problems,Baby:0.96|Person:0.96|Blanket:0.90|Taking Cover:0.71|Head:0.70|Face:0.68|Hiding:0.54,Baby,0.9622,0.0,0.0,0.9622,0.0,0.0,0.0,2,66.67,16.73,84.39,#808080:40.4|#2f4f4f:23.6|#000000:20.3|#c0c0c0:9.8|#696969:5.4,,0.0,0.0,0.0,1,CONFUSED:0.68,Male,9,15
364759,2015,Home Sweet Home,Lamp:1.00|Table Lamp:1.00|Painting:1.00|Adult:0.99|Male:0.99|Man:0.99|Person:0.99|Cup:0.97|Head:0.86|Face:0.84,Lamp,1.0,0.0,0.0,0.9886,0.0,0.0,0.0,9,26.24,37.33,60.98,#000000:59.1|#2f4f4f:34.1|#808080:3.5|#696969:2.5|#a9a9a9:0.8,,0.0,0.0,0.0,1,CALM:0.98,Male,57,65
366096,2014,The King and Queen of Halloween,People:1.00|Person:1.00|Photography:0.99|Mace Club:0.95|Weapon:0.95|Boy:0.94|Male:0.94|Teen:0.94|Hat:0.92|Glasses:0.85,People,0.9987,0.9513,0.0,0.9987,0.0,0.0,0.0,11,44.62,75.48,81.03,#000000:38.2|#2f4f4f:37.0|#808080:9.1|#a9a9a9:6.1|#800000:3.4,,0.0,0.0,0.0,2,CALM:0.58,Male,16,22
366296,2014,This Is How You Haunt Your House,Coat:1.00|Jacket:1.00|Face:1.00|Head:1.00|Person:1.00|Photography:1.00|Portrait:1.00|Tie:0.99|Adult:0.99|Female:0.99,Coat,1.0,0.0,0.0,0.9972,0.0,0.5578,0.0,11,48.01,38.49,81.6,#000000:40.6|#2f4f4f:30.8|#808080:18.4|#a9a9a9:6.9|#556b2f:1.4,,0.0,0.0,0.0,2,CALM:0.42,Female,47,55
377567,2011,More Than You Can Chew,Head:1.00|Person:1.00|Face:1.00|Boy:0.97|Male:0.97|Teen:0.97|Sad:0.64|Sweating:0.53|Crying:0.52|Skin:0.52,Head,1.0,0.0,0.0,1.0,0.0,0.0,0.0,4,68.06,33.32,90.44,#808080:31.0|#000000:29.4|#2f4f4f:13.3|#a9a9a9:11.7|#dcdcdc:8.1,,0.0,0.0,0.0,1,FEAR:0.91,Female,13,19
379098,2012,Twas the Night of the Tree Beast,Accessories:0.99|Glasses:0.99|Adult:0.98|Male:0.98|Man:0.98|Person:0.98|Clothing:0.97|Hat:0.97|Female:0.96|Woman:0.96,Accessories,0.9917,0.0,0.0,0.9823,0.0,0.0,0.0,12,43.2,78.92,80.5,#000000:54.4|#556b2f:7.8|#800000:7.6|#2f4f4f:6.7|#2e8b57:5.8,Alcoholic Beverages:0.94|Alcohol:0.94,0.0,0.0,0.0,2,CONFUSED:0.63,Female,37,45
382275,0,,Adult:1.00|Bride:1.00|Female:1.00|Person:1.00|Woman:1.00|Male:0.99|Man:0.99|Lady:0.97|Book:0.94|Publication:0.94,Adult,0.9968,0.0,0.0,0.9968,0.0,0.0,0.0,10,12.76,34.21,50.0,#000000:82.8|#2f4f4f:9.4|#800000:4.6|#808080:3.3,,0.0,0.0,0.0,2,SURPRISED:0.61,Male,31,39
386867,2013,White With Red,Baseball (Ball):0.79|Sport:0.79|Clapperboard:0.65|Dynamite:0.62|Weapon:0.62|Text:0.57|Advertisement:0.54|Poster:0.54|Key:0.54|Hole:0.53,Baseball (Ball),0.7941,0.6161,0.0,0.0,0.0,0.0,0.0,3,22.52,87.75,89.82,#000000:64.4|#2f4f4f:11.6|#dcdcdc:9.5|#696969:7.1|#808080:4.1,,0.0,0.0,0.0,0,,,-1,-1
392048,2015,Postpartum,Face:1.00|Happy:1.00|Head:1.00|Person:1.00|Smile:1.00|Photography:0.96|Portrait:0.96|Laughing:0.57|Hospital:0.57|Mouth:0.57,Face,1.0,0.0,0.0,1.0,0.0,0.0,0.0,2,64.92,34.59,81.74,#2f4f4f:33.3|#556b2f:17.1|#cd853f:11.9|#a0522d:10.4|#8b4513:9.1,,0.0,0.0,0.0,1,HAPPY:0.98,Female,24,30
393148,2015,Empty Bed,Adult:1.00|Female:1.00|Person:1.00|Woman:1.00|Face:1.00|Head:1.00|Sweating:0.65|Photography:0.57|Portrait:0.57|Sad:0.54,Adult,0.9974,0.0,0.0,0.9974,0.0,0.0,0.0,4,30.9,20.94,37.53,#000000:62.0|#2f4f4f:34.9|#708090:3.2,,0.0,0.0,0.0,1,FEAR:0.97,Female,27,35
395380,2016,Demented,Head:1.00|Person:1.00|Face:1.00|Smoke:1.00|Adult:0.98|Male:0.98|Man:0.98|Laptop:0.96|Hammer:0.93|Smoking:0.92,Head,1.0,0.5429,0.0,1.0,0.0,0.9993,0.0,7,32.99,35.0,65.62,#000000:58.7|#2f4f4f:34.0|#696969:4.7|#808080:2.6,,0.0,0.0,0.0,1,SAD:0.67,Female,21,27
396822,2014,Gutter Punk Massacre,Book:1.00|Publication:1.00|Face:0.95|Head:0.95|Person:0.95|Baby:0.94|Advertisement:0.94|Poster:0.94|Art:0.74|Comics:0.74,Book,1.0,0.5486,0.0,0.9476,0.0,0.0,0.0,8,39.28,78.98,82.86,#000000:50.4|#800000:15.8|#8b4513:13.8|#a0522d:10.1|#c0c0c0:4.7,Weapon Violence:0.77|Graphic Violence:0.77|Violence:0.77|Weapons:0.58,0.7701,0.5828,0.0,3,CALM:0.94,Male,36,44
397167,2013,Peter Coukis: Gimoire,Finger:1.00|Hand:1.00|Person:1.00|Adult:0.79|Male:0.79|Man:0.79|Symbol:0.56|Photography:0.55|Silhouette:0.55|Indoors:0.55,Finger,0.9982,0.0,0.0,0.9982,0.0,0.0,0.5501,4,80.38,13.95,82.16,#a9a9a9:23.9|#d8bfd8:23.0|#bc8f8f:16.7|#2f4f4f:15.5|#808080:12.7,,0.0,0.0,0.0,0,,,-1,-1
404193,1994,The Outsider,Adult:1.00|Female:1.00|Person:1.00|Woman:1.00|Head:0.87|Face:0.82|Lady:0.64|Animal:0.58|Indoors:0.58|Cobra:0.57,Adult,0.9981,0.0,0.5787,0.9981,0.0,0.0,0.0,8,21.52,23.85,76.18,#000000:70.5|#800000:10.4|#2f4f4f:7.9|#bc8f8f:5.9|#a0522d:5.3,,0.0,0.0,0.0,1,CALM:0.78,Female,25,33
404963,0,,Adult:1.00|Female:1.00|Person:1.00|Woman:1.00|Male:0.99|Man:0.99|People:0.98|Head:0.88|Face:0.86|Photography:0.75,Adult,0.9966,0.0,0.0,0.9966,0.0,0.0,0.0,25,8.19,81.08,88.09,#000000:84.0|#ffffff:6.7|#696969:3.8|#2f4f4f:3.3|#808080:1.2,,0.0,0.0,0.0,4,CALM:0.89,Male,35,43
405205,2006,Stanley's Girlfriend,Boy:0.96|Male:0.96|Person:0.96|Teen:0.96|Chess:0.95|Game:0.95|Adult:0.92|Man:0.92|Face:0.72|Head:0.72,Boy,0.9589,0.0,0.0,0.9589,0.0,0.0,0.0,9,9.44,44.57,82.17,#000000:73.6|#800000:9.8|#bc8f8f:8.2|#a0522d:5.1|#8b4513:2.9,,0.0,0.0,0.0,2,CALM:1.00,Male,26,34
406717,2012,Return of the Bloodsucking Nazi Zombies,Hat:1.00|Face:1.00|Head:1.00|Person:1.00|Photography:1.00|Portrait:1.00|Adult:0.99|Male:0.99|Man:0.99|Bottle:0.64,Hat,0.9993,0.0,0.0,0.996,0.0,0.0,0.0,5,46.87,24.22,78.52,#800000:51.3|#000000:20.2|#8b4513:7.2|#a52a2a:6.7|#a0522d:4.6,,0.0,0.0,0.0,1,CALM:0.95,Male,23,29
412273,0,,Advertisement:1.00|Poster:1.00|Fountain:0.98|Water:0.98|Person:0.97|Stage:0.56|Night:0.55|Indoors:0.55|Altar:0.54|Theater:0.54,Advertisement,1.0,0.0,0.0,0.9672,0.9753,0.0,0.0,2,22.79,84.91,90.17,#000000:68.4|#ffebcd:12.9|#2f4f4f:8.9|#800000:5.2|#696969:1.8,,0.0,0.0,0.0,0,,,-1,-1
417025,1996,Theater Dark Video Magazine,Adult:0.96|Female:0.96|Person:0.96|Woman:0.96|Face:0.89|Head:0.89|Male:0.83|Man:0.83|Slapping:0.60|Dog:0.60,Adult,0.9564,0.0,0.6019,0.9564,0.0,0.0,0.0,14,44.52,39.14,89.01,#000000:46.5|#2f4f4f:15.5|#708090:12.8|#dda0dd:12.8|#dcdcdc:5.4,,0.0,0.0,0.0,1,CALM:0.97,Female,25,33
419777,1987,Jonathan of the Night,Head:1.00|Person:1.00|Face:1.00|Adult:0.99|Male:0.99|Man:0.99|Photography:0.99|Portrait:0.99|Happy:0.99|Laughing:0.99,Head,1.0,0.0,0.0,1.0,0.0,0.0,0.0,8,83.49,32.76,91.9,#daa520:20.5|#8b4513:15.4|#b8860b:13.6|#ffff00:13.3|#556b2f:12.7,Blood & Gore:0.95|Graphic Violence:0.95|Violence:0.95,0.9522,0.0,0.9522,1,HAPPY:1.00,Male,27,35
420773,2016,Rest my Bones,Photography:1.00|Face:1.00|Head:1.00|Person:1.00|Portrait:1.00|Book:1.00|Publication:1.00|Accessories:0.99|Formal Wear:0.99|Tie:0.99,Photography,1.0,0.0,0.0,1.0,0.0,0.0,0.0,4,56.57,79.61,85.31,#2f4f4f:30.3|#000000:29.6|#808080:22.2|#a9a9a9:11.2|#b22222:4.2,,0.0,0.0,0.0,1,SURPRISED:0.96,Male,30,38
422427,1989,Dream car,Adult:0.97|Male:0.97|Man:0.97|Person:0.97|Car:0.94|Transportation:0.94|Vehicle:0.94|Machine:0.92|Wheel:0.92|Car - Exterior:0.81,Adult,0.9722,0.0,0.0,0.9722,0.0,0.0,0.0,7,52.7,48.66,86.08,#2f4f4f:61.6|#dcdcdc:10.7|#808080:10.1|#696969:9.0|#a9a9a9:7.6,,0.0,0.0,0.0,0,,,-1,-1
423658,2014,Sleeper,Boy:1.00|Male:1.00|Person:1.00|Teen:1.00|Head:0.97|Face:0.97|Baby:0.93|Photography:0.89|Portrait:0.89|Monitor:0.87,Boy,0.9956,0.0,0.0,0.9956,0.0,0.0,0.0,11,67.43,80.69,88.29,#2f4f4f:18.9|#000000:16.6|#cd853f:15.8|#a0522d:15.3|#ffebcd:14.2,,0.0,0.0,0.0,2,CALM:0.92,Male,34,42
424031,2016,West Skerra Light,People:1.00|Person:1.00|Face:1.00|Head:1.00|Photography:1.00|Portrait:1.00|Adult:1.00|Male:1.00|Man:1.00|Female:1.00,People,0.9999,0.0,0.0,0.9999,0.0,0.0,0.0,22,64.71,77.47,84.37,#000000:26.3|#696969:17.7|#2f4f4f:17.1|#a9a9a9:11.4|#bc8f8f:10.3,,0.0,0.0,0.0,4,CALM:0.67,Male,44,52
424594,2016,Dolls,Adult:0.97|Female:0.97|Person:0.97|Woman:0.97|Toy:0.94|Face:0.91|Head:0.91|Doll:0.91|Book:0.56|Publication:0.56,Adult,0.9659,0.0,0.0,0.9659,0.0,0.0,0.0,4,17.11,12.2,43.1,#000000:73.6|#2f4f4f:15.3|#800000:6.7|#8b4513:4.4,,0.0,0.0,0.0,0,,,-1,-1
429021,2015,The Last Abduction,Alien:1.00|Adult:0.98|Male:0.98|Man:0.98|Person:0.98|Face:0.86|Head:0.86|Photography:0.55|Portrait:0.55|Cartoon:0.52,Alien,1.0,0.0,0.0,0.9783,0.0,0.0,0.0,4,40.76,11.54,25.3,#2f4f4f:53.3|#000000:45.1|#696969:1.6,,0.0,0.0,0.0,0,,,-1,-1
431215,2015,A Visit From Krampus,Christmas:0.98|Christmas Decorations:0.98|Festival:0.98|Christmas Tree:0.96|Person:0.77|Accessories:0.57|Glitter:0.56|Ornament:0.54|Christmas Tree Ornaments:0.54|Plant:0.51,Christmas,0.9828,0.0,0.0,0.7683,0.0,0.0,0.0,1,52.3,82.01,81.17,#000000:33.2|#2f4f4f:22.2|#696969:16.0|#808080:15.8|#800000:6.4,,0.0,0.0,0.0,0,,,-1,-1
436118,2011,T is for Talk,Adult:1.00|Male:1.00|Man:1.00|Person:1.00|Female:1.00|Woman:1.00|Bracelet:0.95|People:0.92|Wristwatch:0.87|Indoors:0.80,Adult,0.9986,0.5354,0.0,0.9986,0.0,0.0,0.0,32,2.2,77.64,81.58,#000000:74.8|#2f4f4f:14.1|#808080:6.7|#a9a9a9:2.5|#c0c0c0:1.9,,0.0,0.0,0.0,6,CALM:0.81,Male,31,39
437931,2017,House of Spirits,Cup:1.00|Chair:1.00|Adult:1.00|Male:1.00|Man:1.00|Person:1.00|People:0.99|Indoors:0.96|Conversation:0.96|Desk:0.81,Cup,0.9984,0.0,0.0,0.9959,0.0,0.0,0.0,22,50.05,77.31,97.9,#000000:42.5|#ffebcd:21.2|#c0c0c0:10.6|#2f4f4f:6.6|#bc8f8f:5.7,,0.0,0.0,0.0,3,CALM:0.99,Male,29,37
438470,2007,Empathy,Adult:0.98|Male:0.98|Man:0.98|Person:0.98|Head:0.98|Face:0.97|Sweating:0.90|Skin:0.82|Body Part:0.58|Jaw:0.58,Adult,0.9806,0.0,0.0,0.9806,0.0,0.0,0.0,4,45.74,20.33,78.87,#2f4f4f:44.7|#000000:37.0|#696969:6.9|#808080:5.1|#a9a9a9:3.0,,0.0,0.0,0.0,2,CALM:1.00,Male,28,36
445671,2012,Archie: A Wee Ghost Story,Person:0.98|Blue:0.94,Person,0.9779,0.0,0.0,0.9779,0.0,0.0,0.0,1,1.31,15.18,65.34,#000000:65.4|#191970:25.4|#483d8b:7.2|#6495ed:1.0|#2f4f4f:0.9,,0.0,0.0,0.0,0,,,-1,-1
460876,2014,Set Yourself Free,Head:1.00|Person:1.00|Face:1.00|Adult:0.99|Female:0.99|Woman:0.99|Angry:0.91|Shouting:0.91|Accessories:0.73|Jewelry:0.73,Head,0.9999,0.0,0.0,0.9999,0.0,0.0,0.0,5,80.75,28.34,78.72,#808080:29.2|#a9a9a9:26.1|#c0c0c0:19.3|#2f4f4f:12.5|#d2b48c:5.1,Blood & Gore:1.00|Graphic Violence:1.00|Violence:1.00,0.9953,0.0,0.9953,1,SAD:0.63,Female,34,42
467438,0,,Adult:0.89|Female:0.89|Person:0.89|Woman:0.89|Accessories:0.71|Handbag:0.71|Horse:0.70|Head:0.63|Batman:0.62|Art:0.57,Adult,0.8866,0.0,0.0,0.8866,0.0,0.0,0.0,8,17.11,39.79,36.31,#000000:85.5|#2f4f4f:13.1|#708090:1.4,,0.0,0.0,0.0,0,,,-1,-1
494618,2016,Dear Albion,Photography:1.00|Face:1.00|Head:1.00|Person:1.00|Portrait:1.00|Adult:0.98|Male:0.98|Man:0.98|Beard:0.98|Female:0.97,Photography,1.0,0.0,0.0,1.0,0.0,0.0,0.0,14,48.83,41.65,91.8,#000000:31.8|#2f4f4f:22.7|#696969:13.6|#c0c0c0:13.6|#dcdcdc:9.1,,0.0,0.0,0.0,4,CALM:0.89,Male,35,43
502923,2016,Don't Run,Grove:1.00|Land:1.00|Nature:1.00|Outdoors:1.00|Tree:1.00|Vegetation:1.00|Woodland:1.00|Advertisement:0.96|Poster:0.95|Book:0.90,Grove,1.0,0.0,0.0,0.0,0.0,0.0,0.0,0,65.14,80.56,77.83,#808080:35.1|#2f4f4f:32.6|#696969:20.3|#a9a9a9:8.7|#c0c0c0:3.4,,0.0,0.0,0.0,0,,,-1,-1
522806,2014,Dead Week,Adult:1.00|Female:1.00|Person:1.00|Woman:1.00|Photography:0.99|Tripod:0.98|Musical Instrument:0.77|Violin:0.77|Head:0.62|Electronics:0.58,Adult,0.9986,0.0,0.0,0.9986,0.0,0.0,0.5687,7,4.59,65.96,86.29,#000000:65.2|#2f4f4f:13.0|#808080:10.9|#a9a9a9:10.9,,0.0,0.0,0.0,0,,,-1,-1
554075,2017,The Wicked Little Witch,Head:1.00|Person:1.00|Face:1.00|Photography:1.00|Portrait:1.00|Adult:0.99|Female:0.99|Woman:0.99|People:0.97|Child:0.96,Head,0.9993,0.0,0.0,0.9993,0.0,0.5692,0.0,8,12.39,34.66,82.62,#000000:74.8|#2f4f4f:8.7|#696969:7.9|#a9a9a9:4.1|#c0c0c0:2.7,Blood & Gore:0.60|Graphic Violence:0.60|Violence:0.60,0.6005,0.0,0.6005,2,SAD:0.98,Female,34,42
563085,2009,The Storymaker,Face:1.00|Head:1.00|Person:1.00|Photography:1.00|Portrait:1.00|Adult:0.99|Female:0.99|Woman:0.99|Male:0.99|Man:0.99,Face,1.0,0.0,0.0,1.0,0.0,0.0,0.0,8,5.25,16.57,75.8,#000000:76.0|#2f4f4f:15.9|#696969:5.4|#808080:2.6,,0.0,0.0,0.0,2,CALM:0.55,Female,24,32
567501,1982,World War Mud,Computer Hardware:0.99|Hardware:0.99|Monitor:0.99|Screen:0.99|Person:0.94|Swimming:0.92|Outdoors:0.88|Dancing:0.84|Face:0.79|Head:0.79,Computer Hardware,0.9855,0.0,0.0,0.9352,0.0,0.0,0.5653,1,76.83,78.91,86.45,#4682b4:37.1|#6a5acd:20.3|#afeeee:17.0|#000000:14.0|#00008b:4.8,,0.0,0.0,0.0,0,,,-1,-1
577919,2018,Antoni Psycho,Head:0.98|Person:0.98|Face:0.98|Adult:0.95|Male:0.95|Man:0.95|Sweating:0.93|Skin:0.77,Head,0.9796,0.0,0.0,0.9796,0.0,0.0,0.0,4,42.85,22.35,87.15,#000000:49.3|#2f4f4f:12.4|#a9a9a9:10.3|#696969:10.1|#808080:9.7,,0.0,0.0,0.0,1,CALM:0.50,Male,24,32
606638,1997,Nightride,Adult:0.99|Male:0.99|Man:0.99|Person:0.99|Blazer:0.99|Coat:0.99|Jacket:0.99|Indoors:0.95|Face:0.91|Head:0.91,Adult,0.994,0.0,0.0,0.994,0.0,0.0,0.0,5,46.06,86.89,85.93,#000000:42.4|#2f4f4f:22.5|#808080:17.8|#a9a9a9:7.5|#191970:5.2,,0.0,0.0,0.0,1,CALM:0.80,Male,44,52
632205,2019,Be Still My Beating Heart,Advertisement:0.92|Poster:0.92|Adult:0.86|Bride:0.86|Female:0.86|Person:0.86|Woman:0.86|Outdoors:0.80|Book:0.77|Publication:0.77,Advertisement,0.9174,0.0,0.0,0.8632,0.0,0.758,0.0,5,44.21,73.44,73.73,#000000:42.4|#800000:23.2|#b22222:17.8|#8b4513:9.9|#cd853f:3.9,,0.0,0.0,0.0,0,,,-1,-1
659788,0,,Head:1.00|Person:1.00|Face:1.00|Adult:0.99|Male:0.99|Man:0.99|Indoors:0.80|Formal Wear:0.69|Tie:0.69|Gun:0.67,Head,0.9982,0.6689,0.0,0.9982,0.0,0.5607,0.0,10,24.97,33.12,76.83,#000000:74.0|#2f4f4f:16.7|#696969:6.0|#00bfff:3.4,,0.0,0.0,0.0,1,FEAR:0.98,Male,45,53
676735,2020,Danse Macabre,Candle:0.73|Fire:0.55|Bottle:0.55|Shaker:0.55|Flame:0.55|Lighter:0.52|Cylinder:0.52|Jar:0.52|Incense:0.52|Weapon:0.51,Candle,0.7283,0.5146,0.0,0.0,0.0,0.5524,0.0,1,3.09,56.55,73.28,#000000:88.3|#2f4f4f:5.6|#a0522d:4.1|#dcdcdc:1.2|#808080:0.8,,0.0,0.0,0.0,0,,,-1,-1
689132,2012,Eva of the Succubi,Adult:0.98|Male:0.98|Man:0.98|Person:0.98|Spa:0.86|Face:0.81|Head:0.81|Bathing:0.70|Lighting:0.51,Adult,0.9836,0.0,0.0,0.9836,0.0,0.0,0.0,4,45.12,14.09,49.78,#800000:37.5|#000000:32.6|#8b4513:28.7|#daa520:0.8|#a0522d:0.4,Non-Explicit Nudity of Intimate parts and Kissing:0.91|Non-Explicit Nudity:0.91|Exposed Male Nipple:0.91|Explicit:0.64|Exposed Female Nipple:0.64|Explicit Nudity:0.64|Exposed Male Genitalia:0.60,0.0,0.0,0.0,0,,,-1,-1
697404,2006,Hecatomb,Book:1.00|Publication:1.00|Advertisement:0.98|Poster:0.98|Person:0.97|Adult:0.97|Male:0.97|Man:0.97|Baby:0.94|Gun:0.90,Book,0.997,0.8986,0.0,0.9727,0.0,0.0,0.0,10,32.17,87.48,86.63,#000000:54.6|#800000:14.5|#d2b48c:11.4|#a0522d:9.7|#8b4513:5.8,Weapon Violence:0.66|Graphic Violence:0.66|Violence:0.66,0.658,0.0,0.0,4,HAPPY:0.99,Male,30,38
699633,2010,Doll of the Dead,Person:0.95|Face:0.87|Head:0.87|Eating:0.64|Food:0.64|Adult:0.61|Female:0.61|Woman:0.61|Festival:0.57|Alien:0.57,Person,0.9471,0.0,0.0,0.9471,0.0,0.0,0.0,6,28.46,77.84,87.26,#000000:63.4|#2f4f4f:11.5|#ff8c00:6.7|#b0c4de:5.6|#696969:3.9,Blood & Gore:0.90|Graphic Violence:0.90|Violence:0.90,0.8992,0.0,0.8992,0,,,-1,-1
716472,0,,Advertisement:1.00|Poster:1.00|Person:0.97|Text:0.74|Staircase:0.69|Newspaper:0.62|Blackboard:0.58|Symbol:0.56|Page:0.56|Canine:0.55,Advertisement,0.9996,0.0,0.0,0.9712,0.0,0.0,0.0,4,90.93,100.0,97.51,#ffffff:39.5|#2f4f4f:16.3|#808080:14.0|#000000:11.6|#a9a9a9:9.3,,0.0,0.0,0.0,0,,,-1,-1
724484,0,,Advertisement:0.99|Poster:0.99|Adult:0.99|Female:0.99|Person:0.99|Woman:0.99|Nature:0.97|Outdoors:0.97|Wilderness:0.97|Vegetation:0.93,Advertisement,0.9931,0.0,0.0,0.9864,0.6059,0.0,0.0,10,75.2,82.95,86.39,#a9a9a9:18.4|#cd853f:15.6|#dcdcdc:14.9|#2f4f4f:12.6|#a0522d:11.4,,0.0,0.0,0.0,0,,,-1,-1
732675,1996,The Eliminator,Head:1.00|Person:1.00|Face:1.00|Angry:1.00|Shouting:1.00|Baby:0.98|Adult:0.67|Male:0.67|Man:0.67|Photography:0.56,Head,1.0,0.0,0.0,1.0,0.0,0.0,0.0,6,43.36,75.08,96.86,#000000:40.0|#2f4f4f:25.7|#ffffff:14.3|#c0c0c0:11.4|#808080:5.7,,0.0,0.0,0.0,1,ANGRY:1.00,Male,20,26
733638,2017,The Carver,Hood:1.00|Hoodie:1.00|Knitwear:1.00|Sweater:1.00|Sweatshirt:1.00|Adult:0.96|Male:0.96|Man:0.96|Person:0.96|Fashion:0.92,Hood,1.0,0.0,0.0,0.9596,0.0,0.0,0.5125,4,0.0,33.08,33.73,#000000:95.6|#696969:2.7|#800000:1.2|#808080:0.5,,0.0,0.0,0.0,0,,,-1,-1
738583,2007,The Appointment,Head:1.00|Person:1.00|Face:1.00|Photography:1.00|Portrait:1.00|Adult:0.99|Male:0.99|Man:0.99|Smoke:0.82|Night:0.57,Head,0.9999,0.0,0.0,0.9999,0.0,0.8181,0.0,4,0.0,46.47,80.87,#000000:93.4|#ffffff:3.0|#556b2f:1.5|#2f4f4f:0.9|#a9a9a9:0.7,,0.0,0.0,0.0,1,HAPPY:0.54,Male,37,45
740686,2009,Rations,Adult:0.99|Female:0.99|Person:0.99|Woman:0.99|Male:0.99|Man:0.99|Bag:0.97|Adventure:0.91|Hiking:0.91|Bicycle:0.89,Adult,0.9917,0.0,0.0,0.9917,0.0,0.0,0.0,9,88.49,79.11,84.96,#808080:26.3|#ffebcd:24.9|#b0c4de:23.0|#ffffff:6.7|#e6e6fa:5.5,,0.0,0.0,0.0,0,,,-1,-1
743305,0,,Head:1.00|Person:1.00|Face:1.00|Sad:1.00|Adult:0.95|Male:0.95|Man:0.95|Photography:0.95|Portrait:0.92|Crying:0.87,Head,1.0,0.0,0.0,1.0,0.0,0.0,0.0,5,12.08,16.37,33.56,#000000:73.3|#2f4f4f:26.7,,0.0,0.0,0.0,1,CALM:0.93,Male,28,36
744405,2004,Song of the Dead,Face:1.00|Head:1.00|Person:1.00|Boy:1.00|Male:1.00|Teen:1.00|Body Part:0.97|Neck:0.97|Crying:0.93|Sad:0.93,Face,1.0,0.0,0.0,1.0,0.0,0.0,0.0,4,52.88,30.16,78.15,#2f4f4f:44.0|#000000:19.7|#696969:9.2|#bc8f8f:8.4|#808080:6.8,,0.0,0.0,0.0,2,SURPRISED:0.69,Male,19,23
744442,2004,Shadows of the Dead,Photography:1.00|Face:1.00|Head:1.00|Person:1.00|Portrait:1.00|Adult:0.98|Male:0.98|Man:0.98|Book:0.57|Publication:0.57,Photography,1.0,0.0,0.0,1.0,0.0,0.0,0.0,4,50.43,84.1,85.39,#000000:40.1|#696969:24.2|#2f4f4f:12.2|#800000:7.1|#dcdcdc:5.3,Blood & Gore:0.67|Graphic Violence:0.67|Violence:0.67,0.666,0.0,0.666,1,FEAR:0.96,Female,52,58
746173,2013,Bury the Hatchet,Head:1.00|Person:1.00|Face:1.00|Sad:1.00|Crying:0.96|Female:0.96|Girl:0.96|Teen:0.96|Adult:0.90|Male:0.90,Head,1.0,0.0,0.0,1.0,0.0,0.0,0.0,8,58.03,56.33,93.26,#000000:30.1|#2f4f4f:26.9|#dcdcdc:22.3|#808080:9.4|#a9a9a9:5.4,,0.0,0.0,0.0,1,CONFUSED:0.56,Female,30,38
751197,2014,Daddy Christmas,Cartoon:1.00|Can:0.92|Tin:0.92|Adult:0.91|Male:0.91|Man:0.91|Person:0.91|Face:0.69|Head:0.69|Toy:0.55,Cartoon,0.9995,0.0,0.0,0.9098,0.0,0.0,0.0,5,62.12,35.22,82.97,#2f4f4f:21.2|#e9967a:19.0|#000000:15.6|#556b2f:12.3|#696969:12.2,,0.0,0.0,0.0,0,,,-1,-1
752473,2020,None of the Above,Head:0.99|Person:0.99|Face:0.99|Adult:0.98|Male:0.98|Man:0.98|Driving:0.98|Transportation:0.98|Vehicle:0.98|Car:0.71,Head,0.9938,0.0,0.0,0.9938,0.0,0.0,0.0,6,62.48,72.92,89.48,#000000:29.3|#2f4f4f:24.0|#a9a9a9:19.8|#5f9ea0:15.3|#afeeee:5.2,,0.0,0.0,0.0,1,CONFUSED:0.79,Male,32,40
752763,0,,Head:1.00|Person:1.00|Face:1.00|Sad:1.00|Crying:0.99|Baby:0.99|Photography:0.98|Portrait:0.98|Taking Cover:0.53|Blanket:0.51,Head,1.0,0.0,0.0,1.0,0.0,0.0,0.0,2,23.75,13.61,74.55,#000000:58.2|#483d8b:21.0|#2f4f4f:11.2|#4682b4:9.5,,0.0,0.0,0.0,1,FEAR:0.91,Male,13,19
754905,2019,Coven,Text:0.90|Nature:0.89|Night:0.89|Outdoors:0.89|Traffic Light:0.87|Logo:0.79|Astronomy:0.73|Eclipse:0.73|Moon:0.68|Alphabet:0.57,Text,0.8995,0.0,0.0,0.0,0.0,0.0,0.0,1,0.0,2.08,24.96,#000000:98.0|#2f4f4f:1.4|#8b4513:0.4|#a0522d:0.2,,0.0,0.0,0.0,0,,,-1,-1
757707,2006,The Grudge 1.5,Light:0.99|Electronics:0.96|Screen:0.96|Computer Hardware:0.93|Hardware:0.93|Monitor:0.93|Text:0.65|Outdoors:0.58|Neon:0.57|Sign:0.57,Light,0.994,0.0,0.0,0.0,0.0,0.0,0.0,0,0.0,12.19,24.45,#000000:92.1|#800000:4.3|#b22222:3.6,,0.0,0.0,0.0,0,,,-1,-1
765847,2020,Barbatachthian,Lighting:0.99|Light:0.83|Person:0.69|Nature:0.65|Outdoors:0.65|Lamp:0.57|Logo:0.56|Astronomy:0.56|Fire:0.56|Night:0.56,Lighting,0.993,0.0,0.0,0.6855,0.0,0.5582,0.0,2,8.24,32.26,85.14,#000000:63.1|#800000:18.2|#d2691e:11.9|#a9a9a9:6.1|#ffa07a:0.7,,0.0,0.0,0.0,0,,,-1,-1
766506,2004,The Walkers,Text:0.89|Page:0.58|Cutlery:0.57|Linen:0.56|White:0.56|Rifle:0.56|Electronics:0.56|City:0.56|Spoon:0.55|Brush:0.55,Text,0.8863,0.5577,0.0,0.0,0.0,0.0,0.0,0,100.0,3.24,36.15,#ffffff:98.0|#2f4f4f:0.9|#dcdcdc:0.4|#808080:0.2|#a9a9a9:0.2,,0.0,0.0,0.0,0,,,-1,-1
784577,2010,Moonlight Sonata,Face:1.00|Head:1.00|Person:1.00|Photography:1.00|Portrait:1.00|Nature:0.98|Night:0.98|Outdoors:0.98|Adult:0.95|Bride:0.95,Face,0.9996,0.0,0.0,0.9996,0.0,0.0,0.0,5,20.21,66.99,76.31,#000000:65.5|#2f4f4f:14.6|#556b2f:5.2|#8b4513:4.5|#696969:4.1,Blood & Gore:0.99|Graphic Violence:0.99|Violence:0.99,0.988,0.0,0.988,0,,,-1,-1
785148,2005,Facility 4,Head:1.00|Person:1.00|Face:1.00|Photography:1.00|Portrait:1.00|Adult:0.97|Male:0.97|Man:0.97|Frown:0.97|Sad:0.97,Head,1.0,0.0,0.0,1.0,0.0,0.0,0.0,4,69.67,76.98,86.34,#808080:39.4|#000000:28.2|#c0c0c0:10.3|#a9a9a9:7.7|#2f4f4f:7.0,,0.0,0.0,0.0,1,CONFUSED:0.49,Male,31,39
785154,2008,Harvest Moon,Face:1.00|Head:1.00|Person:1.00|Angry:1.00|Shouting:1.00|Happy:0.82|Laughing:0.56|Adult:0.56|Female:0.56|Woman:0.56,Face,1.0,0.0,0.0,1.0,0.0,0.0,0.0,5,8.1,15.15,50.7,#000000:79.8|#2f4f4f:18.0|#696969:2.1,,0.0,0.0,0.0,1,ANGRY:0.74,Female,22,28
785160,2007,Prombies,Head:1.00|Person:1.00|Face:1.00|Angry:1.00|Shouting:1.00|Adult:0.99|Bride:0.99|Female:0.99|Wedding:0.99|Woman:0.99,Head,1.0,0.0,0.0,1.0,0.0,0.0,0.0,9,18.53,20.54,55.4,#000000:77.0|#2f4f4f:20.2|#808080:2.7,,0.0,0.0,0.0,2,SURPRISED:0.98,Male,24,32
809645,0,,Chair:0.97|Furniture:0.97|Adult:0.96|Female:0.96|Person:0.96|Woman:0.96|Taking Cover:0.79|Footwear:0.71|Shoe:0.71|Indoors:0.68,Chair,0.9686,0.0,0.0,0.9589,0.0,0.0,0.5092,8,8.2,41.1,87.0,#000000:60.3|#191970:22.1|#6a5acd:6.6|#ffffff:4.8|#6495ed:3.4,,0.0,0.0,0.0,0,,,-1,-1
811734,0,,Head:0.99|Person:0.99|Face:0.98|Baby:0.97|Brush:0.77|Device:0.77|Tool:0.77|Toothbrush:0.77|Body Part:0.55|Jaw:0.55,Head,0.9883,0.0,0.0,0.9883,0.0,0.0,0.0,3,2.63,16.12,36.58,#000000:86.3|#2f4f4f:11.9|#696969:1.8,,0.0,0.0,0.0,1,ANGRY:1.00,Male,21,27
813852,0,,Advertisement:1.00|Poster:0.98|Adult:0.96|Female:0.96|Person:0.96|Woman:0.96|Nature:0.95|Night:0.95|Outdoors:0.95|Face:0.88,Advertisement,0.9976,0.0,0.0,0.9631,0.0,0.0,0.0,5,46.03,77.07,83.03,#000000:31.1|#191970:26.5|#696969:15.0|#483d8b:10.8|#bdb76b:7.0,,0.0,0.0,0.0,2,ANGRY:0.71,Male,41,49
814895,2015,Howl,Head:1.00|Person:1.00|Face:1.00|Crying:1.00|Sad:1.00|Baby:0.96,Head,1.0,0.0,0.0,1.0,0.0,0.0,0.0,2,59.95,37.63,80.43,#000000:40.5|#cd853f:35.9|#a0522d:15.0|#800000:6.6|#d2691e:1.1,,0.0,0.0,0.0,1,CALM:0.96,Male,16,22
815072,2021,Breaking Lights,Photography:1.00|Rock:1.00|Cliff:1.00|Nature:1.00|Outdoors:1.00|Sky:1.00|Sea:1.00|Water:1.00|Person:0.99|Walking:0.99,Photography,1.0,0.0,0.0,0.9948,0.9957,0.0,0.0,5,53.7,46.42,85.43,#000000:34.8|#2f4f4f:30.3|#808080:18.5|#a9a9a9:6.6|#c0c0c0:5.4,,0.0,0.0,0.0,1,SAD:0.63,Male,29,37
823849,2020,Roller Girl,Face:1.00|Head:1.00|Person:1.00|Adult:1.00|Female:1.00|Woman:1.00|Photography:0.98|Portrait:0.98|Crying:0.98|Sad:0.98,Face,1.0,0.0,0.0,1.0,0.0,0.0,0.0,4,6.66,59.87,75.58,#000000:84.4|#6495ed:7.0|#2f4f4f:6.8|#4682b4:1.1|#483d8b:0.4,,0.0,0.0,0.0,1,FEAR:0.99,Female,27,35
825741,0,,Female:0.98|Girl:0.98|Person:0.98|Teen:0.98|Adult:0.98|Male:0.98|Man:0.98|Vegetation:0.84|Glove:0.84|Festival:0.83,Female,0.9837,0.0,0.0,0.9837,0.0,0.0,0.0,11,54.0,81.49,81.51,#2f4f4f:42.2|#000000:15.1|#cd853f:14.9|#696969:13.6|#c0c0c0:7.2,,0.0,0.0,0.0,2,HAPPY:0.80,Male,26,34
842135,2018,Scare Maze,Adult:0.99|Female:0.99|Person:0.99|Woman:0.99|Head:0.81|Festival:0.81|Face:0.79|Halloween:0.76|Performer:0.64|Clown:0.54,Adult,0.9941,0.0,0.0,0.9941,0.0,0.0,0.0,5,69.82,75.46,85.42,#d2b48c:31.4|#000000:21.3|#2f4f4f:13.5|#808080:9.5|#483d8b:8.1,,0.0,0.0,0.0,1,CALM:0.96,Male,24,30
845020,0,,Adult:1.00|Male:1.00|Man:1.00|Person:1.00|Juggling:0.92|Face:0.89|Head:0.89|Clothing:0.75|Coat:0.75|Fire:0.71,Adult,0.9977,0.0,0.0,0.9977,0.0,0.706,0.0,5,4.54,24.77,78.6,#000000:81.3|#b22222:7.3|#800000:6.8|#8b4513:2.3|#ffebcd:2.3,,0.0,0.0,0.0,1,CALM:0.53,Male,48,56
852766,2013,The Shadows,Book:0.82|Publication:0.82|Text:0.58|Cat:0.57|Pet:0.57|Person:0.56|Sleeping:0.56|Indoors:0.55|Taking Cover:0.55|Reading:0.52,Book,0.8209,0.0,0.5698,0.5612,0.0,0.0,0.0,1,10.4,32.4,77.44,#000000:86.4|#2f4f4f:7.7|#808080:4.0|#c0c0c0:2.0,,0.0,0.0,0.0,0,,,-1,-1
854746,2015,Midnight Kiss,Publication:1.00|Book:1.00|Comics:1.00|Person:0.99|Advertisement:0.99|Poster:0.97|Face:0.96|Head:0.96|Magazine:0.56|Tabloid:0.55,Publication,1.0,0.0,0.5067,0.9919,0.0,0.0,0.0,1,62.34,100.0,94.11,#000000:40.2|#daa520:17.0|#cd853f:13.0|#2f4f4f:10.3|#ffebcd:9.3,,0.0,0.0,0.0,1,FEAR:0.54,Female,35,43
860721,2019,Til Death Do Us Part,Head:1.00|Person:1.00|Face:1.00|Happy:1.00|Smile:1.00|Adult:1.00|Female:1.00|Woman:1.00|Photography:0.93|Portrait:0.93,Head,1.0,0.0,0.0,1.0,0.0,0.0,0.0,4,53.0,15.07,51.19,#8b4513:26.5|#800000:23.8|#a0522d:15.4|#000000:15.2|#d2691e:14.4,,0.0,0.0,0.0,1,CALM:0.86,Female,22,28
878413,0,,Adult:0.99|Female:0.99|Person:0.99|Woman:0.99|Face:0.81|Anime:0.77|Baby:0.61|Light:0.58|Purple:0.56|Club:0.55,Adult,0.9901,0.0,0.0,0.9901,0.0,0.0,0.0,11,52.25,38.95,79.21,#000000:24.5|#800000:17.9|#9932cc:17.6|#483d8b:16.2|#2f4f4f:6.1,,0.0,0.0,0.0,1,CONFUSED:0.54,Male,18,22
880557,2021,The Invite,Angry:1.00|Face:1.00|Head:1.00|Person:1.00|Shouting:1.00|Adult:0.99|Female:0.99|Woman:0.99|Baby:0.79|Photography:0.50,Angry,1.0,0.0,0.0,1.0,0.0,0.0,0.0,6,14.81,19.93,41.94,#000000:84.6|#2f4f4f:10.1|#a0522d:5.1|#bc8f8f:0.2,,0.0,0.0,0.0,1,ANGRY:0.99,Male,27,35
880650,2019,From the Woods to the Cosmos: John Leman Riley on the History of Soviet Fantasy and Sci-Fi Film,Outdoors:0.97|Nature:0.96|Astronomy:0.92|Outer Space:0.92|Night:0.88|Book:0.88|Publication:0.88|Planet:0.58|Text:0.57|Moon:0.55,Outdoors,0.9711,0.0,0.0,0.0,0.0,0.0,0.0,0,29.1,82.25,83.88,#000000:54.3|#2f4f4f:15.4|#696969:12.3|#a9a9a9:8.7|#ff6347:5.9,,0.0,0.0,0.0,0,,,-1,-1
883316,2019,The Mannequin,Balloon:1.00|Adult:0.97|Male:0.97|Man:0.97|Person:0.97|Light:0.96|Text:0.56|Shop:0.56|Lightbulb:0.55|People:0.55,Balloon,0.9967,0.0,0.0,0.9686,0.0,0.0,0.0,4,56.96,78.7,83.79,#2f4f4f:28.2|#000000:24.4|#808080:16.0|#a9a9a9:14.0|#696969:10.6,,0.0,0.0,0.0,0,,,-1,-1
884996,2013,The Holy Sound,Adult:1.00|Female:1.00|Person:1.00|Woman:1.00|Urban:0.99|Male:0.98|Man:0.98|Baby:0.97|Hair:0.72|Face:0.69,Adult,0.9986,0.0,0.0,0.9986,0.0,0.0,0.0,37,11.23,36.54,87.1,#000000:49.5|#191970:22.3|#483d8b:11.0|#a9a9a9:9.9|#6a5acd:3.8,,0.0,0.0,0.0,8,CALM:0.84,Female,13,19
887347,2018,Jagen GroßFuß,Chair:0.94|Furniture:0.94|Adult:0.89|Female:0.89|Person:0.89|Woman:0.89|Animal:0.80|Mammal:0.80|Wildlife:0.76|Cat:0.64,Chair,0.9405,0.0,0.8022,0.888,0.0,0.0,0.0,8,60.94,75.25,84.92,#2f4f4f:35.8|#000000:17.5|#808080:15.7|#696969:14.9|#c0c0c0:10.0,,0.0,0.0,0.0,0,,,-1,-1
888997,0,,Lighting:0.99|Adult:0.97|Male:0.97|Man:0.97|Person:0.97|Head:0.96|Face:0.94|Photography:0.93|Portrait:0.93|Light:0.83,Lighting,0.9891,0.0,0.0,0.9651,0.0,0.0,0.0,4,4.26,19.34,87.52,#000000:73.1|#800000:8.5|#a0522d:6.8|#deb887:5.4|#cd853f:3.8,,0.0,0.0,0.0,0,,,-1,-1
896192,2021,Vile & Sweet,Head:1.00|Person:1.00|Face:1.00|Adult:0.98|Female:0.98|Woman:0.98|Crying:0.71|Sad:0.71|Smoke:0.54|Food:0.53,Head,1.0,0.0,0.0,1.0,0.0,0.5426,0.0,4,46.25,19.17,76.48,#000000:38.2|#2f4f4f:29.3|#696969:17.9|#808080:14.7,,0.0,0.0,0.0,1,SAD:0.92,Female,22,28
898349,2021,Want to Hear A Story?,Book:1.00|Publication:1.00|Sunglasses:0.98|Face:0.93|Head:0.93|Person:0.93|Advertisement:0.86|Poster:0.81|Novel:0.78|Pirate:0.61,Book,0.9995,0.0,0.0,0.929,0.0,0.0,0.0,2,6.73,30.36,34.13,#000000:94.8|#2f4f4f:2.1|#8b4513:1.5|#cd853f:1.1|#c0c0c0:0.4,,0.0,0.0,0.0,1,FEAR:0.37,Male,30,38
928119,2022,Don't Open the Box,Box:0.95|Furniture:0.92|Pottery:0.76|Mailbox:0.65|Book:0.57|Publication:0.57|Jar:0.57|Coffee Table:0.56|Table:0.56|Cabinet:0.55,Box,0.9501,0.0,0.0,0.0,0.0,0.0,0.0,1,34.79,78.88,78.92,#000000:56.1|#2f4f4f:32.1|#c0c0c0:6.4|#800000:3.9|#808080:1.4,,0.0,0.0,0.0,0,,,-1,-1
949942,2019,The Mystery Box,Lighting:1.00|Light:1.00|Text:0.73|Art:0.69|Flare:0.63|Nature:0.57|Night:0.57|Outdoors:0.57|Concert:0.56|Crowd:0.56,Lighting,0.9999,0.0,0.0,0.0,0.0,0.5428,0.0,0,0.84,76.07,98.93,#000000:65.8|#dcdcdc:14.7|#a52a2a:6.7|#e9967a:6.2|#800000:4.0,,0.0,0.0,0.0,0,,,-1,-1
951571,2017,Séance,Guitar:0.97|Musical Instrument:0.97|Wood:0.88|Text:0.78|Plectrum:0.78|Weapon:0.61|Book:0.56|Publication:0.56|Advertisement:0.56|Poster:0.56,Guitar,0.9716,0.6102,0.0,0.0,0.0,0.0,0.0,0,86.61,91.1,85.01,#f4a460:53.9|#000000:12.5|#ffdead:11.8|#cd853f:9.8|#deb887:5.0,,0.0,0.0,0.0,0,,,-1,-1
977073,2016,St. Patrick's Day,Head:1.00|Person:1.00|Face:1.00|Accessories:0.99|Formal Wear:0.99|Tie:0.99|Sad:0.99|Crying:0.97|Blonde:0.72|Hair:0.72,Head,0.9999,0.0,0.0,0.9999,0.0,0.0,0.0,2,59.04,34.11,75.97,#696969:42.0|#2f4f4f:26.9|#000000:13.4|#808080:12.3|#a0522d:2.8,,0.0,0.0,0.0,1,ANGRY:0.57,Female,6,12
977683,0,,Shorts:1.00|Groupshot:1.00|Person:1.00|Adult:1.00|Female:1.00|Woman:1.00|Male:0.99|Man:0.99|People:0.95|Coat:0.82,Shorts,1.0,0.0,0.0,0.9997,0.0,0.0,0.0,34,70.65,82.01,79.54,#778899:26.3|#4682b4:22.5|#808080:13.7|#2f4f4f:12.7|#000000:9.3,,0.0,0.0,0.0,6,CONFUSED:0.83,Male,32,40
998395,2013,Fork You,Adult:1.00|Female:1.00|Person:1.00|Woman:1.00|Male:0.99|Man:0.99|Lady:0.98|Formal Wear:0.98|Tie:0.98|Glasses:0.98,Adult,0.9984,0.0,0.0,0.9984,0.0,0.0,0.0,17,59.7,79.64,92.39,#000000:31.2|#2f4f4f:18.4|#c0c0c0:16.1|#deb887:15.7|#556b2f:8.4,,0.0,0.0,0.0,3,CALM:0.91,Male,37,45
1007132,2015,Stained,Text:0.77|Face:0.76|Head:0.76|Person:0.76|Baby:0.72|Painting:0.58|Book:0.55|Publication:0.55|Cream:0.55|Dessert:0.55,Text,0.7736,0.0,0.0,0.7638,0.0,0.0,0.0,2,83.3,81.06,85.48,#d8bfd8:25.3|#dda0dd:17.8|#a9a9a9:12.7|#000000:12.3|#2f4f4f:7.7,,0.0,0.0,0.0,0,,,-1,-1
1007147,2021,Voodoo in My Heart,Photography:1.00|Face:1.00|Head:1.00|Person:1.00|Portrait:1.00|Lighting:1.00|Adult:0.98|Male:0.98|Man:0.98|Female:0.98,Photography,1.0,0.0,0.0,1.0,0.0,0.0,0.0,13,11.99,84.14,82.31,#000000:77.6|#2f4f4f:8.2|#a0522d:7.6|#c0c0c0:4.7|#bc8f8f:1.4,Blood & Gore:0.70|Graphic Violence:0.70|Violence:0.70,0.6987,0.0,0.6987,2,FEAR:0.96,Male,24,32
1010429,2021,Scratched,Face:1.00|Head:1.00|Person:1.00|Photography:1.00|Portrait:1.00|Adult:0.98|Male:0.98|Man:0.98|Electronics:0.98|Phone:0.98,Face,1.0,0.0,0.0,1.0,0.0,0.0,0.0,4,42.93,78.59,82.31,#000000:49.1|#800000:38.5|#dcdcdc:5.2|#8b0000:4.8|#f08080:1.9,Non-Explicit Nudity of Intimate parts and Kissing:0.44|Non-Explicit Nudity:0.44|Exposed Male Nipple:0.44,0.0,0.0,0.0,1,SURPRISED:0.77,Male,36,44
1015309,2013,The Barista,Plate:0.98|Cup:0.95|Beverage:0.92|Coffee:0.72|Coffee Cup:0.72|Tea:0.57|Milk:0.57|Latte:0.57|Herbal:0.55|Food:0.54,Plate,0.9836,0.0,0.0,0.0,0.0,0.0,0.0,1,58.69,76.29,79.33,#2f4f4f:33.4|#808080:25.1|#696969:24.0|#000000:9.1|#800000:4.6,,0.0,0.0,0.0,0,,,-1,-1
1022947,0,,Photography:1.00|Adult:1.00|Female:1.00|Person:1.00|Woman:1.00|Face:1.00|Head:1.00|Camera:0.99|Electronics:0.99|Happy:0.99,Photography,0.9997,0.0,0.0,0.998,0.0,0.0,0.0,9,27.54,38.75,84.11,#000000:67.2|#2f4f4f:16.2|#808080:6.6|#dcdcdc:6.4|#696969:2.7,,0.0,0.0,0.0,1,HAPPY:1.00,Female,24,32
1027816,0,,Finger:1.00|Hand:1.00|Person:1.00|Face:1.00|Happy:1.00|Head:1.00|Smile:1.00|Adult:0.98|Male:0.98|Man:0.98,Finger,1.0,0.0,0.0,1.0,0.0,0.5104,0.0,7,57.71,78.38,92.02,#000000:35.2|#2f4f4f:18.8|#d8bfd8:13.6|#696969:10.8|#808080:8.2,,0.0,0.0,0.0,2,CALM:0.36,Male,37,45
1043925,0,,Face:1.00|Head:1.00|Person:1.00|Photography:1.00|Portrait:1.00|Book:0.99|Publication:0.99|Adult:0.98|Male:0.98|Man:0.98,Face,1.0,0.0,0.0,1.0,0.0,0.0,0.0,4,24.58,75.74,73.25,#000000:69.6|#2f4f4f:24.2|#696969:4.6|#dcdcdc:1.7,,0.0,0.0,0.0,1,FEAR:0.61,Male,28,36
1048352,0,,Purple:1.00|Person:0.99|Adult:0.98|Male:0.98|Man:0.98|Glasses:0.98|Head:0.94|Face:0.91|People:0.87|T-Shirt:0.80,Purple,0.9969,0.0,0.0,0.9899,0.0,0.0,0.0,12,54.95,77.49,73.69,#191970:35.9|#4b0082:34.3|#4682b4:10.2|#6a5acd:8.5|#bc8f8f:3.3,,0.0,0.0,0.0,3,ANGRY:0.89,Male,32,40
1050643,0,,Head:1.00|Person:1.00|Face:1.00|Adult:1.00|Female:1.00|Woman:1.00|Sad:0.77|Accessories:0.63|Bracelet:0.63|Jewelry:0.63,Head,0.9999,0.0,0.0,0.9999,0.0,0.0,0.0,6,62.71,25.63,86.92,#808080:39.8|#000000:33.1|#2f4f4f:14.6|#696969:8.7|#dcdcdc:3.8,,0.0,0.0,0.0,2,FEAR:0.46,Female,22,28
1058085,0,,Head:1.00|Person:1.00|Face:1.00|Adult:0.98|Male:0.98|Man:0.98|Photography:0.88|Female:0.87|Woman:0.87|Portrait:0.55,Head,1.0,0.0,0.0,1.0,0.0,0.545,0.0,8,12.56,15.81,29.59,#000000:76.9|#2f4f4f:19.8|#800000:3.3,,0.0,0.0,0.0,1,FEAR:0.64,Female,21,27
1061417,0,,Adult:0.99|Female:0.99|Person:0.99|Woman:0.99|Alien:0.98|Male:0.97|Man:0.97|Shoe:0.94|Electronics:0.56|Hardware:0.56,Adult,0.9894,0.0,0.5115,0.9894,0.0,0.5138,0.0,15,12.12,25.15,39.03,#000000:85.4|#2f4f4f:11.3|#a0522d:3.0|#8b4513:0.3,,0.0,0.0,0.0,0,,,-1,-1
1070006,0,,Face:1.00|Head:1.00|Person:1.00|Photography:1.00|Portrait:1.00|Adult:0.99|Female:0.99|Woman:0.99|Light:0.93|Lighting:0.66,Face,0.9992,0.0,0.0,0.9992,0.0,0.0,0.0,4,17.35,36.13,79.92,#000000:65.1|#2f4f4f:19.6|#808080:9.8|#696969:4.0|#dcdcdc:1.4,,0.0,0.0,0.0,1,FEAR:0.97,Female,27,35
1101146,0,,People:1.00|Person:1.00|Plate:0.99|Baby:0.99|Adult:0.99|Male:0.99|Man:0.99|Bracelet:0.98|Apple:0.98|Food:0.98,People,1.0,0.0,0.0,1.0,0.0,0.0,0.0,17,49.0,75.51,77.72,#000000:36.8|#2f4f4f:36.3|#696969:13.2|#808080:12.1|#556b2f:1.0,Drinking:0.62|Alcohol Use:0.62|Alcohol:0.62,0.0,0.0,0.0,3,CALM:0.99,Male,19,23
1101194,0,,Head:0.98|Person:0.98|Face:0.98|Nature:0.97|Night:0.97|Outdoors:0.97|Photography:0.92|Portrait:0.92|Adult:0.86|Male:0.86,Head,0.981,0.0,0.5048,0.981,0.0,0.0,0.0,4,0.0,0.2,3.14,#000000:100.0,,0.0,0.0,0.0,1,CALM:0.49,Male,46,54
1102815,0,,Electronics:0.97|Mobile Phone:0.97|Phone:0.97|White Board:0.82|Text:0.71|Advertisement:0.61|Book:0.57|Publication:0.57|Electrical Device:0.57|Appliance:0.56,Electronics,0.975,0.0,0.0,0.0,0.0,0.0,0.0,1,92.09,16.55,13.07,#c0c0c0:91.0|#e9967a:5.5|#dcdcdc:1.9|#bc8f8f:1.0|#a9a9a9:0.7,,0.0,0.0,0.0,0,,,-1,-1
1107774,2023,3 A.M.,Head:1.00|Person:1.00|Face:1.00|Accessories:0.97|Earring:0.97|Jewelry:0.97|Adult:0.90|Female:0.90|Woman:0.90|Neck:0.88,Head,0.9962,0.0,0.0,0.9962,0.0,0.0,0.0,4,17.44,32.85,60.31,#000000:69.0|#800000:13.2|#2f4f4f:12.3|#a0522d:4.9|#dcdcdc:0.6,,0.0,0.0,0.0,0,,,-1,-1
1119808,0,,Land:1.00|Nature:1.00|Outdoors:1.00|Tree:1.00|Vegetation:1.00|Woodland:1.00|Rainforest:1.00|Scenery:1.00|Aerial View:0.72|Jungle:0.58,Land,1.0,0.0,0.0,0.0,0.0,0.0,0.0,0,43.44,28.44,93.79,#000000:44.5|#556b2f:17.0|#2f4f4f:15.9|#ffebcd:15.3|#8fbc8f:5.1,,0.0,0.0,0.0,0,,,-1,-1
1130450,0,,Advertisement:0.98|Poster:0.98|Text:0.74|Outdoors:0.64|Nature:0.62|Book:0.57|Publication:0.57|Mountain:0.56|Jar:0.55|Symbol:0.55,Advertisement,0.9771,0.0,0.0,0.0,0.0,0.0,0.0,0,100.0,79.09,100.0,#ffffff:55.2|#000000:25.3|#ff6347:10.3|#a52a2a:3.7|#dc143c:3.4,,0.0,0.0,0.0,0,,,-1,-1
1130453,0,,Advertisement:1.00|Poster:1.00|Purple:0.98|Adult:0.89|Bride:0.89|Female:0.89|Person:0.89|Woman:0.89|Text:0.73|Face:0.68,Advertisement,0.9987,0.0,0.0,0.8939,0.0,0.0,0.0,11,48.8,94.08,89.33,#191970:22.4|#800000:17.3|#483d8b:14.8|#000000:13.7|#dcdcdc:13.7,,0.0,0.0,0.0,0,,,-1,-1
1130458,2023,Barbatachthian 5: Alive,Lighting:1.00|Light:0.98|Nature:0.96|Night:0.96|Outdoors:0.96|Art:0.82|Graphics:0.82|Adult:0.65|Male:0.65|Man:0.65,Lighting,0.9996,0.0,0.0,0.6459,0.0,0.0,0.0,4,3.05,77.9,83.24,#000000:72.4|#2f4f4f:13.6|#40e0d0:8.5|#008b8b:2.7|#800000:1.7,,0.0,0.0,0.0,0,,,-1,-1
1135261,0,,Car:0.87|Transportation:0.87|Vehicle:0.87|Cassette:0.75|Electronics:0.56|Tape Player:0.56|Cassette Player:0.55|Device:0.54|Appliance:0.53|Electrical Device:0.53,Car,0.8747,0.0,0.0,0.0,0.0,0.0,0.0,1,42.26,80.76,81.54,#000000:48.4|#2f4f4f:16.2|#696969:14.0|#808080:12.9|#a0522d:5.0,,0.0,0.0,0.0,0,,,-1,-1
1135868,0,,Adult:0.99|Female:0.99|Person:0.99|Woman:0.99|People:0.96|Conversation:0.58|Birthday Cake:0.57|Cream:0.57|Head:0.57|Face:0.57,Adult,0.99,0.0,0.0,0.99,0.0,0.5215,0.0,17,0.66,11.88,31.88,#000000:95.2|#2f4f4f:4.1|#808080:0.5|#a9a9a9:0.2,,0.0,0.0,0.0,4,CALM:0.93,Female,23,29
1151186,0,,Art:1.00|Collage:1.00|Adult:0.99|Female:0.99|Person:0.99|Woman:0.99|Male:0.99|Man:0.99|Baby:0.99|Bride:0.98,Art,1.0,0.0,0.5573,0.9918,0.0,0.0,0.0,42,68.66,87.02,89.89,#000000:21.0|#2f4f4f:19.9|#dcdcdc:14.0|#a9a9a9:12.9|#808080:12.8,,0.0,0.0,0.0,12,ANGRY:0.37,Female,33,41
1172776,0,,Person:0.96|Romantic:0.96|Adult:0.95|Male:0.95|Man:0.95|Head:0.94|Face:0.94|Blanket:0.80|Cuddling:0.70|Bed:0.56,Person,0.956,0.0,0.0,0.956,0.0,0.0,0.0,6,61.35,60.45,88.97,#000000:30.9|#2f4f4f:19.3|#c0c0c0:18.4|#696969:11.0|#a9a9a9:10.8,,0.0,0.0,0.0,1,CALM:0.96,Female,42,50
1188962,0,,Person:1.00|Walking:1.00|Silhouette:1.00|Grass:0.99|Coat:0.98|Tree:0.98|Vegetation:0.97|Book:0.95|Publication:0.95|Photography:0.93,Person,1.0,0.0,0.0,1.0,0.0,0.0,0.996,1,44.81,91.96,87.96,#000000:39.3|#2f4f4f:30.2|#808080:15.2|#a9a9a9:9.2|#ffffff:4.4,,0.0,0.0,0.0,0,,,-1,-1
1190496,0,,Face:1.00|Head:1.00|Person:1.00|Photography:1.00|Portrait:1.00|Finger:0.99|Hand:0.99|Adult:0.99|Female:0.99|Woman:0.99,Face,1.0,0.0,0.0,1.0,0.0,0.0,0.0,4,38.02,31.93,85.48,#000000:49.0|#2f4f4f:19.6|#696969:14.2|#a9a9a9:7.8|#808080:6.9,,0.0,0.0,0.0,1,SAD:0.62,Female,26,34
1206636,2024,The Evil Within,Pattern:1.00|QR Code:0.96|Art:0.71|Stencil:0.58|Modern Art:0.56|Nature:0.55|Outdoors:0.55|Snow:0.55|Graphics:0.54|Accessories:0.53,Pattern,0.9994,0.0,0.0,0.0,0.0,0.0,0.0,1,60.79,100.0,100.0,#000000:47.2|#ffffff:43.3|#2f4f4f:3.1|#808080:3.1|#dcdcdc:2.4,,0.0,0.0,0.0,0,,,-1,-1
1244132,0,,Person:0.92|Adult:0.87|Bride:0.87|Female:0.87|Woman:0.87|Art:0.84|Indoors:0.69|Cartoon:0.63|Sculpture:0.60|Statue:0.60,Person,0.9188,0.5596,0.0,0.9188,0.0,0.0,0.0,7,48.62,37.29,55.07,#2f4f4f:73.2|#000000:7.6|#a0522d:6.3|#8b4513:5.7|#556b2f:3.7,,0.0,0.0,0.0,0,,,-1,-1
1252059,2024,Ash Wednesday,Head:1.00|Person:1.00|Face:1.00|Photography:1.00|Portrait:1.00|Adult:0.96|Male:0.96|Man:0.96|Sad:0.88|Body Part:0.55,Head,1.0,0.0,0.0,1.0,0.0,0.0,0.0,4,63.4,27.21,84.14,#808080:29.4|#000000:24.1|#2f4f4f:21.9|#696969:9.2|#a9a9a9:7.6,,0.0,0.0,0.0,1,CONFUSED:0.98,Male,28,36
1253363,0,,Person:1.00|Clothing:0.98|Glove:0.98|Hat:0.95|Festival:0.85|Costume:0.85|Accessories:0.83|Bag:0.83|Handbag:0.83|Halloween:0.72,Person,0.9975,0.0,0.0,0.9975,0.0,0.0,0.0,18,29.86,81.87,91.61,#000000:55.1|#c0c0c0:16.2|#808080:14.3|#2f4f4f:8.3|#696969:5.2,,0.0,0.0,0.0,7,FEAR:0.80,Female,29,37
1255326,2023,Boxed,Adult:0.99|Male:0.99|Man:0.99|Person:0.99|Face:0.98|Head:0.98|Photography:0.98|Portrait:0.98|Female:0.88|Woman:0.88,Adult,0.9901,0.0,0.0,0.9901,0.0,0.0,0.0,20,4.5,27.66,76.62,#000000:70.6|#a0522d:15.0|#2f4f4f:11.0|#cd853f:3.2|#800000:0.2,Non-Explicit Nudity of Intimate parts and Kissing:0.94|Non-Explicit Nudity:0.94|Exposed Male Nipple:0.94|Bare Back:0.77,0.0,0.0,0.0,2,CALM:0.49,Male,31,39
1267034,0,,Accessories:0.97|Art:0.95|Electronics:0.83|Hardware:0.83|Animal:0.80|Horse:0.80|Mammal:0.80|Dinosaur:0.74|Reptile:0.74|Sculpture:0.67,Accessories,0.9655,0.0,0.8,0.0,0.0,0.0,0.0,1,91.57,79.33,100.0,#ffffff:49.7|#2f4f4f:25.9|#000000:16.9|#696969:4.7|#a9a9a9:2.7,,0.0,0.0,0.0,0,,,-1,-1
1270485,0,,Adult:1.00|Male:1.00|Man:1.00|Person:1.00|Head:1.00|Face:0.99|Coat:0.99|Formal Wear:0.88|Hat:0.87|Smoke:0.78,Adult,0.9955,0.0,0.0,0.9955,0.0,0.7789,0.0,11,62.71,83.6,82.68,#2f4f4f:29.6|#808080:26.3|#696969:14.6|#000000:11.3|#a9a9a9:10.5,,0.0,0.0,0.0,1,CALM:0.38,Male,57,65
1273341,0,,Text:0.92|Alphabet:0.87|Blackboard:0.86|Ampersand:0.83|Symbol:0.83|Computer Hardware:0.78|Hardware:0.78|Book:0.58|Maroon:0.58|Monitor:0.58,Text,0.9206,0.5475,0.0,0.0,0.0,0.0,0.0,1,0.0,18.55,17.58,#000000:98.3|#800000:1.7,,0.0,0.0,0.0,0,,,-1,-1
1273521,0,,Adult:0.99|Male:0.99|Man:0.99|Person:0.99|Female:0.99|Woman:0.99|Shoe:0.98|Glove:0.97|Hat:0.96|Glasses:0.90,Adult,0.9921,0.0,0.0,0.9921,0.0,0.0,0.0,29,48.19,82.13,90.93,#000000:41.2|#2f4f4f:22.4|#808080:13.5|#c0c0c0:9.9|#40e0d0:8.4,,0.0,0.0,0.0,4,CALM:0.99,Female,11,19
1273556,0,,Fighting:1.00|Person:1.00|Adult:0.98|Male:0.98|Man:0.98|Machine:0.88|Wheel:0.88|Female:0.82|Woman:0.82|Head:0.77,Fighting,0.9995,0.0,0.0,0.9995,0.0,0.0,0.0,14,64.72,80.19,83.86,#808080:27.0|#2f4f4f:23.5|#696969:19.4|#000000:11.6|#c0c0c0:11.5,Physical Violence:0.91|Graphic Violence:0.91|Violence:0.91,0.9088,0.0,0.0,1,FEAR:0.48,Male,24,32
1274771,0,,Aircraft:0.98|Helicopter:0.98|Vehicle:0.98|Lighting:0.89|Airplane:0.86|Astronomy:0.69|Moon:0.69|Wheel:0.67|Outer Space:0.56|Spaceship:0.56,Aircraft,0.9805,0.0,0.5363,0.0,0.0,0.0,0.0,3,40.61,32.74,82.2,#000000:57.3|#2f4f4f:32.1|#ffebcd:4.2|#808080:3.9|#a9a9a9:2.5,,0.0,0.0,0.0,0,,,-1,-1
1274792,0,,People:1.00|Person:1.00|Boy:0.98|Male:0.98|Teen:0.98|Head:0.97|Face:0.96|Birthday Cake:0.92|Cake:0.92|Cream:0.92,People,0.9993,0.0,0.0,0.9993,0.0,0.7217,0.0,5,41.13,24.51,85.65,#000000:40.2|#2f4f4f:30.3|#808080:12.6|#d2b48c:11.6|#cd853f:3.7,,0.0,0.0,0.0,0,,,-1,-1
1274809,0,,Grove:1.00|Land:1.00|Nature:1.00|Outdoors:1.00|Tree:1.00|Vegetation:1.00|Woodland:1.00|Purple:1.00|Sky:1.00|Night:1.00,Grove,1.0,0.0,0.0,0.0,0.0,0.0,0.9978,0,46.45,79.62,92.9,#000000:46.5|#87ceeb:20.4|#2f4f4f:11.9|#008080:8.5|#dda0dd:8.2,,0.0,0.0,0.0,0,,,-1,-1
1274813,0,,Grove:1.00|Land:1.00|Nature:1.00|Outdoors:1.00|Tree:1.00|Vegetation:1.00|Woodland:1.00|Jungle:1.00|Photography:1.00|Rainforest:1.00,Grove,1.0,0.0,0.7746,0.0,0.0,0.0,0.0,1,59.82,80.15,100.0,#000000:31.5|#ffffff:24.2|#2f4f4f:21.6|#87ceeb:9.1|#afeeee:8.6,,0.0,0.0,0.0,0,,,-1,-1
1275700,0,,Formal Wear:1.00|Suit:1.00|Adult:0.99|Male:0.99|Man:0.99|Person:0.99|Crowd:0.99|Coat:0.97|People:0.95|Face:0.95,Formal Wear,0.9978,0.0,0.0,0.9944,0.0,0.0,0.0,19,61.17,47.69,81.91,#2f4f4f:45.5|#808080:25.4|#a9a9a9:11.5|#696969:10.8|#c0c0c0:6.8,,0.0,0.0,0.0,4,CALM:0.90,Male,48,56
1277577,0,,Person:1.00|Mold:0.97|Home Damage:0.97|Mold Damage:0.97|Lamp:0.90|Accessories:0.51|Glasses:0.51,Person,0.9971,0.0,0.0,0.9971,0.0,0.0,0.0,3,58.45,42.43,83.07,#2f4f4f:34.6|#696969:24.3|#000000:14.1|#808080:14.1|#c0c0c0:11.1,,0.0,0.0,0.0,1,CALM:0.25,Female,24,32
1280702,2023,Alone,Head:1.00|Person:1.00|Face:1.00|Baby:0.96|Light:0.79|Glove:0.78|Photography:0.78|Portrait:0.78|Smoke:0.55|Night:0.55,Head,0.9961,0.0,0.0,0.9961,0.0,0.554,0.0,3,8.27,47.2,76.77,#000000:82.1|#191970:9.3|#483d8b:4.0|#808080:2.4|#c0c0c0:2.1,,0.0,0.0,0.0,1,FEAR:0.94,Male,27,35
1284274,0,,Coat:1.00|Jacket:1.00|Blazer:1.00|Adult:0.98|Female:0.98|Person:0.98|Woman:0.98|Male:0.96|Man:0.96|Face:0.91,Coat,0.9998,0.0,0.0,0.9784,0.0,0.0,0.0,9,60.54,77.39,84.71,#2f4f4f:38.0|#800000:19.5|#bdb76b:9.9|#c0c0c0:9.1|#696969:6.2,,0.0,0.0,0.0,2,CALM:0.50,Male,20,26
1290366,2024,Eat Me,Book:1.00|Publication:1.00|Scoreboard:0.82|Head:0.81|Person:0.81|Baby:0.79|Novel:0.76|Face:0.74|Text:0.58|Alien:0.57,Book,0.9999,0.0,0.0,0.8131,0.0,0.0,0.0,3,17.29,29.05,77.68,#000000:68.8|#2f4f4f:11.2|#ff0000:8.3|#5f9ea0:6.7|#800000:2.6,,0.0,0.0,0.0,0,,,-1,-1
1292555,0,,Coat:1.00|Microphone:1.00|Adult:0.99|Male:0.99|Man:0.99|Person:0.99|Performer:0.99|Solo Performance:0.99|Face:0.90|Head:0.90,Coat,0.9993,0.0,0.0,0.9895,0.0,0.0,0.0,13,48.42,36.54,77.02,#2f4f4f:75.3|#696969:10.0|#808080:6.7|#a9a9a9:4.0|#000000:2.0,,0.0,0.0,0.0,2,HAPPY:0.57,Male,38,46
1301696,0,,Electronics:1.00|Screen:1.00|Computer Hardware:1.00|Hardware:1.00|Monitor:1.00|TV:1.00|Adult:0.98|Male:0.98|Man:0.98|Person:0.98,Electronics,1.0,0.0,0.0,0.9849,0.0,0.0,0.0,5,28.33,49.97,89.17,#000000:59.9|#808080:20.8|#2f4f4f:10.0|#c0c0c0:6.0|#dcdcdc:2.9,,0.0,0.0,0.0,1,HAPPY:0.64,Male,47,55
1304712,0,,Adult:0.98|Male:0.98|Man:0.98|Person:0.98|Face:0.93|Head:0.93|Formal Wear:0.90|Indoors:0.58|Suit:0.58|Tie:0.58,Adult,0.9829,0.0,0.0,0.9829,0.0,0.0,0.0,8,57.67,76.29,89.66,#000000:31.2|#2f4f4f:25.0|#c0c0c0:18.8|#808080:12.5|#a9a9a9:12.5,,0.0,0.0,0.0,1,FEAR:0.80,Female,16,22
1306667,0,,Emblem:1.00|Symbol:1.00|Logo:0.98|Moon:0.81|Weapon:0.56|Recycling Symbol:0.52|Pirate:0.52|Coupe:0.52|Pet:0.52|Electronics:0.52,Emblem,0.9998,0.5571,0.0,0.0,0.0,0.0,0.0,1,0.66,84.09,75.87,#000000:91.3|#2f4f4f:3.1|#696969:3.1|#dcdcdc:1.5|#808080:1.0,,0.0,0.0,0.0,0,,,-1,-1
1309181,0,,Fighting:0.99|Person:0.99|Adult:0.94|Male:0.94|Man:0.94|Kicking:0.91|Face:0.70|Head:0.70|Duel:0.56|Boxing:0.51,Fighting,0.9949,0.0,0.0,0.9949,0.0,0.0,0.0,8,57.8,55.31,85.34,#2f4f4f:31.4|#000000:21.7|#8fbc8f:11.9|#2e8b57:10.1|#556b2f:9.6,Weapon Violence:0.91|Graphic Violence:0.91|Violence:0.91,0.9095,0.0,0.0,1,HAPPY:0.90,Female,24,30
1312473,2023,The Devil on Derby Street,Book:1.00|Publication:1.00|Adult:0.99|Female:0.99|Person:0.99|Woman:0.99|Advertisement:0.98|Face:0.97|Head:0.97|Male:0.97,Book,1.0,0.0,0.0,0.9908,0.0,0.0,0.0,12,68.1,86.13,85.53,#000000:24.8|#2f4f4f:19.7|#a0522d:14.0|#bc8f8f:12.8|#ffebcd:10.0,,0.0,0.0,0.0,3,SAD:0.46,Female,23,29
1312576,0,,Adult:0.99|Female:0.99|Person:0.99|Woman:0.99|Male:0.99|Man:0.99|Crowd:0.87|Chair:0.87|Face:0.83|Head:0.83,Adult,0.9881,0.0,0.0,0.9881,0.0,0.0,0.0,14,62.33,81.03,84.95,#808080:32.5|#2f4f4f:25.0|#696969:20.0|#000000:12.5|#dcdcdc:7.5,,0.0,0.0,0.0,1,ANGRY:0.59,Male,24,30
1313960,0,,Head:1.00|Person:1.00|Face:1.00|Photography:1.00|Portrait:0.99|Adult:0.99|Female:0.99|Woman:0.99|Male:0.99|Man:0.99,Head,0.9989,0.0,0.0,0.9989,0.0,0.0,0.0,8,6.46,7.11,32.35,#000000:59.9|#191970:40.1,,0.0,0.0,0.0,1,SURPRISED:0.65,Female,18,22
1315514,0,,Face:1.00|Head:1.00|Person:1.00|Photography:1.00|Portrait:1.00|Accessories:1.00|Glasses:1.00|Adult:0.99|Female:0.99|Woman:0.99,Face,1.0,0.0,0.0,1.0,0.0,0.0,0.0,10,48.37,57.61,81.1,#000000:39.8|#2f4f4f:20.6|#a0522d:12.4|#800000:10.0|#bc8f8f:5.2,,0.0,0.0,0.0,2,CALM:0.98,Male,41,49
1316210,0,,Animal:0.92|Mammal:0.89|Rat:0.79|Rodent:0.79|Mole:0.69|Wildlife:0.66|Snout:0.53|Anole:0.53|Tick:0.52|Weasel:0.52,Animal,0.9201,0.0,0.9201,0.0,0.0,0.0,0.0,1,87.94,32.17,77.73,#c0c0c0:36.7|#a9a9a9:19.9|#bc8f8f:16.1|#a0522d:10.4|#d2b48c:9.3,,0.0,0.0,0.0,0,,,-1,-1
1317055,0,,Cape:1.00|Adult:0.99|Male:0.99|Man:0.99|Person:0.99|People:0.97|Coat:0.83|Outdoors:0.74|Solo Performance:0.69|Shoe:0.60,Cape,0.9975,0.5432,0.0,0.9889,0.0,0.0,0.0,5,70.7,39.22,87.52,#000000:21.0|#808080:18.7|#696969:18.5|#bc8f8f:14.7|#2f4f4f:14.3,,0.0,0.0,0.0,1,FEAR:0.57,Male,24,30
1317068,0,,Face:1.00|Head:1.00|Person:1.00|Photography:1.00|Portrait:1.00|Accessories:1.00|Glasses:1.00|Electronics:1.00|Phone:1.00|Coat:0.99,Face,0.9999,0.0,0.0,0.9999,0.0,0.0,0.0,5,32.65,24.98,85.05,#000000:56.3|#2f4f4f:25.0|#696969:6.3|#a9a9a9:5.9|#ffebcd:4.0,,0.0,0.0,0.0,0,,,-1,-1
1317081,0,,Text:0.95|Art:0.95|Symbol:0.58|Alphabet:0.58|Ampersand:0.58|Handwriting:0.57|Blackboard:0.56|Calligraphy:0.55|Painting:0.55|Velvet:0.54,Text,0.953,0.0,0.0,0.0,0.0,0.0,0.0,0,71.26,33.42,79.57,#808080:35.6|#2f4f4f:19.9|#696969:15.4|#c0c0c0:14.8|#a9a9a9:11.2,,0.0,0.0,0.0,0,,,-1,-1
1317083,0,,Indoors:1.00|Adult:0.92|Male:0.92|Man:0.92|Person:0.92|Face:0.80|Head:0.80|Courtroom:0.55|Clinic:0.54|Barbershop:0.53,Indoors,0.9976,0.0,0.0,0.9234,0.0,0.0,0.0,13,42.93,78.63,90.56,#000000:42.1|#2f4f4f:21.1|#c0c0c0:21.1|#808080:15.8,,0.0,0.0,0.0,0,,,-1,-1
1318302,0,,Computer Hardware:1.00|Electronics:1.00|Hardware:1.00|Monitor:1.00|Screen:1.00|TV:1.00|Appliance:1.00|Device:1.00|Electrical Device:1.00|Microwave:1.00,Computer Hardware,1.0,0.0,0.0,0.0,0.0,0.0,0.0,2,76.0,79.36,87.04,#808080:26.0|#2f4f4f:20.2|#800000:16.1|#c0c0c0:13.4|#dcdcdc:11.7,,0.0,0.0,0.0,0,,,-1,-1
1321229,0,,Coat:1.00|Jacket:1.00|Pants:1.00|Blazer:1.00|Adult:0.99|Male:0.99|Man:0.99|Person:0.99|Jeans:0.99|Photobombing:0.98,Coat,1.0,0.0,0.0,0.9924,0.0,0.0,0.0,9,48.51,79.2,84.48,#000000:45.3|#2f4f4f:21.0|#808080:19.3|#c0c0c0:10.5|#778899:1.9,,0.0,0.0,0.0,2,HAPPY:0.56,Male,34,42
1321903,0,,Back:1.00|Person:1.00|Swimwear:1.00|Adult:0.99|Male:0.99|Man:0.99|Bride:0.99|Female:0.99|Woman:0.99|Bikini:0.90,Back,0.9998,0.0,0.0,0.9998,0.0,0.0,0.0,13,77.75,88.49,97.22,#000000:32.0|#dcdcdc:20.0|#c0c0c0:16.0|#2f4f4f:8.0|#696969:8.0,Explicit:0.95|Exposed Buttocks or Anus:0.95|Explicit Nudity:0.95|Non-Explicit Nudity of Intimate parts and Kissing:0.93|Non-Explicit Nudity:0.93|Bare Back:0.93,0.0,0.0,0.0,3,CALM:0.97,Female,20,26
1331261,0,,Person:1.00|Walking:1.00|Coat:1.00|Tree:1.00|Jacket:1.00|Grove:0.99|Nature:0.99|Outdoors:0.99|Vegetation:0.99|Woodland:0.99,Person,0.9994,0.0,0.0,0.9994,0.0,0.0,0.0,5,98.48,85.38,91.81,#ffffff:47.2|#2f4f4f:14.0|#dcdcdc:12.9|#808080:10.1|#c0c0c0:6.4,,0.0,0.0,0.0,0,,,-1,-1
1331275,0,,Head:0.99|Person:0.99|Lady:0.99|Face:0.99|Hat:0.98|Adult:0.98|Male:0.98|Man:0.98|Coat:0.96|Formal Wear:0.96,Head,0.9872,0.0,0.0,0.9872,0.0,0.5606,0.0,8,61.94,75.55,88.66,#2f4f4f:32.5|#696969:17.5|#000000:12.5|#a9a9a9:12.5|#dcdcdc:10.0,,0.0,0.0,0.0,1,CALM:0.50,Male,25,33
1339547,0,,Adult:0.99|Bride:0.99|Female:0.99|Person:0.99|Woman:0.99|Art:0.99|Painting:0.99|Male:0.89|Man:0.89|Face:0.85,Adult,0.9916,0.0,0.0,0.9916,0.0,0.0,0.0,22,81.54,76.78,84.53,#2f4f4f:29.7|#c0c0c0:26.6|#808080:23.5|#dcdcdc:14.2|#a0522d:4.2,,0.0,0.0,0.0,6,CALM:0.59,Male,23,29
1341983,0,,Head:1.00|Person:1.00|Face:1.00|Photography:1.00|Portrait:1.00|Adult:0.99|Female:0.99|Woman:0.99|Angry:0.88|Sad:0.53,Head,1.0,0.0,0.0,1.0,0.0,0.0,0.0,5,1.64,7.45,32.16,#000000:89.4|#800000:5.0|#8b4513:2.6|#2f4f4f:2.5|#a0522d:0.4,,0.0,0.0,0.0,1,ANGRY:0.66,Female,62,68
1354755,0,,Coat:1.00|Art:0.99|Painting:0.99|Face:0.99|Head:0.99|Person:0.99|Photography:0.99|Portrait:0.99|Adult:0.98|Male:0.98,Coat,0.9991,0.0,0.0,0.9879,0.0,0.0,0.0,19,64.18,38.92,78.25,#556b2f:59.5|#2f4f4f:32.4|#bdb76b:4.9|#000000:3.2,,0.0,0.0,0.0,5,CALM:0.60,Male,46,54
1356797,0,,Vegetation:1.00|Jungle:1.00|Nature:1.00|Outdoors:1.00|Face:1.00|Head:1.00|Person:1.00|Photography:1.00|Portrait:1.00|Adult:1.00,Vegetation,1.0,0.0,0.0,0.9999,0.0,0.0,0.0,4,43.58,79.01,78.62,#2f4f4f:41.0|#000000:37.7|#a0522d:5.3|#bc8f8f:5.1|#696969:4.7,Blood & Gore:0.96|Graphic Violence:0.96|Violence:0.96,0.957,0.0,0.957,0,,,-1,-1
1363016,0,,Photography:1.00|Head:1.00|Person:1.00|Face:1.00|Lobster:0.61|Seafood:0.61|Portrait:0.61|Leaf:0.55|Plant:0.55|Taking Cover:0.54,Photography,0.9997,0.0,0.0,0.9969,0.0,0.0,0.0,2,62.76,78.94,79.98,#2f4f4f:47.0|#808080:19.1|#696969:19.0|#a0522d:6.2|#dcdcdc:4.6,,0.0,0.0,0.0,1,SAD:0.93,Female,28,36
1365986,0,,Face:0.91|Head:0.91|Person:0.91|Art:0.69|Nature:0.57|Outdoors:0.57|Reef:0.57|Water:0.57|Festival:0.57|Coral Reef:0.57,Face,0.9088,0.0,0.0,0.9088,0.5741,0.0,0.0,2,0.7,95.67,93.86,#000000:63.1|#800000:10.9|#dcdcdc:10.5|#808080:5.0|#2f4f4f:3.0,,0.0,0.0,0.0,1,CALM:0.53,Male,24,32
1367656,0,,Diary:0.98|Text:0.90|Handwriting:0.86|Business Card:0.83|Paper:0.83|Person:0.71|Writing:0.71|Pen:0.62|Book:0.58|Publication:0.58,Diary,0.9823,0.0,0.0,0.7128,0.0,0.0,0.0,2,42.4,80.62,94.69,#000000:47.6|#2f4f4f:17.0|#ffebcd:16.2|#a0522d:7.8|#c0c0c0:5.2,,0.0,0.0,0.0,0,,,-1,-1
1369198,0,,Adult:0.99|Male:0.99|Man:0.99|Person:0.99|Head:0.95|Face:0.94|Photography:0.94|Portrait:0.94|Book:0.58|Logo:0.56,Adult,0.9898,0.0,0.0,0.9898,0.0,0.0,0.0,8,1.59,91.96,91.87,#000000:61.2|#800000:13.3|#dcdcdc:9.8|#2f4f4f:5.7|#808080:5.5,,0.0,0.0,0.0,2,SAD:0.50,Male,30,38
1369581,0,,Finger:0.89|Hand:0.89|Pig:0.89|Skin:0.82|Tattoo:0.82|Grenade:0.74|Chain:0.57|Injury:0.56|Advertisement:0.55|Handgun:0.54,Finger,0.8909,0.5383,0.0,0.0,0.0,0.0,0.0,2,65.61,86.26,86.43,#000000:32.8|#808080:23.1|#a9a9a9:17.2|#696969:10.8|#2f4f4f:9.0,Blood & Gore:0.99|Graphic Violence:0.99|Violence:0.99,0.9877,0.0,0.9877,0,,,-1,-1
1369835,0,,Pool:1.00|Water:1.00|Swimming Pool:1.00|Outdoors:1.00|Person:0.98|Nature:0.79|Aerial View:0.78|Business Card:0.61|Text:0.61|Diving:0.53,Pool,0.9999,0.0,0.0,0.9832,0.9999,0.0,0.0,2,7.95,26.99,76.07,#000000:77.0|#2f4f4f:15.4|#5f9ea0:4.2|#4682b4:2.5|#b0c4de:1.0,,0.0,0.0,0.0,0,,,-1,-1
1369837,0,,Nature:1.00|Outdoors:1.00|Countryside:1.00|Barn:1.00|Building:1.00|Farm:1.00|Rural:1.00|Night:0.84|Hut:0.57|Wood:0.57,Nature,1.0,0.0,0.0,0.0,0.0,0.0,0.0,1,8.13,19.0,16.38,#000000:94.4|#800000:5.1|#2f4f4f:0.4,,0.0,0.0,0.0,0,,,-1,-1
1370231,0,,Book:1.00|Publication:1.00|Electronics:1.00|Hardware:1.00|Adult:0.99|Female:0.99|Person:0.99|Woman:0.99|Claw:0.76|Hook:0.76,Book,0.9989,0.0,0.5403,0.9881,0.0,0.0,0.5575,8,17.48,53.46,81.15,#000000:59.7|#2f4f4f:20.7|#4682b4:15.8|#800000:2.4|#ff0000:1.4,,0.0,0.0,0.0,0,,,-1,-1
1371840,0,,Text:0.99|Adult:0.97|Male:0.97|Man:0.97|Person:0.97|Head:0.85|Credit Card:0.82|Face:0.82|Document:0.74|Driving License:0.74,Text,0.9918,0.0,0.0,0.9726,0.0,0.0,0.0,10,52.97,78.3,78.61,#2f4f4f:35.2|#000000:28.3|#696969:15.8|#808080:10.8|#808000:3.1,,0.0,0.0,0.0,2,HAPPY:1.00,Male,45,53
1371856,0,,Face:1.00|Head:1.00|Person:1.00|Photography:1.00|Portrait:1.00|Sweater:0.85|Book:0.79|Publication:0.79|Advertisement:0.77|Poster:0.77,Face,0.9998,0.0,0.0,0.9998,0.0,0.0,0.0,3,36.91,80.34,90.18,#000000:53.8|#2f4f4f:16.5|#a9a9a9:10.5|#dcdcdc:7.5|#808080:7.0,,0.0,0.0,0.0,1,CALM:0.99,Female,29,37
1371999,0,,Symbol:0.96|Number:0.95|Text:0.95|Logo:0.87|Disk:0.81|Emblem:0.56|Light:0.56|Electronics:0.55|Screen:0.55|Computer Hardware:0.53,Symbol,0.9597,0.0,0.0,0.0,0.0,0.0,0.0,1,19.42,42.53,86.49,#000000:79.3|#dcdcdc:6.4|#2f4f4f:4.0|#daa520:2.8|#696969:2.6,,0.0,0.0,0.0,0,,,-1,-1
1372001,0,,Tomb:0.99|Gravestone:0.99|Person:0.99|Face:0.91|Head:0.91|Outdoors:0.89|Graveyard:0.67|Coat:0.55|Photography:0.55|Portrait:0.55,Tomb,0.9927,0.0,0.0,0.9878,0.0,0.0,0.0,2,67.63,89.17,87.71,#2f4f4f:31.1|#808080:20.0|#a9a9a9:11.1|#dcdcdc:11.1|#000000:8.9,,0.0,0.0,0.0,1,ANGRY:0.90,Male,25,33
1372013,0,,Face:1.00|Head:1.00|Person:1.00|Photography:1.00|Portrait:1.00|Adult:0.99|Male:0.99|Man:0.99|Glass:0.88|Alcohol:0.80,Face,1.0,0.0,0.5667,1.0,0.0,0.0,0.0,4,50.08,33.16,82.79,#2f4f4f:66.5|#696969:10.1|#808080:10.0|#a9a9a9:6.6|#c0c0c0:5.5,,0.0,0.0,0.0,1,SURPRISED:0.93,Male,55,61
1372016,0,,Scoreboard:0.99|Advertisement:0.95|Poster:0.91|Text:0.89|Book:0.78|Publication:0.78|Number:0.63|Symbol:0.63|City:0.57|Alphabet:0.56,Scoreboard,0.9861,0.0,0.0,0.0,0.0,0.0,0.0,1,1.97,97.26,99.26,#000000:60.7|#ffffff:13.5|#cd853f:13.4|#a9a9a9:5.4|#696969:2.8,,0.0,0.0,0.0,0,,,-1,-1
1372145,0,,Bed:0.99|Furniture:0.99|Bunk Bed:0.91|Baby:0.88|Person:0.88|Architecture:0.60|Building:0.60|Hostel:0.60|Housing:0.60|Bedroom:0.56,Bed,0.9886,0.0,0.0,0.877,0.0,0.0,0.0,7,23.33,76.85,84.05,#000000:61.7|#2f4f4f:18.4|#696969:8.6|#c0c0c0:4.6|#778899:3.9,,0.0,0.0,0.0,2,SAD:0.93,Female,11,19
1372917,2023,Angie,Photography:1.00|Face:1.00|Head:1.00|Person:1.00|Portrait:1.00|Outdoors:1.00|Shelter:1.00|Vegetation:1.00|Tree:1.00|Adult:0.99,Photography,1.0,0.0,0.0,1.0,0.0,0.0,0.0,4,60.05,83.19,84.49,#2f4f4f:39.9|#696969:13.7|#008080:12.4|#808080:11.0|#a9a9a9:9.2,,0.0,0.0,0.0,1,CALM:0.98,Male,41,49
1376362,0,,Head:0.99|Person:0.99|Face:0.99|Adult:0.98|Female:0.98|Woman:0.98|Photography:0.96|Portrait:0.96|Glasses:0.81|Sunglasses:0.57,Head,0.9922,0.0,0.0,0.9922,0.0,0.0,0.0,5,62.42,80.54,86.6,#808080:38.4|#000000:34.3|#2f4f4f:18.1|#a9a9a9:8.3|#ffebcd:0.7,,0.0,0.0,0.0,1,FEAR:0.79,Male,41,49
1389998,0,,Purple:1.00|Light:1.00|Neon:0.93|Lighting:0.93|Text:0.85|Computer Hardware:0.83|Hardware:0.83|Monitor:0.83|Screen:0.83|Symbol:0.79,Purple,1.0,0.0,0.0,0.0,0.0,0.0,0.0,0,29.41,57.18,78.34,#000000:46.1|#ff00ff:27.1|#191970:15.4|#8b008b:5.5|#4b0082:3.0,,0.0,0.0,0.0,0,,,-1,-1
1390252,0,,Fire:1.00|Flame:1.00|Bonfire:0.98|Fireplace:0.92|Indoors:0.92|Animal:0.68|Canine:0.68|Dog:0.68|Mammal:0.68|Pet:0.68,Fire,1.0,0.0,0.6782,0.0,0.0,1.0,0.0,2,2.43,55.87,87.73,#000000:75.5|#b22222:5.7|#800000:5.6|#f0e68c:5.6|#d2691e:4.1,,0.0,0.0,0.0,0,,,-1,-1
1391185,0,,Fire:0.94|Flame:0.94|Smoke:0.90|Head:0.88|Person:0.88|Face:0.86|Body Part:0.82|Finger:0.82|Hand:0.82|Candle:0.60,Fire,0.9357,0.0,0.0,0.8775,0.0,0.9357,0.0,1,38.12,14.69,80.57,#000000:45.8|#800000:27.4|#8b4513:13.1|#a0522d:8.1|#deb887:4.0,Pills:0.62|Products:0.62|Drugs & Tobacco:0.62,0.0,0.0,0.0,0,,,-1,-1
1394555,0,,Head:1.00|Person:1.00|Face:1.00|Photography:1.00|Portrait:1.00|Blonde:0.95|Hair:0.95|Sad:0.85|Accessories:0.57|Earring:0.57,Head,0.9999,0.0,0.0,0.9999,0.0,0.0,0.0,1,83.32,16.68,83.95,#808080:25.7|#2f4f4f:20.0|#c0c0c0:19.1|#a9a9a9:18.3|#ffffff:15.4,,0.0,0.0,0.0,1,CALM:0.41,Female,10,18
1404680,2024,The Wounded and The Watcher,Home Decor:0.99|Rug:0.99|Adult:0.98|Male:0.98|Man:0.98|Person:0.98|Indoors:0.94|Head:0.76|Footwear:0.76|Shoe:0.76,Home Decor,0.9933,0.0,0.0,0.976,0.0,0.0,0.0,12,19.78,23.09,78.86,#000000:66.8|#4682b4:11.8|#2f4f4f:8.2|#483d8b:5.6|#191970:4.4,,0.0,0.0,0.0,0,,,-1,-1
1407761,0,,Urban:0.98|Adult:0.97|Female:0.97|Person:0.97|Woman:0.97|Face:0.87|Head:0.87|People:0.76|Alcohol:0.57|Beverage:0.57,Urban,0.9765,0.0,0.0,0.9672,0.0,0.0,0.0,10,8.29,77.56,83.26,#000000:78.2|#2f4f4f:9.5|#808080:5.6|#c0c0c0:4.1|#dcdcdc:2.2,,0.0,0.0,0.0,2,CALM:0.44,Male,26,34
1408859,0,,Contact Lens:1.00|Baby:0.97|Person:0.97|Face:0.86|Head:0.86|Skin:0.54|Injury:0.51,Contact Lens,0.9979,0.0,0.0,0.9738,0.0,0.0,0.0,2,62.76,29.91,81.48,#bc8f8f:19.5|#800000:17.6|#a0522d:17.2|#2f4f4f:15.9|#808080:14.6,,0.0,0.0,0.0,0,,,-1,-1
1408864,0,,Symbol:0.85|Pattern:0.56|Heart:0.56|Accessories:0.56|Ornament:0.56|Fractal:0.55|Love Heart Symbol:0.54|Light:0.53|Art:0.52|Fire:0.51,Symbol,0.8513,0.0,0.0,0.0,0.0,0.5138,0.0,0,49.5,78.96,90.45,#000000:35.4|#800000:17.6|#daa520:13.9|#8b0000:12.9|#ff8c00:8.7,,0.0,0.0,0.0,0,,,-1,-1
1409390,0,,Book:0.99|Publication:0.99|Comics:0.75|Person:0.67|Art:0.65|Outdoors:0.57|Graphics:0.56|Juggling:0.56|Drawing:0.56|Performer:0.55,Book,0.995,0.0,0.0,0.6749,0.0,0.0,0.0,1,0.0,45.06,75.76,#000000:94.5|#a9a9a9:2.7|#2f4f4f:2.7,,0.0,0.0,0.0,0,,,-1,-1
1415142,0,,Adult:1.00|Female:1.00|Person:1.00|Woman:1.00|Furniture:0.94|Face:0.92|Head:0.92|Conversation:0.92|Bed:0.74|Bedroom:0.74,Adult,0.9992,0.0,0.0,0.9992,0.0,0.0,0.0,12,60.35,80.33,88.41,#000000:30.5|#2f4f4f:17.1|#c0c0c0:12.8|#bc8f8f:11.9|#a0522d:11.1,,0.0,0.0,0.0,3,HAPPY:0.51,Female,15,21
1422967,0,,Person:0.99|Adult:0.99|Bride:0.99|Female:0.99|Woman:0.99|People:0.99|Costume:0.92|Face:0.81|Head:0.81|Art:0.80,Person,0.9916,0.0,0.0,0.9916,0.0,0.0,0.0,9,60.63,80.72,89.83,#2f4f4f:25.3|#808080:20.0|#000000:18.7|#696969:14.7|#dcdcdc:13.3,,0.0,0.0,0.0,2,CALM:0.47,Female,24,32
1423805,0,,Advertisement:0.84|Text:0.81|Poster:0.79|Outdoors:0.71|Page:0.57|Book:0.57|Publication:0.57|Nature:0.57|Logo:0.56|Knot:0.55,Advertisement,0.8441,0.5407,0.0,0.0,0.5406,0.0,0.0,0,0.0,80.63,80.1,#000000:90.9|#c0c0c0:4.2|#808080:3.3|#2f4f4f:1.7,,0.0,0.0,0.0,0,,,-1,-1
1425316,0,,Adult:0.99|Male:0.99|Man:0.99|Person:0.99|Working Out:0.66|Fitness:0.66|Sport:0.66|Backlighting:0.65|Yoga:0.62|Lotus Yoga Pose:0.54,Adult,0.9919,0.0,0.0,0.9919,0.0,0.0,0.0,4,43.65,78.93,87.29,#2f4f4f:40.6|#000000:38.2|#a9a9a9:9.4|#808080:7.6|#dcdcdc:4.1,,0.0,0.0,0.0,0,,,-1,-1
1427561,0,,Firearm:0.99|Gun:0.99|Handgun:0.99|Weapon:0.99|Female:0.99|Girl:0.99|Person:0.99|Teen:0.99|Adult:0.99|Male:0.99,Firearm,0.9932,0.9932,0.0,0.9913,0.0,0.0,0.0,10,42.6,48.84,54.1,#2f4f4f:49.9|#000000:33.8|#696969:9.0|#800000:2.9|#8b4513:2.0,Weapons:1.00|Violence:1.00|Weapon Violence:0.82|Graphic Violence:0.82,0.9965,0.9965,0.0,2,CONFUSED:0.49,Male,48,56
1433235,0,,Lighting:1.00|T-Shirt:1.00|Bag:0.99|Handbag:0.99|Adult:0.99|Female:0.99|Person:0.99|Woman:0.99|City:0.98|Advertisement:0.96,Lighting,1.0,0.0,0.0,0.9911,0.0,0.0,0.0,5,0.99,39.8,83.43,#000000:71.5|#191970:14.3|#696969:4.8|#a9a9a9:4.5|#dcdcdc:2.6,,0.0,0.0,0.0,1,FEAR:1.00,Female,23,29
1434503,0,,Advertisement:1.00|Poster:1.00|Adult:0.98|Female:0.98|Person:0.98|Woman:0.98|Child:0.98|Girl:0.98|Head:0.90|Face:0.87,Advertisement,0.9999,0.0,0.0,0.9766,0.0,0.0,0.0,9,12.11,80.77,76.34,#000000:77.6|#191970:9.9|#2f4f4f:6.4|#bdb76b:3.4|#800000:1.2,,0.0,0.0,0.0,3,SAD:0.97,Female,4,10
1435889,0,,Head:0.99|Person:0.99|Face:0.99|Baby:0.99|Performer:0.84|Solo Performance:0.84|Dancing:0.56|Leisure Activities:0.56|Velvet:0.53|Smile:0.53,Head,0.9937,0.0,0.0,0.9937,0.0,0.0,0.0,4,28.28,26.15,78.72,#000000:68.7|#800000:13.8|#dc143c:6.0|#8b0000:4.9|#bc8f8f:3.9,,0.0,0.0,0.0,1,CALM:0.85,Female,21,27
1440272,0,,Alien:0.99|Person:0.97|Adult:0.90|Male:0.90|Man:0.90|Face:0.84|Head:0.84|Indoors:0.80|Bathroom:0.60|Shower Faucet:0.60,Alien,0.993,0.0,0.0,0.9659,0.0,0.0,0.0,6,71.75,78.84,87.01,#000000:25.1|#90ee90:22.8|#6b8e23:20.3|#2f4f4f:10.3|#556b2f:9.1,,0.0,0.0,0.0,0,,,-1,-1
1456113,0,,Text:0.94|Cross:0.85|Symbol:0.85|Alphabet:0.77|Outdoors:0.71|City:0.67|Nature:0.58|Book:0.57|Ampersand:0.57|Night:0.56,Text,0.9415,0.0,0.0,0.0,0.0,0.0,0.0,1,0.0,2.57,20.43,#000000:97.2|#2f4f4f:2.8,,0.0,0.0,0.0,0,,,-1,-1
1477352,0,,Book:1.00|Publication:1.00|Lamp:1.00|Person:0.99|Table Lamp:0.99|Bed:0.98|Furniture:0.98|Reading:0.88|Desk:0.59|Table:0.59,Book,1.0,0.0,0.0,0.9929,0.0,0.0,0.0,6,35.35,31.62,62.62,#000000:51.5|#2f4f4f:39.0|#696969:9.0|#556b2f:0.6,,0.0,0.0,0.0,1,CALM:0.45,Female,31,39
1477442,0,,Head:1.00|Person:1.00|Face:1.00|Photography:1.00|Portrait:1.00|Adult:0.99|Male:0.99|Man:0.99|Angry:0.97|Sad:0.89,Head,1.0,0.0,0.0,1.0,0.0,0.0,0.0,4,0.0,12.53,37.45,#000000:93.8|#696969:3.6|#2f4f4f:2.6,,0.0,0.0,0.0,1,CALM:0.48,Male,44,52
1479157,0,,Book:0.98|Publication:0.98|Advertisement:0.95|Face:0.94|Head:0.94|Person:0.94|Poster:0.93|Comics:0.87|Adult:0.86|Male:0.86,Book,0.9836,0.0,0.0,0.9377,0.0,0.0,0.0,5,85.33,36.96,79.6,#bc8f8f:20.6|#ffb6c1:18.7|#c0c0c0:14.2|#2f4f4f:12.4|#ffe4e1:11.0,,0.0,0.0,0.0,4,FEAR:0.97,Female,26,34
1488712,0,,Swimwear:1.00|Head:1.00|Person:1.00|Face:1.00|Adult:0.97|Female:0.97|Woman:0.97|Smoke:0.95|Smoking:0.72|Bikini:0.58,Swimwear,0.9992,0.0,0.0,0.9982,0.0,0.9475,0.0,4,80.01,75.01,81.76,#808080:31.2|#a9a9a9:23.5|#c0c0c0:20.8|#2f4f4f:18.8|#000000:5.7,Swimwear or Underwear:0.91|Female Swimwear or Underwear:0.91,0.0,0.0,0.0,1,SURPRISED:0.66,Female,19,25
1507997,0,,Head:1.00|Person:1.00|Face:1.00|Happy:1.00|Smile:1.00|Adult:0.99|Female:0.99|Woman:0.99|Solo Performance:0.97|People:0.92,Head,0.9999,0.0,0.0,0.9999,0.0,0.5181,0.0,5,3.78,14.37,75.99,#000000:77.6|#191970:10.6|#cd5c5c:4.0|#8b4513:3.2|#9370db:2.1,Swimwear or Underwear:0.62|Female Swimwear or Underwear:0.62,0.0,0.0,0.0,1,HAPPY:1.00,Female,36,44
1514108,0,,Head:1.00|Person:1.00|Face:1.00|Photography:1.00|Portrait:1.00|Sad:1.00|Adult:0.99|Female:0.99|Woman:0.99|Accessories:0.88,Head,1.0,0.0,0.0,1.0,0.0,0.0,0.0,5,66.84,27.72,98.64,#000000:42.7|#c0c0c0:31.0|#808080:11.5|#a9a9a9:7.6|#2f4f4f:4.6,,0.0,0.0,0.0,1,SAD:0.90,Female,24,32
1532880,2025,Turn It Off,Clock:1.00|Digital Clock:1.00|Text:0.87|Symbol:0.58|Number:0.57|Computer Hardware:0.57|Electronics:0.57|Hardware:0.57|Screen:0.57|Monitor:0.56,Clock,0.9974,0.517,0.5099,0.0,0.0,0.0,0.0,0,0.0,0.93,12.83,#000000:98.0|#800000:1.3|#b22222:0.7,,0.0,0.0,0.0,0,,,-1,-1
1541406,0,,Adult:0.98|Male:0.98|Man:0.98|Person:0.98|Head:0.95|Food:0.95|Meal:0.95|Face:0.94|Indoors:0.93|Restaurant:0.93,Adult,0.9824,0.0,0.0,0.9824,0.0,0.0,0.0,11,43.36,38.39,73.08,#2f4f4f:44.6|#000000:37.6|#808080:9.1|#696969:8.8,,0.0,0.0,0.0,2,CALM:0.51,Male,55,61
1544453,0,,Photography:1.00|Lamp:1.00|Face:1.00|Head:1.00|Person:1.00|Portrait:1.00|Formal Wear:1.00|Tie:1.00|Adult:0.99|Male:0.99,Photography,0.9998,0.0,0.0,0.9978,0.0,0.0,0.0,6,42.07,38.56,76.57,#000000:44.0|#2f4f4f:31.2|#808080:12.5|#696969:12.3,,0.0,0.0,0.0,1,CALM:0.83,Male,42,50
1544463,0,,Photography:1.00|Lamp:1.00|Face:1.00|Head:1.00|Person:1.00|Portrait:1.00|Formal Wear:1.00|Tie:1.00|Adult:0.99|Male:0.99,Photography,0.9998,0.0,0.0,0.9978,0.0,0.0,0.0,6,42.07,38.56,76.57,#000000:44.0|#2f4f4f:31.2|#808080:12.5|#696969:12.3,,0.0,0.0,0.0,1,CALM:0.83,Male,42,50
1550319,0,,Head:1.00|Person:1.00|Face:1.00|Boy:0.97|Male:0.97|Teen:0.97|Adult:0.93|Female:0.93|Woman:0.93|Sad:0.92,Head,0.9999,0.0,0.0,0.9999,0.0,0.0,0.0,9,43.16,36.75,79.8,#000000:42.5|#2f4f4f:28.2|#800000:7.3|#556b2f:6.7|#cd853f:6.7,,0.0,0.0,0.0,2,CALM:0.97,Male,27,35
1551635,0,,Adult:0.95|Bride:0.95|Female:0.95|Person:0.95|Woman:0.95|Book:0.85|Publication:0.85|Animal:0.68|Cat:0.68|Mammal:0.68,Adult,0.9457,0.0,0.6794,0.9457,0.0,0.0,0.0,5,4.92,76.75,75.64,#000000:76.4|#8b4513:11.4|#800000:9.8|#a9a9a9:1.6|#2f4f4f:0.8,,0.0,0.0,0.0,0,,,-1,-1
1554959,2024,Through Their Eyes,Photography:1.00|Face:1.00|Head:1.00|Person:1.00|Portrait:1.00|Adult:0.99|Female:0.99|Woman:0.99|Skin:0.95|Tattoo:0.95,Photography,0.9998,0.0,0.0,0.9998,0.0,0.0,0.0,6,64.2,80.28,87.19,#2f4f4f:28.7|#778899:13.4|#dcdcdc:12.3|#808080:10.5|#696969:8.8,,0.0,0.0,0.0,1,FEAR:0.60,Female,44,52
1557852,2023,Someone's at the Door,Head:1.00|Person:1.00|Face:1.00|Photography:1.00|Portrait:1.00|Adult:0.99|Female:0.99|Woman:0.99|Blonde:0.58|Hair:0.58,Head,1.0,0.0,0.0,1.0,0.0,0.0,0.0,4,45.28,81.67,83.18,#2f4f4f:38.2|#000000:37.5|#556b2f:12.1|#a9a9a9:5.4|#808080:3.7,,0.0,0.0,0.0,1,CALM:0.97,Female,25,33
1575865,2023,The Curse of Room 102,City:1.00|Building:1.00|Hotel:1.00|Urban:0.99|Resort:0.98|Tree:0.97|Condo:0.86|Housing:0.86|High Rise:0.86|Neighborhood:0.86,City,1.0,0.0,0.0,0.0,0.0,0.0,0.0,1,65.75,82.43,89.07,#2f4f4f:30.6|#808080:26.1|#dcdcdc:21.9|#000000:18.9|#b22222:1.3,,0.0,0.0,0.0,0,,,-1,-1
1579593,0,,Coat:1.00|Jacket:1.00|Face:1.00|Head:1.00|Person:1.00|Photography:1.00|Portrait:1.00|Cap:1.00|Hat:1.00|Adult:0.98,Coat,0.9999,0.0,0.0,0.9989,0.0,0.0,0.0,9,58.6,76.1,86.19,#2f4f4f:36.4|#808080:17.2|#696969:14.8|#000000:14.4|#c0c0c0:11.4,Explicit:0.93|Explicit Sexual Activity:0.93,0.0,0.0,0.0,2,SAD:0.92,Female,37,45
1579598,0,,Head:1.00|Person:1.00|Face:1.00|Adult:0.96|Female:0.96|Woman:0.96|Photography:0.95|Portrait:0.95|Neck:0.55|Sad:0.55,Head,1.0,0.0,0.0,1.0,0.0,0.0,0.0,4,10.49,79.85,75.67,#000000:73.3|#800000:17.4|#2f4f4f:6.3|#c0c0c0:1.9|#808080:1.1,,0.0,0.0,0.0,1,SAD:0.97,Female,31,39
1581602,0,,Person:1.00|Tomb:0.99|Gravestone:0.95|Outdoors:0.88|Graveyard:0.85|Field:0.76|Grassland:0.76|Nature:0.76|Mortar Shell:0.62|Grass:0.55,Person,0.9982,0.0,0.0,0.9982,0.0,0.0,0.0,2,58.27,36.69,61.37,#556b2f:42.5|#2f4f4f:23.5|#696969:17.8|#808080:12.7|#c0c0c0:2.7,,0.0,0.0,0.0,0,,,-1,-1
1588207,2025,Occupied,Book:1.00|Publication:1.00|Glasses:0.99|Adult:0.99|Male:0.99|Man:0.99|Person:0.99|Face:0.99|Head:0.99|Photography:0.99,Book,0.9997,0.0,0.0,0.9912,0.0,0.0,0.0,5,5.06,76.11,50.41,#000000:77.1|#800000:13.9|#b22222:7.0|#bc8f8f:1.3|#2f4f4f:0.7,,0.0,0.0,0.0,1,FEAR:0.99,Male,24,32
1590984,0,,Text:0.95|Number:0.91|Symbol:0.91|Clapperboard:0.91|Scoreboard:0.55|Ammunition:0.53|Weapon:0.53|Bomb:0.50,Text,0.9509,0.5251,0.0,0.0,0.0,0.0,0.0,1,76.17,89.67,88.22,#696969:33.9|#dcdcdc:21.9|#c0c0c0:15.2|#000000:13.8|#808080:11.0,,0.0,0.0,0.0,0,,,-1,-1
1610805,0,,Book:0.99|Publication:0.99|Kissing:0.99|Person:0.99|Romantic:0.99|Adult:0.99|Male:0.99|Man:0.99|Head:0.96|Face:0.94,Book,0.9876,0.0,0.0,0.9876,0.0,0.5677,0.0,5,37.61,54.1,75.78,#000000:61.1|#2f4f4f:33.3|#696969:3.6|#dcdcdc:2.1,,0.0,0.0,0.0,1,CALM:0.53,Male,28,36
1635622,0,,Adult:0.98|Female:0.98|Person:0.98|Woman:0.98|Photography:0.92|Earring:0.88|Book:0.82|Publication:0.82|Face:0.80|Head:0.80,Adult,0.9764,0.0,0.0,0.9764,0.0,0.0,0.0,4,40.31,85.26,98.28,#000000:49.8|#808080:17.0|#deb887:12.4|#ffffff:11.1|#2f4f4f:7.9,,0.0,0.0,0.0,0,,,-1,-1
1637612,0,,Adult:0.99|Male:0.99|Man:0.99|Person:0.99|Glove:0.99|Female:0.99|Woman:0.99|Hat:0.98|Chair:0.98|Bag:0.83,Adult,0.9927,0.0,0.0,0.9927,0.0,0.0,0.0,29,14.63,31.08,25.42,#000000:80.0|#2f4f4f:19.7|#191970:0.3,,0.0,0.0,0.0,3,CALM:0.88,Male,44,52
1637919,0,,Text:0.96|Blackboard:0.76|Book:0.67|Publication:0.67|Advertisement:0.57|Poster:0.56|Outdoors:0.56|Phone:0.55|Mobile Phone:0.55|Alphabet:0.55,Text,0.9624,0.0,0.0,0.0,0.0,0.0,0.0,1,1.41,79.37,67.81,#000000:77.5|#800000:16.7|#8b0000:3.6|#a9a9a9:1.6|#696969:0.6,,0.0,0.0,0.0,0,,,-1,-1
1646710,0,,Photography:1.00|Head:0.99|Person:0.99|Face:0.99|Lamp:0.99|Portrait:0.57|Light:0.56|Lighting:0.55|Lantern:0.54|Sad:0.53,Photography,0.9955,0.0,0.0,0.9906,0.0,0.0,0.0,1,23.26,12.85,45.68,#000000:71.1|#8b4513:16.8|#800000:10.2|#a0522d:1.4|#2f4f4f:0.5,,0.0,0.0,0.0,1,FEAR:0.82,Female,13,19
1653857,0,,Vegetation:1.00|Jungle:1.00|Nature:1.00|Outdoors:1.00|Garden:1.00|Advertisement:1.00|Poster:1.00|Gardening:1.00|Adult:0.99|Male:0.99,Vegetation,1.0,0.9589,0.0,0.9915,0.0,0.0,0.0,5,55.99,92.5,85.51,#2f4f4f:45.5|#c0c0c0:14.9|#696969:12.4|#000000:12.3|#808080:10.9,,0.0,0.0,0.0,1,ANGRY:0.98,Male,43,51
1654295,0,,Advertisement:1.00|Poster:1.00|Book:1.00|Publication:1.00|Mortar Shell:0.72|Weapon:0.72|Lighthouse:0.61|Novel:0.57|Text:0.56|Wasp:0.55,Advertisement,0.9994,0.723,0.0,0.0,0.0,0.0,0.0,2,65.4,44.52,78.79,#2f4f4f:26.5|#696969:22.1|#808080:19.5|#a9a9a9:12.7|#bdb76b:7.5,,0.0,0.0,0.0,0,,,-1,-1
1655131,0,,Soil:1.00|Plant:0.58|Root:0.58|Ground:0.58|Mud:0.56|Outdoors:0.56|Nature:0.52|Texture:0.51,Soil,1.0,0.0,0.0,0.0,0.0,0.0,0.0,0,34.33,37.68,18.2,#000000:58.6|#2f4f4f:41.4,,0.0,0.0,0.0,0,,,-1,-1
1655140,0,,Adult:0.98|Female:0.98|Person:0.98|Woman:0.98|Face:0.92|Head:0.92|Male:0.81|Man:0.81|Pub:0.72|Alcohol:0.57,Adult,0.9814,0.553,0.0,0.9814,0.0,0.0,0.0,8,27.49,15.29,53.86,#000000:56.5|#2f4f4f:34.7|#a0522d:7.5|#bc8f8f:1.2|#8b4513:0.1,Alcoholic Beverages:0.45|Alcohol:0.45,0.0,0.0,0.0,1,CALM:0.98,Female,26,34
1656697,0,,Body Part:0.95|Knee:0.95|Person:0.95|Skin:0.68|Arm:0.56|Thigh:0.56|Clothing:0.53|Hosiery:0.53|Pantyhose:0.53|Lingerie:0.52,Body Part,0.9531,0.0,0.0,0.9531,0.0,0.0,0.0,1,22.43,21.21,84.5,#000000:62.5|#2f4f4f:13.4|#a9a9a9:9.3|#696969:7.2|#808080:5.7,Explicit:1.00|Explicit Sexual Activity:1.00|Exposed Male Genitalia:0.93|Explicit Nudity:0.93|Exposed Buttocks or Anus:0.65,0.0,0.0,0.0,0,,,-1,-1
1659270,0,,Head:1.00|Person:1.00|Face:1.00|Angry:0.95|Shouting:0.95|Adult:0.92|Female:0.92|Woman:0.92|Crying:0.54|Sad:0.54,Head,1.0,0.0,0.0,1.0,0.0,0.5305,0.0,8,12.11,37.46,92.49,#000000:62.8|#2f4f4f:20.8|#ffffff:11.1|#696969:4.0|#a9a9a9:1.4,,0.0,0.0,0.0,0,,,-1,-1
1659749,0,,Tomb:0.99|Gravestone:0.98|Outdoors:0.85|Person:0.68|Land:0.60|Nature:0.60|Vegetation:0.60|Woodland:0.60|Book:0.56|Publication:0.56,Tomb,0.9892,0.0,0.0,0.6842,0.0,0.0,0.0,1,16.12,77.09,78.75,#000000:65.5|#2f4f4f:22.8|#5f9ea0:7.7|#8b4513:2.3|#a0522d:1.7,,0.0,0.0,0.0,0,,,-1,-1
1660589,2024,Nick the Killer,Face:1.00|Head:1.00|Person:1.00|Photography:1.00|Portrait:1.00|People:1.00|Adult:0.98|Male:0.98|Man:0.98|Boy:0.98,Face,0.9999,0.0,0.0,0.9999,0.0,0.0,0.0,20,33.0,77.94,78.24,#000000:56.7|#2f4f4f:26.7|#696969:6.9|#800000:4.7|#808080:2.8,,0.0,0.0,0.0,5,CALM:0.96,Female,21,27
1661612,0,,Book:1.00|Publication:1.00|Advertisement:0.97|Person:0.91|Face:0.88|Head:0.88|Poster:0.88|Novel:0.78|Art:0.57|Painting:0.57,Book,0.9998,0.5384,0.0,0.9132,0.0,0.0,0.0,1,2.77,37.03,31.12,#000000:94.1|#800000:3.5|#b22222:1.9|#cd5c5c:0.4|#2f4f4f:0.1,,0.0,0.0,0.0,0,,,-1,-1
1661620,0,,Performer:0.99|Person:0.99|Solo Performance:0.99|Adult:0.98|Male:0.98|Man:0.98|Tie:0.98|Head:0.97|Face:0.96|Photography:0.87,Performer,0.9926,0.0,0.0,0.9926,0.0,0.0,0.0,7,63.13,78.67,89.9,#000000:30.7|#2f4f4f:15.1|#f0e68c:11.9|#808000:11.6|#556b2f:8.1,,0.0,0.0,0.0,1,CALM:0.88,Male,26,34
1662060,0,,Book:1.00|Publication:1.00|Person:0.72|Bird:0.72|Text:0.66|Art:0.61|Graphics:0.57|Modern Art:0.56|Stain:0.56|Novel:0.55,Book,0.9963,0.0,0.7192,0.72,0.0,0.0,0.5254,4,74.98,80.66,77.2,#ff0000:66.5|#000000:20.8|#800000:2.7|#8b4513:2.6|#ff4500:2.0,,0.0,0.0,0.0,0,,,-1,-1
1662763,0,,Blade:0.93|Weapon:0.93|Knife:0.93|Body Part:0.92|Hand:0.92|Person:0.92|Food:0.65|Dagger:0.65|Chopping Board:0.61|Glass:0.54,Blade,0.9338,0.9338,0.0,0.9214,0.0,0.0,0.0,1,6.85,22.9,41.0,#000000:74.9|#2f4f4f:20.8|#696969:3.9|#778899:0.4,,0.0,0.0,0.0,0,,,-1,-1
1665593,0,,Lamp:1.00|Adult:0.97|Female:0.97|Person:0.97|Woman:0.97|Cup:0.94|Face:0.76|Head:0.76|Sitting:0.57|Table Lamp:0.57,Lamp,0.9993,0.0,0.0,0.9735,0.0,0.0,0.0,5,41.74,47.72,79.76,#000000:48.1|#800000:12.0|#2f4f4f:11.2|#e9967a:9.7|#a0522d:9.5,,0.0,0.0,0.0,1,CALM:0.48,Female,38,46
1667983,0,,Face:1.00|Head:1.00|Person:1.00|Photography:1.00|Portrait:1.00|People:1.00|Performer:1.00|Solo Performance:1.00|Coat:0.99|Adult:0.99,Face,0.9977,0.0,0.0,0.9977,0.0,0.0,0.0,6,2.06,24.81,53.55,#000000:87.8|#2f4f4f:9.6|#808080:2.6,,0.0,0.0,0.0,1,CALM:0.78,Female,33,41
1669295,0,,Head:1.00|Person:1.00|Face:1.00|Photography:1.00|Portrait:1.00|Angry:1.00|Adult:0.99|Female:0.99|Woman:0.99|Shouting:0.99,Head,1.0,0.0,0.0,1.0,0.0,0.0,0.0,4,4.45,24.85,82.03,#000000:77.0|#2f4f4f:15.1|#c0c0c0:4.0|#808080:3.8,,0.0,0.0,0.0,1,ANGRY:1.00,Female,33,41
1691730,0,,Gun:1.00|Weapon:1.00|Firearm:0.99|Shooting:0.98|Handgun:0.97|Head:0.65|Person:0.65|Face:0.58,Gun,0.9965,0.9965,0.0,0.652,0.0,0.0,0.0,1,11.63,21.24,68.42,#000000:84.6|#a0522d:6.7|#2f4f4f:4.8|#bc8f8f:3.9,Weapons:1.00|Violence:1.00|Weapon Violence:0.85|Graphic Violence:0.85,0.9988,0.9988,0.0,1,CONFUSED:0.40,Male,26,34
1695945,0,,Advertisement:1.00|Poster:1.00|Adult:0.99|Female:0.99|Person:0.99|Woman:0.99|Book:0.97|Publication:0.97|Bracelet:0.60|Indoors:0.58,Advertisement,0.9987,0.0,0.0,0.9868,0.0,0.0,0.0,5,28.18,88.76,88.77,#000000:56.3|#2f4f4f:13.6|#696969:12.2|#8fbc8f:10.2|#c0c0c0:6.1,,0.0,0.0,0.0,0,,,-1,-1
1701101,0,,Photography:0.99|Face:0.99|Head:0.99|Person:0.99|Portrait:0.99|Adult:0.99|Male:0.99|Man:0.99|Captain:0.98|Officer:0.98,Photography,0.9947,0.0,0.0,0.9945,0.0,0.0,0.0,4,0.89,92.61,91.11,#000000:61.6|#ff0000:19.4|#ffffff:8.2|#800000:4.0|#808080:3.6,,0.0,0.0,0.0,1,CALM:0.90,Male,68,76
1701236,0,,Couch:1.00|Furniture:1.00|Indoors:1.00|Living Room:1.00|Photography:1.00|Face:1.00|Head:1.00|Person:1.00|Portrait:1.00|Adult:0.97,Couch,1.0,0.0,0.0,0.9956,0.0,0.0,0.0,10,19.85,28.44,75.12,#000000:79.5|#800000:8.6|#a0522d:4.2|#e9967a:3.0|#191970:2.9,,0.0,0.0,0.0,1,CALM:0.58,Female,24,30
1714737,0,,Angry:1.00|Face:1.00|Head:1.00|Person:1.00|Shouting:1.00|Adult:0.98|Female:0.98|Woman:0.98|Male:0.74|Man:0.74,Angry,0.9998,0.0,0.0,0.9998,0.0,0.0,0.0,8,43.46,51.94,91.29,#000000:48.1|#2f4f4f:15.8|#808080:14.7|#dcdcdc:6.2|#696969:5.9,Blood & Gore:0.99|Graphic Violence:0.99|Violence:0.99,0.9854,0.0,0.9854,1,FEAR:0.96,Female,16,22
1726033,0,,Shoe:1.00|Advertisement:1.00|Poster:1.00|Pants:1.00|Sneaker:1.00|Boy:0.97|Male:0.97|Person:0.97|Teen:0.97|Grass:0.87,Shoe,1.0,0.0,0.0,0.9687,0.0,0.0,0.0,7,83.79,91.8,92.77,#ffffff:41.8|#808080:23.6|#2f4f4f:12.7|#696969:10.9|#a9a9a9:3.6,,0.0,0.0,0.0,0,,,-1,-1
1726191,0,,Stain:1.00|Head:0.91|Face:0.90|Ketchup:0.82|Blackboard:0.71|Hand:0.63|Cosmetics:0.56|Lipstick:0.56|Flower:0.56|Petal:0.56,Stain,0.9977,0.0,0.0,0.9014,0.0,0.0,0.0,2,32.94,9.95,47.09,#000000:59.4|#800000:23.9|#8b4513:16.4|#bc8f8f:0.3,,0.0,0.0,0.0,0,,,-1,-1
1733835,2025,Mooseman,Handwriting:0.99|Text:0.99|Stencil:0.90|Person:0.75|Art:0.62|Signature:0.56|Graffiti:0.56|Drawing:0.55|Modern Art:0.55|Calligraphy:0.54,Handwriting,0.9891,0.0,0.0,0.7544,0.0,0.0,0.0,2,28.15,90.88,87.04,#000000:85.6|#dcdcdc:9.8|#2f4f4f:2.6|#808080:2.0,,0.0,0.0,0.0,0,,,-1,-1
