id,title,year,runtime,runtime_status
664356,The Cannibal Killer: The Real Story of Jeffrey Dahmer,2020,0.0,zero
782654,Toy Box,2018,0.0,zero
855190,Night of the Living Dead II,2022,0.0,zero
765810,The Moon is a Hologram,2022,0.0,zero
926837,The Amityville Exorcist,2022,0.0,zero
947822,A Date With A Cheerleader,2022,0.0,zero
1030107,Snatched,2022,0.0,zero
1024642,Malevolent,2022,0.0,zero
1030928,Ouija,2021,0.0,zero
1002624,Killer Poop 2: Amityville Poo,2022,0.0,zero
542440,Bikini Car Wash Massacre,2017,0.0,zero
1027665,My Special Boy,2022,0.0,zero
736308,Alien: Covenant - Prologue: The Secrets of David’s Lab,2017,0.0,zero
749173,TWD World Beyond: The Journey So Far,2020,0.0,zero
518966,Horrorween,2012,0.0,zero
926687,Brain Hunter: New Breed,2022,0.0,zero
1015908,Witch Trials,2022,0.0,zero
675814,Apetite for Sin,2022,0.0,zero
1002632,Killer Poop 3: Night of the Living Poop,2022,0.0,zero
504213,Halloween Lurking,2009,0.0,zero
966712,Summer of '85: Mackey Returns,2022,0.0,zero
780281,The Last American Horror Show: Volume II,2022,0.0,zero
766189,Cottonmouth,2020,0.0,zero
1028708,Perjanjian Iblis,2022,0.0,zero
1030937,Ouija 2,2022,0.0,zero
287528,The Vampyre Wars,1996,0.0,zero
171285,The Toy Box,2014,0.0,zero
906200,Slasher House 3,2022,0.0,zero
981011,Hunter X,2022,0.0,zero
706565,Ripper,1996,0.0,zero
481369,Dead Ringer,2015,0.0,zero
782055,Slices,2019,0.0,zero
28242,Zombie Hunters,2007,0.0,zero
534656,Vampirisa's Velvet Vault Of Horror!,2001,0.0,zero
565961,Lake of Shadows,2018,0.0,zero
655201,Confessions Of A Homicidal Prostitute: Demonatrix,2018,0.0,zero
780273,Revenge of the Zombies,2022,0.0,zero
776211,Blood Surf,2016,0.0,zero
494074,Moon Creek Cemetery,2017,0.0,zero
645514,The Vampire of Soho,2018,0.0,zero
576358,The Stoneman,2002,0.0,zero
1027002,Cemetery Stories,2022,0.0,zero
478924,Photo Murders,1996,0.0,zero
771117,The Locals,2012,0.0,zero
455946,The Lucifer Effect,2017,0.0,zero
404357,Deadwood Falls,2017,0.0,zero
146170,Black Mass,2005,0.0,zero
1019951,WUURM,2022,0.0,zero
999844,Hell House LLC (Director's Cut),2016,0.0,zero
421941,Domain of the Damned,2007,0.0,zero
508388,Rodentia,2022,0.0,zero
418405,Dead End,2010,0.0,zero
936813,Seven Deadly Tapes,2022,0.0,zero
639086,The Education of a Vampire,2001,0.0,zero
407118,The Outer Limits: The New Series - Time Travel and Infinity,2002,0.0,zero
1031649,Attack of the flying monks,2022,0.0,zero
900352,Hatch: Found Footage,2018,0.0,zero
596696,Bride of the Head of the Family,2020,0.0,zero
1020236,Forest Halloween,2022,0.0,zero
481379,The Candlelight Murders,2008,0.0,zero
954659,Oma the Demonic,2022,0.0,zero
812557,CONCEITITY,2022,0.0,zero
1017380,Feel My Fright,2022,0.0,zero
489105,Transmutation: Deep Water Horizon,2016,0.0,zero
651178,My Dinner With Chuck,2019,0.0,zero
1022479,You're Melting!,2022,0.0,zero
489113,Mindless,2014,0.0,zero
787373,Monster Preacher,2021,0.0,zero
931536,Brimstone Saint,2021,0.0,zero
548521,Return of the Jackalope,2006,0.0,zero
637459,Eyes Open,2019,0.0,zero
421506,The Mystery of Casa Matusita,2016,0.0,zero
637306,Miss Maniac,2003,0.0,zero
1015872,From Dusk Till Bong,2022,0.0,zero
488094,Chant of Silence,1973,0.0,zero
556760,Hide and Go Seek,2018,0.0,zero
481044,7 Faces of Jack the Ripper,2014,0.0,zero
812612,Popsy,2019,0.0,zero
450971,Takien: The Haunted Tree,2010,0.0,zero
471201,The World of Dracula,1979,0.0,zero
482056,Bloody Bender,2002,0.0,zero
974072,"Sincerely, Hook",2022,0.0,zero
776028,Soul Eater,2021,0.0,zero
449869,Blood: A Butcher's Tale,2010,0.0,zero
978906,Rumah Kuntilanak,2022,0.0,zero
990382,OnlyFans,2022,0.0,zero
1027859,The Hidden,2021,0.0,zero
796945,Seasons,2021,0.0,zero
821385,Music Box,2020,0.0,zero
988192,Wanalathi,2022,0.0,zero
886871,Jason Goes Back to Hell,2021,0.0,zero
295711,The Border,2015,0.0,zero
767214,Paranoia Tapes 9: DVD-,2020,0.0,zero
998409,The Bitch That Cried Wolf,2013,0.0,zero
346560,Legend of Dark Rider,2016,0.0,zero
778211,Harp Brothers,2020,0.0,zero
904364,Entropic,2021,0.0,zero
982883,An Bean Sidhe,2014,0.0,zero
862069,Stab Ya In The Face,2021,0.0,zero
913120,The Mask of Satan,2021,0.0,zero
601743,VHS Violence,2021,0.0,zero
647638,Noche de fieras,1990,0.0,zero
874594,Nail Gun,2021,0.0,zero
565597,Killer Video,2017,0.0,zero
772362,Spirit,2019,0.0,zero
331335,Demon Exorcism: The Devil Inside Maxwell Bastas,2013,0.0,zero
467834,O. Unilateralis,2016,0.0,zero
773647,Welcome to Hoxford : The fan film,2011,0.0,zero
240665,Tiang Seri,2013,0.0,zero
1019331,The Hands,2022,0.0,zero
445899,Vampire Queen,2002,0.0,zero
876349,Friday the 13th: Death Curse,2019,0.0,zero
627518,Death Care,2020,0.0,zero
676613,The Great American Novel,2020,0.0,zero
602332,the coming of baphomet,2019,0.0,zero
543733,1 B-TV,2018,0.0,zero
28960,Shadow of the Demon,2002,0.0,zero
30512,Terror Talk,2012,0.0,zero
83035,Waldile - Der Schlimme Killerhund,2008,0.0,zero
208160,Tontine Massacre,2011,0.0,zero
230298,Rough Cut,2013,0.0,zero
251526,The Mutagen,1988,0.0,zero
261335,Mortal Remains,1972,0.0,zero
276007,The Possession of Sophie Love,2013,0.0,zero
276036,Short Cut Road,2003,0.0,zero
294776,Til Death,2006,0.0,zero
292472,El Zorro Escarlata,1959,0.0,zero
301431,Vampire Sunrise,2014,0.0,zero
305159,City of Lust,2014,0.0,zero
326280,Masks: Facade,2015,0.0,zero
329115,Pig Girl,2014,0.0,zero
338642,Mutant Massacre 2,1991,0.0,zero
341467,Tarotsphere,2013,0.0,zero
348298,Shake Rattle and Roll VI,1997,0.0,zero
370216,Zombies Eat My Guts,2002,0.0,zero
374114,Ada Apa Dekat Bus Stop,2015,0.0,zero
381760,Masks: Exordium,2016,0.0,zero
392248,Eve's Demons,2015,0.0,zero
397273,An Ending,2018,0.0,zero
409168,Spooks A-Poppin',1992,0.0,zero
414431,The Cutting Room Floor,2012,0.0,zero
416876,Breath of Hate,2011,0.0,zero
416734,In the Woods,2005,0.0,zero
424093,Acosado,1991,0.0,zero
441451,Massacre At Rocky Ridge,2002,0.0,zero
445878,Do You Like Women?,1992,0.0,zero
445845,The Haunting of Mia Moss,2017,0.0,zero
446469,The Devil's Show,2014,0.0,zero
445915,The Chainsaw Sally Show Season 2,2012,0.0,zero
448683,Drakula Goes to R.P.,1973,0.0,zero
450678,Night Creep,2003,0.0,zero
460466,Last Humans,2017,0.0,zero
461379,Deli Hell,1997,0.0,zero
478813,Blood Boy,2014,0.0,zero
478810,Psycho Space Demons,2003,0.0,zero
479320,Trilogy of Death,1991,0.0,zero
479345,Sisters,1988,0.0,zero
478975,Dracula: Bloodline,2015,0.0,zero
479729,Survive!,2009,0.0,zero
479755,Ingression,2010,0.0,zero
480286,Nightmare at Shallow Point,2002,0.0,zero
481015,Supernatural Swamp Slaughter,2012,0.0,zero
481054,Till Be Determined,2016,0.0,zero
482243,Dimension of Blood,1996,0.0,zero
482166,Bloody Bobby,2016,0.0,zero
482245,Born of the Devil,2001,0.0,zero
488511,The House and the Brain,1973,0.0,zero
488914,Murder and the Computer,1973,0.0,zero
493965,Bloody Island,2016,0.0,zero
497009,The Hard Cut,2012,0.0,zero
498268,The Antichrist,1991,0.0,zero
503231,The Well aka Brunnen,2021,0.0,zero
505043,To Protect & Serve,2020,0.0,zero
506383,Granny,2015,0.0,zero
506900,The Haunting of Leslie,2018,0.0,zero
512835,Reyes,2021,0.0,zero
520162,Death Virgins,2018,0.0,zero
521485,Madman 2,2008,0.0,zero
521563,Twisted Tales 2,2000,0.0,zero
530523,Love Is a Stranger Again,1998,0.0,zero
533294,Miss Werewolf,2001,0.0,zero
534223,Grindsploitation 5: Schlocksploitation,2018,0.0,zero
534654,We Need Earth Women!,1999,0.0,zero
537200,Dream Man: Lời Kết Bạn Chết Chóc,2018,0.0,zero
543867,"Curious Stories, Crooked Symbols",2009,0.0,zero
557508,5 Minutes to Midnight,2018,0.0,zero
557513,Bus to Dublin,2018,0.0,zero
565522,The Sadist,2014,0.0,zero
567235,Vampires of Sorority Row Part II,2000,0.0,zero
568057,Screaming Night,2002,0.0,zero
568575,Monsters on Main Street,2014,0.0,zero
568780,Double Vision,1990,0.0,zero
578280,Maleorvs,1990,0.0,zero
585571,What Would Linnea Do?,2019,0.0,zero
591434,I Build Your House,2018,0.0,zero
593134,Shutter and Scream,2002,0.0,zero
596711,The Grim Rapper,2020,0.0,zero
596709,The Hourglass,2020,0.0,zero
596725,Oldtowne,2019,0.0,zero
604654,Uncertain Doom,2020,0.0,zero
606519,M Is for Migraine,2013,0.0,zero
617891,Slumber Party Murders,2018,0.0,zero
617868,Jericho Bridge,2019,0.0,zero
617778,Night Out,2019,0.0,zero
624146,Adhrushyam,2019,0.0,zero
634926,Gore Theatre,2017,0.0,zero
635065,Terror at Tate Manor,2002,0.0,zero
635419,Magic Hour,2018,0.0,zero
636893,Black Easter,1994,0.0,zero
636876,The Crossing,2018,0.0,zero
640775,Redbox Killer,2014,0.0,zero
641734,The Lady of Silence,2019,0.0,zero
646977,End Zone 2,1970,0.0,zero
664333,Meathook Massacre IV,2018,0.0,zero
677108,Seeing Double,2020,0.0,zero
680379,CLAPTRAP,2020,0.0,zero
682994,Gift from the Abyss,2018,0.0,zero
688544,Tales for the Campfire 3,2020,0.0,zero
690131,The Deli-Very,2018,0.0,zero
690136,Psycho Messenger,2018,0.0,zero
690127,Last Number Dialled,2018,0.0,zero
690135,The Crows of Culver,2018,0.0,zero
690124,Just the Tip,2018,0.0,zero
690138,Broken Heart,2018,0.0,zero
690137,CPR,2018,0.0,zero
690128,Emoticon,2018,0.0,zero
690122,Beauty Is in the Details,2018,0.0,zero
692074,Manosaurus,1994,0.0,zero
703882,Il Volto della Follia,2018,0.0,zero
706237,Blood Creek Woodsman,2013,0.0,zero
708790,Desert of Death,2006,0.0,zero
713504,Blind Date,2020,0.0,zero
714595,A Gothic Tale,2008,0.0,zero
715179,Blood Bath,2002,0.0,zero
724350,Black Mass,2016,0.0,zero
726124,Bestiarii,2019,0.0,zero
730158,The Apparition Of Roxanne,2010,0.0,zero
730162,Bad Fruit,2015,0.0,zero
733592,Another Evil Night,2018,0.0,zero
736381,Below Man,2008,0.0,zero
738110,There's a Ghost in the House,2020,0.0,zero
741586,Colmillos de furia,1995,0.0,zero
745047,Static Tears,2020,0.0,zero
752148,Scary Stories to Tell by the Campfire: The Green Ribbon,2021,0.0,zero
752144,Mr. Ticklez,2019,0.0,zero
752281,SCOURGE OF IRON,2014,0.0,zero
754351,Alt Manheim,2016,0.0,zero
756720,Billy,2019,0.0,zero
759665,Hunters,2020,0.0,zero
760272,"A Boat, Beneath A Moonlit Sky",2020,0.0,zero
760608,In The Wild,2015,0.0,zero
764814,Lumberjacked,2020,0.0,zero
768632,To Be Devoured,2020,0.0,zero
769270,Bad World,2021,0.0,zero
774118,EverymanHYBRID,2010,0.0,zero
776094,Kababalaghan,2017,0.0,zero
778919,Arachnado,2020,0.0,zero
779568,1 Dead Dog,2022,0.0,zero
781020,Lullaby,2014,0.0,zero
781337,The Woman in the Room,2021,0.0,zero
781334,Not for the Faint of Heart,2021,0.0,zero
783340,Quarantine Comic,2021,0.0,zero
790856,Love's a Killer: Rellik's Revenge,2017,0.0,zero
792251,Turn Your Bloody Phone Off,2012,0.0,zero
798829,The Best of Me,2021,0.0,zero
801773,Vampire in Union City,2010,0.0,zero
802067,Clown Motel Massacre,2018,0.0,zero
805365,Tez 13. Gece,2019,0.0,zero
809397,Prepper's Grove,2018,0.0,zero
823207,Teror,2021,0.0,zero
823210,Bisikan 69,2020,0.0,zero
823202,Project Taring,2021,0.0,zero
825448,Stalker,2021,0.0,zero
827157,Orang Pilihan,2021,0.0,zero
835262,The Roomie,2019,0.0,zero
839552,Puaka,1970,0.0,zero
852095,Prenúncio,2021,0.0,zero
860849,Camp Forest Green,2020,0.0,zero
864237,Minh Tu Le Scissorhands,2021,0.0,zero
869953,Gumnam Qatil,2001,0.0,zero
873668,Are You Ready?,2021,0.0,zero
878096,Door Salesman Dave,2021,0.0,zero
881308,Dreams,2021,0.0,zero
884536,Lucifer's Satanic Daughter,2021,0.0,zero
888827,Boutique Fantasque,2021,0.0,zero
896922,1:00 A.M.,1995,0.0,zero
897398,Charlotte on the Rebound,2021,0.0,zero
916120,Friday the 13th: Halloween Night,1994,0.0,zero
922437,First Contact,2022,0.0,zero
929525,The Gathering,2019,0.0,zero
931518,Love by Proxy,2012,0.0,zero
939224,MONTHLY PROGRESS REPORT,2020,0.0,zero
958256,Stuffed,2021,0.0,zero
959767,Buyut,2022,0.0,zero
968017,A Deer in the Woods,2022,0.0,zero
968935,Horse Girl,2022,0.0,zero
969549,Oh My Darling,2021,0.0,zero
973205,Facez of Death 2000 Part VI,2002,0.0,zero
973197,Facez of Death 2000 Part IV,2000,0.0,zero
973207,Facez of Death 2000 Part VII,1999,0.0,zero
973202,Facez of Death 2000 Part V,2002,0.0,zero
974211,2:22,2022,0.0,zero
978019,Killer Waves 2,2020,0.0,zero
978210,Cin Perdesi,2022,0.0,zero
978025,Bite School 2,2020,0.0,zero
978912,Station ID,2017,0.0,zero
980079,The Spanish Inn,2006,0.0,zero
982869,Cry,2009,0.0,zero
983954,Tonight You Die,2011,0.0,zero
987101,Vampire's Call,2005,0.0,zero
988409,Angels Die Slowly,2010,0.0,zero
997546,Axegrinder 3,2022,0.0,zero
998414,Hallucinogen,2015,0.0,zero
998121,Bad Karma Santa,2016,0.0,zero
999629,Spare Me,2021,0.0,zero
1014684,Rise of the Carriers,2022,0.0,zero
1014691,Vlad & Nick,2022,0.0,zero
1016688,14 Ghosts,2021,0.0,zero
1019890,All the Shades of Red,2022,0.0,zero
1020528,The Tell-Tale Heart,2004,0.0,zero
1021120,Pumpkinman,2004,0.0,zero
1030635,Blight,2016,0.0,zero
1030684,Rest ( 2021),2021,0.0,zero
1030691,Scratches in the Dark,2016,0.0,zero
1030680,Death Record,2022,0.0,zero
1030675,Joke's on You,2021,0.0,zero
1030703,Devil's Door,2020,0.0,zero
1030961,Date With a Serial Killer,2022,0.0,zero
1030678,Happy Birthday,2021,0.0,zero
1030705,Diet,2020,0.0,zero
1030968,Do Not Call,2022,0.0,zero
1030707,Bed Head,2019,0.0,zero
1030964,ASMR,2022,0.0,zero
1301365,Dr. Jekyll and Mr. Hyde,1920,0.0,zero
623551,Anita,1920,0.0,zero
981608,Love Without Question,1920,0.0,zero
320380,The Phantom Foe,1920,0.0,zero
1261582,The Great London Mystery,1920,0.0,zero
783963,The Lost Shadow,1921,0.0,zero
1261644,Der Hund von Baskerville - 5 Teil: Dr. Macdonalds Sanatorium,1920,0.0,zero
1258573,Helgeninderne,1921,0.0,zero
643224,The Dungeon,1922,0.0,zero
1261579,The Guyra Ghost Mystery,1921,0.0,zero
648291,Herzog Ferrantes Ende,1922,0.0,zero
285957,A Spectre Haunts Europe,1923,,missing
880981,Hansel and Gretel,1923,0.0,zero
1165120,Buster's Nightmare,1925,0.0,zero
556285,The Castle of Slow Death,1926,0.0,zero
657625,Hampton Court Palace,1926,0.0,zero
318931,The Witches,1927,0.0,zero
482435,The Queen of Spades,1927,0.0,zero
1165122,Haunted Island,1928,0.0,zero
321683,Three Beggars,1928,0.0,zero
661572,The Somnambulist,1929,0.0,zero
484014,Chamber of Horrors,1929,0.0,zero
1300785,Anarbala,1929,0.0,zero
452900,The Cave of the Silken Web II,1930,0.0,zero
485708,Wailing In Hollow Valley,1930,0.0,zero
556707,The Strange Bride,1930,0.0,zero
1371050,A Living Corpse,1932,0.0,zero
1055068,Shin Yotsuya Ghost Story,1932,0.0,zero
957726,Tianak,1932,0.0,zero
1064440,The Witch,1933,0.0,zero
668980,Desecration,1934,0.0,zero
1371989,Kismat Ki Bhul,1935,0.0,zero
1371491,Zingaro,1935,0.0,zero
1266254,Wedding Night,1935,0.0,zero
248007,The Dead Speak,1935,0.0,zero
1171205,Kaibyô saga no yozakura,1936,0.0,zero
970106,Story of Jang-hwa and Hong-ryeon,1936,0.0,zero
1315058,Flying Corpse in the Orchid Boudoir,1937,0.0,zero
1266263,Black Ghost,1937,0.0,zero
1265797,Ritual of the Dead,1937,0.0,zero
1201993,Anak ng kadiliman,1937,0.0,zero
1376369,Dr. Jekyll and Mr. Hyde,1937,0.0,zero
959508,Demon Man,1937,0.0,zero
639463,Arima Neko,1937,0.0,zero
1178099,Banchō sarayashiki,1937,0.0,zero
1314301,Walking Dead in Old House,1938,0.0,zero
1315049,Poet's Soul in the Cold Moonlight,1938,0.0,zero
1306080,Horror Night,1938,0.0,zero
1245626,King Kong Appears in Edo: The Episode of Gold,1938,0.0,zero
952288,Professor Vaman M.Sc,1938,0.0,zero
482531,Spirit of the Ancient Grave,1939,0.0,zero
1151474,"Nang Nak Phra Khanong, New Episode",1939,0.0,zero
1257669,Spirit of the Broom,1939,0.0,zero
447347,Dr. Li and the Mummy,1940,0.0,zero
1306090,A Ghost,1940,0.0,zero
1300805,Ek Hi Bhool,1940,0.0,zero
1266274,Anarbala,1940,0.0,zero
1267086,Comes Midnight,1940,0.0,zero
1267079,The Ghost,1940,0.0,zero
453638,The Mad Monk,1940,0.0,zero
944926,Tatinir Bichar,1940,0.0,zero
856221,A Soul at Night,1941,0.0,zero
1007595,Halimaw,1941,0.0,zero
1267780,Cold Mountain Night Rain,1942,0.0,zero
419862,Tengkorak Hidoep,1941,0.0,zero
1301149,Killer Corpse,1943,0.0,zero
567974,The Skulls of Terror,1944,0.0,zero
1373105,Khooni,1946,0.0,zero
1289419,Ang Multo ni Yamashita,1947,0.0,zero
1298789,Ancient Garden Corpse,1947,0.0,zero
315006,The Noiseless Dead,1946,0.0,zero
857334,Shadows in the Old House,1948,0.0,zero
857141,Haunted House No. 13,1948,0.0,zero
1267751,Return of the Lascivious Woman's Soul,1948,0.0,zero
1289428,The Devil,1949,0.0,zero
1306112,Ruckus at Kwong Cheong Lung,1949,0.0,zero
952280,Kalo Chhaya,1948,0.0,zero
1373725,Devil in Human Being,1949,0.0,zero
302184,Scream,1949,0.0,zero
1267797,House of Mystery,1949,0.0,zero
362996,The Bewitched House,1949,0.0,zero
1167306,A Maid's Bitter Story,1949,0.0,zero
361537,Blood Curse: The Haunting of Alicia Stone,2024,0.0,zero
361538,Blood Curse II: Asmodeus Rises,2024,0.0,zero
502397,In from Outside,2025,0.0,zero
518311,Abyzou: Taker of Children,2023,0.0,zero
602889,Between Night And Dawn,2024,0.0,zero
757845,Adam's Curse: Reborn from Hell,2025,0.0,zero
792993,Go Away,2024,0.0,zero
796604,Christmas Slasher,2023,0.0,zero
796941,Axe2Grind,2025,0.0,zero
877375,Pandora,2024,0.0,zero
898228,Reflect,2023,0.0,zero
904636,The Occult,2024,0.0,zero
972206,Oak,2025,0.0,zero
995172,Cocaine & Werewolves,2023,0.0,zero
995191,Alien Vampire Busters,2023,0.0,zero
1015868,It Wants Blood 2,2023,0.0,zero
1015912,Slumber Party Slaughter Party 2,2023,0.0,zero
1021967,Resurrektor,2023,0.0,zero
1027853,Torture the Flesh,2024,0.0,zero
1031139,How to Tie a Noose,2024,0.0,zero
1031416,TapeHead - The Return Of Jacob Cobb,2023,0.0,zero
1044560,Bigfoot Kills: A True Crime Documentary,2023,0.0,zero
1047307,Cheerleader Camp Elimination,2025,0.0,zero
1049090,Brooklyn's Gone To Hell,2025,0.0,zero
1060136,Summer of the Wolf,2023,0.0,zero
1060460,THE CHAIN,2023,0.0,zero
1078771,The Blood Priestess,2023,0.0,zero
1084232,Man of the House,2023,0.0,zero
1087695,Sitra Achra,2025,0.0,zero
1089871,Taker of Souls,2024,0.0,zero
1100212,Still,2024,0.0,zero
1102547,That Man Upstairs Isn't Your Husband,2023,0.0,zero
1103892,Mia,2023,0.0,zero
1106256,AI Artist,2023,0.0,zero
1111916,Vis,2023,0.0,zero
1114965,Séance,2023,0.0,zero
1116457,Parlour,2023,0.0,zero
1119487,Gavin Serve,2023,0.0,zero
1119686,Placid Park,2024,0.0,zero
1120824,Paige Mayfair's Guide To Power,2023,0.0,zero
1120869,Run from Hell,2023,0.0,zero
1121439,Mannequin,2023,0.0,zero
1121725,Future Punks,2023,0.0,zero
1125205,Haunted Houses,2023,0.0,zero
1126401,Grandma,2023,0.0,zero
1131407,In the Basement,2023,0.0,zero
1136089,Mansplained,2023,0.0,zero
1142305,Scary Burrie,2023,0.0,zero
1143868,Maximum Strollerdrive,2024,0.0,zero
1145740,X MILITARY,2023,0.0,zero
1151381,The Ringmaster,2023,0.0,zero
1155556,The Fight or Flight Response,2023,0.0,zero
1159764,The Trick or Treaters 2: Full Harvest,2023,0.0,zero
1160484,The Dark House of Mystery,2023,0.0,zero
1163722,Lead Belly,2025,0.0,zero
1171896,Dogman Territory: Werewolves in the Land Between the Lakes,2024,0.0,zero
1176073,Stay at Home,2023,0.0,zero
1181627,Untitled,2024,0.0,zero
1182446,Hands of Hell,2023,0.0,zero
1182590,Crackodile,2024,0.0,zero
1190330,Haunted Stories And Tales Of Horror,2023,0.0,zero
1191920,The Red Mirror,2023,0.0,zero
1192828,Dark Haven,2023,0.0,zero
1192830,There Is No Sanctuary,2023,0.0,zero
1198322,sade me,2023,0.0,zero
1198985,LIKES,2023,0.0,zero
1201327,Tear My Heart To Sleep,2024,0.0,zero
1201555,Scribbles from the Crypt: A Journal of Terror,2023,0.0,zero
1202603,The Hunt,2023,0.0,zero
1206726,Unvexed,2024,0.0,zero
1207348,Alternate,2024,0.0,zero
1208818,The Need,2023,0.0,zero
1209323,The Dark Room,2023,0.0,zero
1210251,Karate Ghost 2: Dojo of Death,2023,0.0,zero
1214699,Wieland,2024,0.0,zero
1216645,I Think I'm Alone Now,2025,0.0,zero
1220791,Cholo Zombies Monstro,2023,0.0,zero
1224542,Unachievable Sound of Silence,2024,0.0,zero
1226107,Taped Up Familys,2024,0.0,zero
1228813,Doctor Imperfect and the Perfect Man,2025,0.0,zero
1229488,Dead Rabbit Skellington,2024,0.0,zero
1232479,William K. Dozier III’s Version of –The Raven,2024,0.0,zero
1235352,The Things You Said On That Cloudy Day,2024,0.0,zero
1240638,The Girl 2,2024,0.0,zero
1244874,Lucky Penny,2024,0.0,zero
1246463,Fear of the Light,2024,0.0,zero
1246745,Peter Rabid,2024,0.0,zero
1246935,Systems of Blood and Water,2024,0.0,zero
1249380,Zhowtime Presents: Siren Stories,2023,0.0,zero
1253414,5:15,2023,0.0,zero
1254274,Bampire,2024,0.0,zero
1259413,The Method,2023,0.0,zero
1261560,Axegrinder 7: New Blood,2024,0.0,zero
1262288,Plant Dad,2024,0.0,zero
1263839,Synks,2024,0.0,zero
1266656,Maisie's Taste,2024,0.0,zero
1267144,The Pickleball Murders,2024,0.0,zero
1274087,Dreamweaver,2024,0.0,zero
1277766,LUX,2023,0.0,zero
1277792,Zepotha,2023,0.0,zero
1277804,Erecting A Monster 3: The ResErection,2024,0.0,zero
1281058,Lost Boys Pizza,2023,0.0,zero
1281573,Slash Squatch,2024,0.0,zero
1281989,The Auditors,2025,0.0,zero
1283627,Glutton,2024,0.0,zero
1284070,Camp Smokey,2023,0.0,zero
1284088,Latchkey,2024,0.0,zero
1284212,Fear,2024,0.0,zero
1284635,The Ride,2024,0.0,zero
1288932,Lockdown,2024,0.0,zero
1289756,One Hell of a Night,2023,0.0,zero
1290560,Body,2023,0.0,zero
1291085,Cliché,2024,0.0,zero
1294477,Piglet,2024,0.0,zero
1294553,It Will Find You,2024,0.0,zero
1296316,The Wasp's Nest,2024,0.0,zero
1301107,Horror Able Women,2023,0.0,zero
1305673,Paracusia,2023,0.0,zero
1305918,Halloween Horrors: Deadly Devotion,2024,0.0,zero
1307748,Ride,2025,0.0,zero
1307901,A Picture of Unhealth,2025,0.0,zero
1308661,Mayday,2024,0.0,zero
1311351,Love Bites,2024,0.0,zero
1313143,When a scream is heard,2024,0.0,zero
1314233,Goblin Creek,2023,0.0,zero
1315297,Dire Pines,2025,0.0,zero
1315382,Empty Gazes,2023,0.0,zero
1316232,Wicker Woods,2024,0.0,zero
1316489,Dreams of the Dead,2024,0.0,zero
1317420,Pizza Party Massacre,2024,0.0,zero
1318512,The Creep,2024,0.0,zero
1322463,The Horror-ble World of Daniel Roebuck,2024,0.0,zero
1326263,Don't Tell Your Mom,2024,0.0,zero
1326415,The Tell-Tale Heart,2025,0.0,zero
1327593,Footsteps,2025,0.0,zero
1328318,Mr TV Man,2025,0.0,zero
1329121,Restitution,2024,0.0,zero
1329495,Camp Horror: Meatsuit Destiny,2024,0.0,zero
1329629,Dul Muluk Dul Malik,2024,0.0,zero
1330552,Betty Bites Back,2024,0.0,zero
1337629,TapewormZ,2024,0.0,zero
1340165,Gabriella's Muse,2023,0.0,zero
1340898,Mariara,2024,0.0,zero
1356926,American Guinea Pig: Slaughter of the Swine,2025,0.0,zero
1357008,Obscura,2025,0.0,zero
1357085,cultus diaboli,2024,0.0,zero
1358684,Watch Us Kill,2024,0.0,zero
1361115,El Bachatero del Diablo,2024,0.0,zero
1363027,A Mother's Love,2025,0.0,zero
1364399,The Birthday Girl,2024,0.0,zero
1365483,Reclaim,2024,0.0,zero
1365516,No Sleep Tonight,2024,0.0,zero
1365751,Aliens vs Chainsaw Killer,2024,0.0,zero
1365887,Wellness Check,2024,0.0,zero
1366282,Unblinking,2025,0.0,zero
1366858,H010N,2024,0.0,zero
1367712,Harvest,2024,0.0,zero
1367878,Eclipsed Realities,2024,0.0,zero
1368702,Night Crawl,2024,0.0,zero
1373509,INTROSPECTION.,2024,0.0,zero
1373985,DOORS,2025,0.0,zero
1375072,Driftwood,2024,0.0,zero
1379602,I Left My Heart in Colombia,2024,0.0,zero
1380868,Her,2024,0.0,zero
1382873,Christmas Revenge,2024,0.0,zero
1383330,Body Count,2023,0.0,zero
1387887,Black Star,2025,0.0,zero
1387980,All Who Wander,2025,0.0,zero
1388030,Bodoach,2025,0.0,zero
1388129,Bark,2025,0.0,zero
1388824,Discord,2024,0.0,zero
1390819,The Forest,2025,0.0,zero
1392934,The Mime,2025,0.0,zero
1397589,Palindrome,2025,0.0,zero
1398146,Mommy's Perfect Match,2025,0.0,zero
1398601,Broad Daylight,2024,0.0,zero
1402706,Screw Year's Eve,2025,0.0,zero
1407093,Mirror's End,2024,0.0,zero
1411520,Queen of the Rats,2025,0.0,zero
1415574,The Good Monkey Massacre,2025,0.0,zero
1417922,Rat King,2025,0.0,zero
1418169,Jinxx Presents: The Devil's Vortex,2024,0.0,zero
1428571,The Holding,2024,0.0,zero
1429174,The Channeling,2025,0.0,zero
1430814,Within these Halls,2025,0.0,zero
1431276,The Demon That Danced By My Side,2025,0.0,zero
1431398,Quintet,2025,0.0,zero
1432908,Pandemonium,2024,0.0,zero
1433802,Grinners,2025,0.0,zero
1433853,"Charlotte, Bloody Charlotte",2025,0.0,zero
1436997,Black Clown 3: Rio Grande Valley,2025,0.0,zero
1437116,Óbito,2024,0.0,zero
1439061,Tess,2025,0.0,zero
1440087,Hidden in the Dark,2025,0.0,zero
1440229,The Phantom Tape,2025,0.0,zero
1444891,Sweetheart,2023,0.0,zero
1445777,Gaslighter,2024,0.0,zero
1450477,MUSH,2024,0.0,zero
1450683,Azzurrina,2023,0.0,zero
1453271,Sight Gag,2025,0.0,zero
1454292,Fixation,2025,0.0,zero
1456865,MYOPIA,2025,0.0,zero
1458129,She Walks At Midnight,2025,0.0,zero
1461207,Korban Jatuh Tempo: Pinjol,2025,0.0,zero
1461244,Ribcage II,2025,0.0,zero
1462303,Oliver,2025,0.0,zero
1465639,The City Of Dunwich,2023,0.0,zero
1465646,The True Story Of The Christ's Return,2024,0.0,zero
1473396,Sara,2023,0.0,zero
1474675,MEAT,2025,0.0,zero
1475014,Mr Boogie's Wild Hunt,2025,0.0,zero
1477834,The Madness of David Judge,2025,0.0,zero
1481568,The Vikar,2025,0.0,zero
1482418,Dead Land,2025,0.0,zero
1483020,Camp Baloney,2025,0.0,zero
1483882,Heartworm,2024,0.0,zero
1487435,Th,2025,0.0,zero
1488727,The Apocolypse,2025,0.0,zero
1495908,The Salem Chronicles,2025,0.0,zero
1496151,Southern Nightmare,2025,0.0,zero
1496542,The Reunion,2025,0.0,zero
1496560,Erotomania,2025,0.0,zero
1496707,Binate,2024,0.0,zero
1497151,Kinds of Kindness,2025,0.0,zero
1497289,Karunrung 1995,2025,0.0,zero
1499186,Immortal Thieves: The Bloody Heist,2024,0.0,zero
1500003,Anhedonia,2025,0.0,zero
1500401,To Kill or be Killed,2025,0.0,zero
1500667,Hellvette,2025,0.0,zero
1500993,Witches on 8mm,2025,0.0,zero
1501572,Gator Man,2025,0.0,zero
1501624,The Wayfinder,2025,0.0,zero
1502597,Incel,2025,0.0,zero
1514587,The Haunting of Heather Black,2025,0.0,zero
1514957,495,2025,0.0,zero
1516591,Uncanny Valley,2024,0.0,zero
1524454,Vampyr,2025,0.0,zero
1524593,Mr. Boots Last’s Recipe,2024,0.0,zero
1530696,Frayed,2025,0.0,zero
1533137,Taffy: A Divine Instrument Against the Demonic Forces of Evil,2025,0.0,zero
1535097,On a Dark and Bloody Ground,2024,0.0,zero
1536608,You Are Here,2025,0.0,zero
1536757,Death Red,2025,0.0,zero
1540503,Vampyr,2025,0.0,zero
1542677,La Llorona Kamasutra,2025,0.0,zero
1544970,The Devil and His Son,2025,0.0,zero
1545916,Cub,2025,0.0,zero
1546390,Beverly Hills Massacre,2025,0.0,zero
1548128,stair's cam,2025,0.0,zero
1548193,The Seven Trumpets Blow on Tuesday,2025,0.0,zero
1548433,No Escape,2025,0.0,zero
1548817,Cocaine Kills,2025,0.0,zero
1549668,Bait,2025,0.0,zero
1552287,Friends of the bizarre trail which has a killer controlled by the boss I,2025,0.0,zero
1554860,Howl of the Blue Moon,2025,0.0,zero
1560640,Barry Cleanskins,2023,0.0,zero
1562076,Halloween Night,2025,0.0,zero
1564918,The Creature from Scroby Sands,2025,0.0,zero
1567046,The Lustful Dead II,2024,0.0,zero
1567192,The Demonatrix,2025,0.0,zero
1570075,Night Shift at Ned's,2025,0.0,zero
1570837,Echo,2025,0.0,zero
1570993,My Own Rebellion,2025,0.0,zero
1571614,Threshold,2025,0.0,zero
1573195,Under the Peel (El especial de Halloween de SantiFilms 3),2025,0.0,zero
1574215,Ragged Coat of Nightmare,2023,0.0,zero
1578429,End Ink,2025,0.0,zero
1578643,Cymophane,2024,0.0,zero
1582188,We'll Still Be Here,2025,0.0,zero
1582621,SOUL: Society Of Unfortunate Ladies,2025,0.0,zero
1585057,What Josh Would Of Wanted,2025,0.0,zero
1587671,The Note,2025,0.0,zero
1601647,G.A.W,2025,0.0,zero
1602577,All American Devil,2024,0.0,zero
1605727,плакать при свете (cry in the light),2024,0.0,zero
1605900,Chupacabra vs. La Llorona,2025,0.0,zero
1607149,The Deep Clean,2025,0.0,zero
1610745,Leshy,2025,0.0,zero
1617511,Fátszedni,2023,0.0,zero
1641377,Stand Up for Yourself,2025,0.0,zero
1644257,Everybody's Got Something to Hide Except Me and My Monkey,2025,0.0,zero
1649783,Mild Sauce,2025,0.0,zero
1652699,Whispers in the Shadows,2024,0.0,zero
1658843,The Green Man,2025,0.0,zero
1673807,Smother,2023,0.0,zero
1687729,Legend of the Skunk Ape,2024,0.0,zero
1694815,Free Spirit,2024,0.0,zero
1707964,The Keeper,2025,0.0,zero
1711096,Spam Fried Rice,2025,0.0,zero
1714843,Nat Win The,2025,0.0,zero
1718652,Tobi Zertrennguru,2024,0.0,zero
479003,Eaten Alive in Uganda,2026,,missing
785157,Capps Crossing: Wrong Side of Dead,2026,,missing
887583,Analog Eyes,2026,,missing
939541,Christmas at the Kringles,2026,,missing
1035190,The VelociPastor 2,2026,,missing
1080959,Alien Storm,2026,,missing
1093895,They Slay,2026,,missing
1098342,One of Us,2026,,missing
1102905,Robot Dracula,2026,,missing
1120865,The House That Zombies Built,2026,,missing
1170600,Return of the Living Dead,2026,,missing
1255833,Whalefall,2026,,missing
1259835,A Corpse in Kensington,2026,,missing
1271315,The Shelter,2026,,missing
1284041,The Last House,2026,,missing
1318998,House of Ka,2026,,missing
1335839,"Florida, Man",2026,,missing
1338346,Zanni,2026,,missing
1339334,Muffled,2026,,missing
1352071,More Beautiful Than Death,2026,,missing
1353167,The Mouse Trap: Welcome to the Mickeyverse,2026,,missing
1359353,The Dead Place,2026,,missing
1379261,Surrender To It,2026,,missing
1393929,Hallowarrior,2026,,missing
1396928,Welsh Ghost Story,2026,,missing
1398583,Noise,2026,,missing
1398904,Ghost Buddies: The Gathering,2026,,missing
1400837,Other Mommy,2026,,missing
1400929,From The Wilderness,2026,,missing
1400940,Clayface,2026,,missing
1403098,Fatal Frame,2026,,missing
1404713,Harvested 4,2026,,missing
1421903,Werwulf,2026,,missing
1433027,What Happened to Doris?,2026,,missing
1436214,Amityverse: Infinity,2026,,missing
1445148,Abandoned,2026,,missing
1446676,Meanboat,2026,,missing
1447559,Bad Karaoke,2026,,missing
1453554,Valencia - Chapter III: Sabadell,2026,,missing
1461275,Plastic Surgery,2026,,missing
1463434,Look At This Freak,2026,,missing
1467528,Fade Away,2026,,missing
1467548,Desert Fiends 2,2026,,missing
1469342,Her Private Hell,2026,,missing
1470269,Human Hibachi 3: The Last Supper,2026,,missing
1471546,Amityville Easter,2026,,missing
1473505,Kill Trip,2026,,missing
1477480,Steamboat Killie,2026,,missing
1479836,The Final Episode,2026,,missing
1481149,The Last Take,2026,,missing
1481343,The Devil's Mouth,2026,,missing
1492655,Souls Chapel,2026,,missing
1493223,Water Rites,2026,,missing
1493590,Attack of the Killer Tomatoes: Organic Intelligence,2026,,missing
1495590,Godhead,2026,,missing
1500844,Hag,2026,,missing
1508252,Slash,2026,,missing
1515590,Madonna Non Grata,2026,,missing
1516925,You Have Her Eyes,2026,,missing
1517409,Hollywood Hells,2026,,missing
1522832,Squatch,2026,,missing
1523947,Earth to Colby,2026,,missing
1526252,Due West,2026,,missing
1532688,Leave,2026,,missing
1533042,Poultrygeist II: Dawn of the Chicken Dead,2026,,missing
1533172,Ciller Corn,2026,,missing
1535429,Paranormal Investigations,2026,,missing
1536756,Blood & Rust,2026,,missing
1537810,Rough Cut,2026,,missing
1538109,Florence Likes To Die,2026,,missing
1542307,Midnight 3,2026,,missing
1544948,Holy Father,2026,,missing
1546530,Cat Cam,2026,,missing
1547159,Helene,2026,,missing
1552241,Axeman at Cutter's Creek 3: Absolution,2026,,missing
1559586,Snake Manor,2026,,missing
1560425,In the Palm of Her Hand,2026,,missing
1563886,Zebra Hooves,2026,,missing
1564494,Harbinger,2026,,missing
1570651,House Party,2026,,missing
1571701,The Dead Keep Dying,2026,,missing
1572065,Mermaid Vs. Shark,2026,,missing
1573054,Play House,2026,,missing
1573785,Turncoat,2026,,missing
1574121,I Was A Teenage Gargoyle,2026,,missing
1575309,THREE COOL PEOPLE 5,2026,,missing
1575542,Analogies,2026,,missing
1577040,Sawtooth Mountain,2026,,missing
1587674,Rite To Exorcise,2026,,missing
1588256,Strawstalker,2026,,missing
1589579,Where the Swings Went Silent,2026,,missing
1591328,Punctuation.,2026,,missing
1593054,Home Bodies,2026,,missing
1596410,Cannibal Kitchen,2026,,missing
1596448,Wraith,2026,,missing
1600174,The Bad Room,2026,,missing
1602259,Attack of the Kraken,2026,,missing
1602570,Walking Red Flag,2026,,missing
1604367,Corrupted Pleasure,2026,,missing
1606791,Say Cheese,2026,,missing
1609576,Assets & Liabilities,2026,,missing
1610761,Don't,2026,,missing
1612291,Blood Totem,2026,,missing
1612973,Odradek,2026,,missing
1612991,19 Hz,2026,,missing
1613089,Workflow,2026,,missing
1615470,On Paper,2026,,missing
1616553,Blood Moon Orange,2026,,missing
1616575,Camp Blood Legacy,2026,,missing
1616740,The Knock,2026,,missing
1620267,Horror-on-Sea: 13 Bloody Years,2026,,missing
1620269,looksMAXXING,2026,,missing
1621417,Static Windows,2026,,missing
1623342,Only the Dead,2026,,missing
1624609,Absolution,2026,,missing
1625523,Tecolote,2026,,missing
1626332,Here We Are Again,2026,,missing
1626367,In Sickness and In Health,2026,,missing
1626772,Velvicide,2026,,missing
1627954,The Wicker Children,2026,,missing
1629915,Born to Darkness,2026,,missing
1629970,Defiled,2026,,missing
1630293,They Wait in Shadows,2026,,missing
1631049,Severed Road,2026,,missing
1631354,A Hand to Hold,2026,,missing
1632759,Creature of the Pines,2026,,missing
1633476,Parpadea,2026,,missing
1634118,Conception,2026,,missing
1634568,Dotted Line,2026,,missing
1636140,What's Wrong Wendy?,2026,,missing
1636276,Keep Young and Beautiful,2026,,missing
1636674,Beyond Sasquatch,2026,,missing
1637073,Crippled,2026,,missing
1637133,Sasquatch Within,2026,,missing
1637380,Fluke,2026,,missing
1637404,Baby Bird,2026,,missing
1637574,Dark Places,2026,,missing
1637728,Forty Five,2026,,missing
1638056,The Bloop,2026,,missing
1638902,Im Still Here,2026,,missing
1639414,Scream: Short Film,2026,,missing
1639677,An Unfamiliar Voice,2026,,missing
1639848,Dark Frequencies,2026,,missing
1639897,Bottom Feeder,2026,,missing
1640113,Yet Another Indie Horror Film,2026,,missing
1640165,F**k Face,2026,,missing
1641164,Infestation,2026,,missing
1641875,no se,2026,,missing
1642891,Boy Of Your Dreams 2,2026,,missing
1643197,Models vs. Werewolves,2026,,missing
1644275,Demon Core,2026,,missing
1646149,The Gift,2026,,missing
1648554,Amityville Aliens,2026,,missing
1648585,Blink,2026,,missing
1649128,Wed the Dark,2026,,missing
1649617,Ravam - Sound of Soul,2026,,missing
1649764,The Devil's Due,2026,,missing
1650210,Sundown,2026,,missing
1650512,Meat,2026,,missing
1651814,the things id do to you,2026,,missing
1652435,Therapy with a Zombie,2026,,missing
1654380,Weird Valley,2026,,missing
1654715,The Summoning of Chloe Kane,2026,,missing
1654791,Motel Inn,2026,,missing
1654961,The Audition,2026,,missing
1656820,Prurience Executed,2026,,missing
1659730,Dead Ahead,2026,,missing
1660420,Pandora,2026,,missing
1661855,Night Terror,2026,,missing
1661972,The Last Footprint,2026,,missing
1662191,Portia,2026,,missing
1662440,Bloodthirsty,2026,,missing
1662731,It Came From the Bathtub!,2026,,missing
1662955,Animals of the Land,2026,,missing
1664237,TEENAGERS,2026,,missing
1664505,Noctis Monstorum,2026,,missing
1664518,Nightmares Unleashed 2: Joseph's Revenge,2026,,missing
1665393,Breeder,2026,,missing
1665716,Tasty Bones,2026,,missing
1666160,Hunger Beneath the Moonlight,2026,,missing
1667772,The Dendrill,2026,,missing
1668381,Ivan,2026,,missing
1668856,Cockroach,2026,,missing
1668962,Hell Yes,2026,,missing
1669254,Jingle Jangle,2026,,missing
1670893,Making Art Is Hard,2026,,missing
1671767,Game Night: Into the Dollhouse,2026,,missing
1673888,Photo Negative,2026,,missing
1676171,NYRA II,2026,,missing
1676973,Iris Replica,2026,,missing
1677594,Curse of Griffith Park,2026,,missing
1678298,The Waiter,2026,,missing
1679072,Pillars of Heaven,2026,,missing
1679288,Solace,2026,,missing
1679631,Red Dots,2026,,missing
1680383,They Know,2026,,missing
1681439,"If I Can't Have U, No1 Can",2026,,missing
1682667,Christmas at Aunt Betty's,2026,,missing
1684427,Beauty,2026,,missing
1685189,Worm Hunger,2026,,missing
1685386,Remember Death,2026,,missing
1685776,Harvest,2026,,missing
1686252,Crak Hack,2026,,missing
1686301,Mala,2026,,missing
1686904,13 Souls,2026,,missing
1687144,Skotos,2026,,missing
1687656,Cernunnos,2026,,missing
1687660,The Zone of Ghost's,2026,,missing
1688641,A Kindness,2026,,missing
1689718,Phasmophobia,2026,,missing
1690922,Crash Season,2026,,missing
1691953,The Whitby Goth Weekend Horror,2026,,missing
1692191,Devil Box,2026,,missing
1692259,Mildred Moyer: Diary of a (Loveable) Psychopath: True Crime,2026,,missing
1692597,Sitsit,2026,,missing
1692810,My Willow,2026,,missing
1695360,Grizzly Attack,2026,,missing
1695366,Grizzly Bear Massacre,2026,,missing
1695936,Demon Clown Doll,2026,,missing
1696305,Bridge 704,2026,,missing
1696458,I Am The Bride,2026,,missing
1696466,Morning Falls: The Night Doctor,2026,,missing
1696579,The Box,2026,,missing
1697333,Static,2026,,missing
1699463,The Girl We Let In,2026,,missing
1700146,Something Strange in the Dark,2026,,missing
1701141,Gator Face,2026,,missing
1701665,The Marine Spirit: A Tale Of The Mami Wata,2026,,missing
1702370,Fish Is Dog Spelled Backwards,2026,,missing
1702434,Lost Ranger,2026,,missing
1702553,Heirlooms,2026,,missing
1703731,Film History’s Modus Operandi,2026,,missing
1703740,The Leaked Tape,2026,,missing
1704506,Recorded 2,2026,,missing
1704649,The Pinecrest Lost Tapes: Chaos! Blood! & Violence,2026,,missing
1705035,Bigfoot Primal Fear,2026,,missing
1705057,VCR Willie: Tape 2,2026,,missing
1706245,Modem,2026,,missing
1708236,Los Vampires,2026,,missing
1708253,Big Break,2026,,missing
1708289,BLOODSUCKER,2026,,missing
1709459,The Thirst,2026,,missing
1709743,Rush Week,2026,,missing
1710666,Outsiders,2026,,missing
1711337,The Penningtons,2026,,missing
1711755,Dead Signal,2026,,missing
1712278,R.E.M.,2026,,missing
1712415,Exposure,2026,,missing
1712454,Shark Frenzy,2026,,missing
1713821,Stalker Gone Viral,2026,,missing
1713962,Night of Blood,2026,,missing
1714880,She Saw Us,2026,,missing
1715208,The Town That Takes,2026,,missing
1715359,The Damned Thing,2026,,missing
1715560,Backwoods Blood Feud,2026,,missing
1716448,The Pools,2026,,missing
1717143,Dismal - A Short Film,2026,,missing
1718210,A House Most Haunted,2026,,missing
1718636,Sanctus House,2026,,missing
1719873,Zombies on The Beach,2026,,missing
1720375,Breakfast,2026,,missing
1720476,Septicemia,2026,,missing
1720908,Her Choice,2026,,missing
1721007,Raw,2026,,missing
1721120,Silent Scream,2026,,missing
1721547,Parasocial,2026,,missing
1721622,A Shadow in the Corner of the Room,2026,,missing
1722316,Knight Of Wands,2026,,missing
1722904,Swamp,2026,,missing
1723967,The Leaching,2026,,missing
1725268,Eramus,2026,,missing
1726101,Vanity: (T)OUCH!,2026,,missing
1726557,The Hoodoos,2026,,missing
1726851,Still Ohio,2026,,missing
1728238,UNTIL NEXT TIME,2026,,missing
1728408,Nightmare School – The Mystery of Professor Marabecca,2026,,missing
1728862,Reaper Road,2026,,missing
1729940,Newlyweds,2026,,missing
1730685,Lifeform 3,2026,,missing
1731640,"Knock, Knock",2026,,missing
1732286,Malenadina Rahasyamaya Pustaka,2026,,missing
1732497,LEATHERBACK,2026,,missing
1733048,Last Viewing,2026,,missing
1733090,Phantasmagoria,2026,,missing
1734826,FAMILIAR,2026,,missing
1735202,The Pools,2026,,missing
1736103,Joyride Returns,2026,,missing
1736330,Consent,2026,,missing
1736367,What's In Your Burger?,2026,,missing
1736563,Nocturnum,2026,,missing
1736721,v2,2026,,missing
1736808,Backrooms - Everything Must Go Edition,2026,,missing
1736943,Verity ™,2026,,missing
329977,The Murders in the Rue Morgue,1914,,missing
341987,The Face at the Window,1919,,missing
347196,Wolf Creek: Legacy,2027,,missing
361945,Sleepy Hollow,1911,,missing
363164,The Mummy,1911,,missing
484219,A Visit to the Spiritualist,1899,,missing
486773,The Vengeance of Egypt,1912,,missing
614166,The Skeleton,1912,,missing
704245,The Ghost of Twisted Oaks,1915,,missing
787760,The Devil's Signature,1914,,missing
862531,The Miser's Doom,1899,,missing
942364,The Haunting Fear,1915,,missing
947335,The Voice on the Wire,1917,,missing
1008246,The Freak Barber,1905,,missing
1010673,The Silent Mystery,1918,,missing
1077097,Faust and Mephistopheles,1898,,missing
1122220,Untitled Blair Witch Film,2027,,missing
1184925,Midnight Oxygen,2027,,missing
1206628,The Third Parent,2027,,missing
1215987,Astral Projections,2027,,missing
1267360,Satan's Signature,1919,,missing
1277039,A Modern Jekyll and Hyde,1913,,missing
1277059,The Gray Horror,1915,,missing
1279930,The Fakir's Spell,1914,,missing
1280081,The Vivisectionist,1915,,missing
1280215,From the River's Depths,1915,,missing
1280376,The Spider's Web,1912,,missing
1280608,Evil Dead Wrath,2028,,missing
1301360,Dr. Jekyll and Mr. Hyde,1913,,missing
1324923,A Quiet Place Part III,2027,,missing
1380163,Pendulum,2027,,missing
1482558,Lice,2027,,missing
1485138,Inside That House,2027,,missing
1492972,Citric Acid,2027,,missing
1505252,Final Destination 7,2028,,missing
1536556,Grave Echos,2028,,missing
1544162,The Conjuring: First Communion,2027,,missing
1586888,Hungry Creatures,2027,,missing
1592452,Paranormal Activity 8,2027,,missing
1611600,English,2027,,missing
1612048,S/H/V,2027,,missing
1615504,Before the Silence,2028,,missing
1625381,Heart Eyes 2,2028,,missing
1653067,The Young Justice,2028,,missing
1671441,Untitled Longlegs Film,2028,,missing
1682648,The Current,2028,,missing
1684156,Fingertips: Reborn,2028,,missing
1701671,Intrigued,2027,,missing
1711760,Antipathy,2027,,missing
1720581,Onion Milk,2027,,missing
1725731,Andheron Ka Sayya 2,2027,,missing
1732615,Consumption,2028,,missing
7866,Evil,2005,0.0,zero
28959,To Dance With Death,2000,,missing
30405,Space Psychos 4,2003,0.0,zero
30457,Vampire Trailer Park,1991,,missing
30479,Always Midnight,2006,0.0,zero
70019,Experiments in Terror 2,2007,,missing
74110,Nicole,1976,,missing
94940,When Zombies Attack!!,2001,,missing
104811,Frankenstein's Wedding... Live in Leeds,2011,,missing
125752,Super Ball,1974,,missing
135570,11:11,2011,0.0,zero
191568,The Inherited,2009,,missing
211684,The Bewitching,2003,,missing
223099,Surviving Evidence,2013,0.0,zero
232810,Black Tree Forest III,2013,0.0,zero
237293,Haunting Melissa,2013,,missing
238854,I Am No One,2013,0.0,zero
246821,Tears of God,2015,,missing
248641,The Beast,2014,0.0,zero
256951,Angustia,2013,0.0,zero
263002,Mortified,2011,0.0,zero
268186,Red's Breakfast 2: Dawn Of The Red,1997,,missing
276535,Slaughterhouse Phi: Death Sisters,2006,,missing
277500,Chilling Visions: 5 States of Fear,2014,,missing
279548,Cannibal Lolita: A Love Story,2009,,missing
281720,Horror Anthology Movie Volume 1,2013,,missing
282534,Shock,2010,0.0,zero
283328,Bees,1998,0.0,zero
294566,Human Antfarm,2012,,missing
298042,Vieques,2014,0.0,zero
301080,101st: A-Company,2013,,missing
307047,Heinous Acts,2014,0.0,zero
307719,Twisted,1997,,missing
308125,Gypsy Vampire's Revenge,2007,,missing
308130,Transylvania Police: Monster Squad,2000,,missing
309297,Nude Vampires,1995,,missing
315404,Carmilla,1998,,missing
316036,Incense and Peppermints,1981,0.0,zero
317985,E.T. is Estong Tutong,1983,0.0,zero
320175,Dark Romances Vol. 1,1990,0.0,zero
320781,Bit Parts,2007,0.0,zero
322170,Beneath a Dead Moon,2014,,missing
328525,Days of the Iguanas,2013,,missing
328526,Death By Tights,2015,,missing
328989,"1,000,000 A.D. Promo Reel",1973,,missing
329412,The House Behind the Wall,2014,0.0,zero
329838,Deatherman,2012,,missing
330998,The Signs of End Times 2,2007,0.0,zero
334707,Clouds,1984,0.0,zero
343101,Devil Dog,2007,,missing
344760,Frankenstein de Sade,1969,,missing
354668,Revenge of Bigfoot,1979,,missing
360833,Boogeyman: Reincarnation,2016,,missing
367249,Faces of Horror,1989,,missing
369732,M Is for Mom,2013,,missing
383148,A Few Brains More,2012,,missing
389709,Saint Frankenstein,2015,,missing
393481,Bloodstream,2000,,missing
401052,Tales for the Midnight Hour,1999,,missing
415675,Bloodstruck,2010,0.0,zero
415895,Night of the Cat,1993,,missing
416551,The Crawling Brain,2016,0.0,zero
416729,The Screening,2007,0.0,zero
421151,Midnight Bride,1990,0.0,zero
423005,Flat 6B,2016,,missing
440255,The Road,1964,0.0,zero
481360,Deviant Behavior,2018,,missing
488134,Death to Sister Mary,1974,,missing
493448,Rain River Falls,2017,,missing
496325,Derren Brown Presents Twisted Tales,2016,,missing
496369,For the Road,2018,,missing
496377,Aakhri Raat,1999,,missing
501956,Spotlight,2018,,missing
502109,Air Disturbance,2014,,missing
502873,Dutch Hollow,2015,,missing
503786,Tight as a Drum,1974,,missing
504547,The Question,2017,,missing
504689,Evil Dead: The Musical,2007,,missing
504763,Shear Madness,2017,,missing
510496,Infamies,2018,,missing
510590,Queers of the Western Zombie Apocalypse,2015,,missing
511068,Starling,2017,,missing
512169,Resist: an LGBTQ Anthology,2017,,missing
515413,The Day Mum Became a Monster,2018,,missing
515531,Circus of Dread,2012,,missing
516775,Flesh and Blood a Go! Go!,2017,,missing
517316,Heart of Fartness: Troma's First VR Experience Starring the Toxic Avenger,2017,,missing
517559,The Chattering,2017,,missing
525854,Arnold,2018,,missing
537704,Blood Bullet,2017,,missing
549689,Weeji,2017,,missing
551249,Chiller 13: The Decade's Scariest Movie Moments,2010,,missing
551521,The Eyeslicer: Halloween Special,2018,,missing
554667,Pop,2018,,missing
560477,The Good Samaritans,2018,,missing
568598,The Pigs,2005,,missing
578515,Dracula Now,2015,,missing
590178,Ajuwaya,2017,,missing
597175,60 Seconds 2 Die: 60 Seconds to Die 2,2018,,missing
597461,C.R.Y. The Video Diary of Calvin Ray Young,2009,,missing
597468,Beware of the Klowns,2015,,missing
603577,Fear Not,2013,,missing
611224,Hum,2019,,missing
614890,Bite,2018,,missing
629386,Killer Babes and the Frightening Film Fiasco,2020,,missing
630890,The Ingress Tapes,2017,,missing
633402,I Bind You to Me,2019,,missing
633990,Kindness of Strangers,2019,,missing
635424,Maricruz,2018,,missing
636808,Camp D.O.A.,2004,,missing
637168,Lunatic,1991,0.0,zero
640796,Into the Night,2020,,missing
642078,Boogieman 2,1998,,missing
642103,Method,2011,,missing
643922,The More the Scarier,2019,,missing
645753,Blood Tulip,2019,,missing
645796,Who's There?,2018,,missing
651006,Blodspår,2012,,missing
654718,The Commune,1970,,missing
655759,Blood Corrodes Inside: SPIT,2018,,missing
655761,Blood Corrodes Inside: Red Tragedy,2018,,missing
670940,El Chapo and the Curse of the Pirate Zombies,2022,,missing
671309,DEMON,2018,,missing
676981,El Escondite,2011,,missing
677359,Trampa mortal,1972,,missing
690451,Here There Be Tygers,2019,,missing
692421,Dracula's Dirty Daughter,2017,,missing
695046,Das Hause,2003,,missing
701974,Chestersberg,2020,,missing
704792,Draghoula,1995,,missing
705368,Hit + Run,2020,,missing
709608,Gorilla Warfare: Battle of the Apes,2001,,missing
722354,The Arrangement,2020,,missing
722710,MUSHI 虫,2020,,missing
726031,The Gable Film,2007,,missing
727128,The Lady in the Walls,2014,0.0,zero
728694,Feet Foremost,1983,,missing
732231,Castle Ghosts of England,1995,0.0,zero
732234,Castle Ghosts of Wales,1997,0.0,zero
732471,The Last Queen on Earth,2020,,missing
737322,Killer Workout,2020,,missing
738509,Uncle Otto's Truck,2019,,missing
738661,Angie Baby,2020,,missing
738914,Psychovision,2003,,missing
740594,Black Pill,2019,,missing
741887,O' Bloody Night,2018,,missing
747463,Bush Bash,2020,,missing
747578,Truly Dreadful Tales,2012,,missing
749519,Killer Love,2019,,missing
750895,Room 134,2020,,missing
751004,Sociopath,2021,,missing
751969,The Ominous Project Universe Presents: ISOLATION,2020,,missing
755211,The Internet Kills,2020,,missing
756341,Miniature,2020,,missing
756599,Radioactive Flesh Eating Foliage,2015,,missing
756627,Awful Dreams,2019,,missing
777177,Thursday: A Day in Quarantine,2020,,missing
780666,What's in the Box,2020,,missing
781340,Awesomely Righteous & Radical,2020,,missing
781349,I Drip Blood on Your Grave,2020,,missing
785757,Haunted: Poor Girl,1974,,missing
787085,Fused,2018,,missing
787465,The Snake Girl,2006,,missing
787469,The Snake Girl 2,2006,,missing
791698,Yoshi: The Ultra Violent Kung Fu Sci Fi Queer Revenge Film with Zombies!!!,2020,,missing
792615,The Parkway Hauntings,2015,,missing
794487,Camping is Cheaper,2020,,missing
795742,The Ash: Safe Haven,2017,,missing
796640,Evaporation,2021,,missing
796734,Rise of the Mummy,2020,,missing
797786,Sharon Needles Presents: Mask It or Casket,2020,,missing
799105,In The Photos,2021,,missing
799920,The Cost of Living,2021,,missing
805396,Baserca,2016,,missing
807049,Elysia,2021,,missing
807327,Pointy Teeth for Pointy People,1999,0.0,zero
807412,Cult of the Psycho Sisters,2017,,missing
809198,Made Vicious,2017,,missing
810163,The Road,2017,,missing
814043,The Monkey's Paw,2021,,missing
840783,The Rickety Man,2021,,missing
842820,Snowblind,2021,,missing
843487,Terror in the Woods,1993,,missing
843878,The Happy Woodcutter,1993,,missing
849847,The Masks That the Monsters Wear,2011,,missing
850065,Money Cat,2021,,missing
850071,Otherwise,2021,,missing
851289,Outside of Darkness,2018,0.0,zero
859048,Miss Mary Mack,2021,,missing
863438,Who Watched Them Die?,2015,,missing
863672,Delicious,2020,,missing
872278,The Veil of Isolation,2021,,missing
872940,Shallow Graves,2020,,missing
874544,The Souls of Black Pebbles,2021,,missing
874832,Part of Me,2021,,missing
876932,The Crude Crypt Volume One,2021,,missing
877024,The Monster,2021,,missing
878113,Mother Mortis: Awakening,2021,,missing
880623,Moopet Pastor,2017,,missing
881070,Killara,2021,,missing
881424,Hell No,2020,,missing
883089,Verified,2021,,missing
884415,Keepsake!,2019,,missing
884506,Itch,2021,,missing
887690,Rat,2021,,missing
888368,The Edge of Evil: The Rise of Satanism in North America,1989,,missing
889107,Fire on the Mountain,2020,,missing
891527,Fame Fatale,2021,,missing
899603,He Comes at Night,2021,,missing
899606,Phantasmic,2021,,missing
900314,One Last Bite,2021,,missing
910807,Fukt,2021,,missing
914520,Mr. Murakami's Garden,1999,,missing
915572,Violations,1986,0.0,zero
919076,Grim Places,2018,,missing
920697,Scary Story,2021,,missing
924780,Night of the Devil,2021,,missing
926003,The Abominations of Frankenstein,2021,,missing
927554,The Raven,2018,,missing
928153,Shadows,2021,,missing
931410,Jezebel,2020,,missing
932066,Slice of Life,2022,,missing
934241,The Roommate,2022,,missing
937663,Lesbian Beasts 5000 AD,2001,,missing
941059,"My Brother, Jeffrey",2020,,missing
945591,Sting of Death,1955,,missing
948259,Carnal Redemption,2022,,missing
949505,Le Puppet,2020,,missing
949574,Loving Emily,2021,,missing
950680,Discount Workers,2020,,missing
950910,In His House,2018,,missing
954369,Cold,2018,,missing
956056,Memento Mori,2008,,missing
956065,Blood and Water II: Book of Z,2022,,missing
965425,Erotophonophiliac: Documents of a Lust Murderer,2021,,missing
967503,Cursed Videotape,2016,,missing
973705,The Smiling Man,2017,,missing
975952,Blood Maze,2020,,missing
976437,Scraps,2022,,missing
979018,The Step Daddy,2020,,missing
980941,Stake Land: The Day I Told My Boyfriend,2011,,missing
980942,Stake Land: Willie,2011,,missing
980945,Stake Land: Sister,2011,,missing
980948,Stake Land: Martin,2011,,missing
981322,Conjuring The Genie 2,2022,,missing
982959,Don't Sweat the Dead/Hott Sushii Double Feature,2022,,missing
990455,Birthday Boy,2021,,missing
990521,Mondo Shock,2016,,missing
992445,The Monster Inside,2022,,missing
994640,Sustained Nightmare,2022,,missing
994734,AlieNation,2022,,missing
995237,Nefarious,2017,,missing
995764,The Windigo,2017,,missing
997622,Sexy Time,2020,,missing
998134,Harvested 2,2022,,missing
998494,Alien Danger! With Raven Van Slender,2021,,missing
1001696,Witching Hour II,2016,,missing
1002176,The Mentor,2013,,missing
1002644,Spider,2022,,missing
1002756,Alindog ni Barbara,1999,,missing
1005395,Halloween Special,2021,,missing
1007334,Daughter of Devil Fish,1984,0.0,zero
1017733,Mickey Dogface,2022,,missing
1017920,Blender,2022,,missing
1018106,Topless Tori's Tomb of Terror,2022,,missing
1020011,High Strangeness,2021,,missing
1021335,Obstacle Corpse,2022,,missing
1023315,Legends of Sleepy Hollow,2021,,missing
1025832,Wicked Game,2022,,missing
1026280,The Businessman,2022,,missing
1028215,A Creature is Stirring,2021,,missing
1028296,Faithful Witness: In The Middle,2022,,missing
1029324,Deadly Vines,2001,,missing
1029813,Seafoam,2022,,missing
1030089,Into the Darkness,2021,,missing
1032612,Mirror Moves,2022,,missing
1032744,When The Earth Gives Up The Dead,2022,0.0,zero
1032780,Dark Reunion: Slaughter of the Children,2012,,missing
1032988,Final Girl,2022,,missing
1033113,The Ghosts Of Eden Hall,2015,,missing
1033153,Who Goes There,2022,,missing
1033467,Shadowban,2022,,missing
1033808,Dysfunction,2006,,missing
1033931,Sunfall,2022,,missing
1033936,Pandemic Thirst,2022,,missing
1034408,The Return of Dracula,1967,,missing
1034693,Hellraiser: What's Your Pleasure?,2015,,missing
1035188,Incomplete,2022,,missing
1036451,Otherkin,2022,,missing
1037459,#Shockfight,2022,,missing
1037461,Until Death Do Us Part,2021,,missing
1037464,The Graveyard Shift,2021,,missing
1037545,Uncle,2022,,missing
1037635,Awful Silence,2022,,missing
1037785,We Wanted Children,2022,,missing
1038225,Man Cow: Demon of the Cream,2021,,missing
1038272,Kate Calloway’s Second Annual Haunted Halloween Sleepover,2022,,missing
1038505,Penny,2022,,missing
1039442,The Sparkle Spell: Ghosting Made Fun!,2022,,missing
1039672,Tom,2017,,missing
1039790,Xavier,2022,,missing
1039821,Fear Falls,2022,,missing
1039871,The Zompocalypse Therapy Sessions,2022,,missing
1039886,InsoMania,2022,,missing
1040468,Attack of the Potato People,1984,,missing
1040632,The Phantoms,2022,,missing
1040961,Lost Vegas,2022,,missing
1041051,Vampire Boyfriend,2022,,missing
1041905,Bloody Nipples,1996,,missing
1042250,Sama Ka?,2021,,missing
1042390,Virgil,2022,,missing
1042479,Flytrap,2019,,missing
1042555,Alone Together,2021,,missing
1042644,Chimera,2003,,missing
1042700,Trick or Treat 2!,2022,,missing
1042962,Revival of Darkness: Beyond the Grave,2009,,missing
1043228,Crib,2018,,missing
1043258,They're Watching,2019,,missing
1043267,Fear of Fall,2019,,missing
1043274,The Faceless,2020,,missing
1043284,Lucid,2022,,missing
1043513,The Ghost of Kelly Winters,2018,,missing
1044305,Dracula vs. Frankenstein's Monster,2016,,missing
1044442,Blade Sisters,1999,,missing
1044945,Hellbilly Hollow,2022,,missing
1045057,The Cathedral,2022,,missing
1045572,Gnawbone,2016,,missing
1047458,Nun With a Chainsaw,2022,,missing
1048373,The Cake,2022,,missing
1048582,Haunted: Indiana State Sanatorium,2022,,missing
1049450,Kasi,2022,,missing
1049823,A Weekend At The Shanley Hotel,2018,,missing
1050243,Safe Neighborhood,2022,,missing
1050407,The Kirkbride Project,2014,,missing
1050619,Monstruo,2017,,missing
1051335,Smile,2022,,missing
1051569,Devil's Got My Back,2018,,missing
1052113,5 Candles,2013,,missing
1052409,Find Me,2022,,missing
1053065,The Difficulties Of Being Drunk Alone,2022,,missing
1054156,Some Thing,2022,,missing
1054273,Tammie Brown's Halloween Spooktacular,2022,,missing
1054426,Waterlogged,2022,,missing
1054573,Pray,2014,,missing
1054853,The Eel,2004,,missing
1055363,American Resurrection,2022,,missing
1056376,Spilling Blood,2016,,missing
1056548,Paranormal Stuff,2010,,missing
1056581,Treatment,2022,,missing
1056861,The God's Eye,2018,,missing
1057062,Dark Magic,1993,,missing
1057626,I'm Haunted,2022,,missing
1058073,Sloppy Seconds,2022,,missing
1058343,Gore Grind,2020,,missing
1058981,House Party,2022,,missing
1059916,Cabbage,2022,,missing
1060604,Kiddo,2022,,missing
1061519,Selfie,2020,,missing
1062084,Lesbian Dracula Submarine,2020,,missing
1062860,Harvey's Dream,2013,,missing
1062870,I Am the Doorway,2012,,missing
1062936,She Burns in Hell: Chapter 2,2022,,missing
1063707,The Demojordan,2022,,missing
1065058,The Devil in Bitter Woods,2022,,missing
1066703,The Undoing,2019,,missing
1067053,Stereo Psychosis,2022,,missing
1067509,Untitled 001,1999,,missing
1068423,The Man Who Loved Flowers,2017,,missing
1069267,The Devil's Harvest,2019,,missing
1070225,Night of the Loving Dead,2013,,missing
1070867,The New Homeowner's Guide to Happiness,1987,,missing
1071279,Witchbait,1996,,missing
1073411,Rumah Terpilih: Titipan Benda Ghaib,2022,,missing
1073946,A Monster in the House,2021,,missing
1073971,Night Work,2022,,missing
1074543,Season of Sacrifice,2021,,missing
1075848,Grandma’s little boy,2020,,missing
1076179,Eyes for You,2019,,missing
1076185,"Terror from 20,000 Leagues Below",2020,,missing
1076187,Hypocritical Hit,2021,,missing
1076213,Thirst,2020,,missing
1078272,Kaleidoscope Kids,2021,,missing
1079377,The Grindhouse,2022,,missing
1080069,Menagerie,2018,,missing
1080357,Are You Still Here?,2020,,missing
1080391,Attack of the Nightmare-a-saurus,2009,,missing
1080419,Surreal Broadcast,2020,,missing
1081619,Frankenstein: How to Make a Monster,2022,,missing
1082773,Hallowed,2021,,missing
1084089,My Inner Circle,2022,,missing
1084745,Blood Puppet! Christmas '94,2019,,missing
1085215,Carnage of Dracula,1967,,missing
1085549,Infernal Gluttony,2010,,missing
1085617,Unthinkable,2016,,missing
1086810,Compound 87,2012,,missing
1087293,Dr. Kim Hunter and the Apparition,2022,,missing
1088498,The Market Street 6,2011,,missing
1089134,The Painting,2019,,missing
1089242,This Isn’t a Movie,2014,,missing
1090384,Zombie Apocalypse,2020,,missing
1090549,Kerb Crawlers,2015,,missing
1091254,Ang Kwento Sa Bahay Ni Lola,2022,,missing
1091406,Black Creek Trail,2022,,missing
1092237,Deer Girl,2022,,missing
1093549,Forever Gardens,2022,,missing
1093590,Emfucknadas,2019,,missing
1094345,Stringer,2021,,missing
1094670,TRUE DARKNESS: KEEP MOVING,2021,,missing
1094777,Teenage Vampire II,2022,,missing
1095131,TRUE DARKNESS: DETECTIVES,2022,,missing
1097199,Skia: The Dusk of Soul,2022,,missing
1098018,Watch Your Step,2022,,missing
1098491,Paper Clocks,2019,,missing
1098881,Snowy Night,2021,,missing
1100232,Deadwind: The Sharting Dead,2015,,missing
1103117,Camp Murder,2022,,missing
1103757,Touch,2021,,missing
1103828,The House of Evil,2017,,missing
1104048,Toomie: The Hungry Tumor,2022,,missing
1104052,Slice!,2022,,missing
1105649,STALKER (short 2021),2021,,missing
1107359,Chained,2022,,missing
1107787,Chatterbox,2022,,missing
1109896,The Overkill,2022,,missing
1110052,Lost Souls,2022,,missing
1110592,Freelance,2022,,missing
1110597,Soul Casket,2022,,missing
1110631,Pocket Watch,2020,,missing
1112378,The Chebo,2018,,missing
1112384,Harclaw,2020,,missing
1112645,Taste,2019,,missing
1112718,Dream Screechers,2019,,missing
1113252,The Dark,2020,,missing
1113771,Found Footage of Fear: Digital Terror,2022,,missing
1113891,Flappy,2022,,missing
1114142,Queens Gold,2022,,missing
1114274,Woodland,2022,,missing
1115761,Trail of Doom,2022,,missing
1117377,Rubberneck,2020,,missing
1117424,Street of Gravestones,2000,,missing
1117979,Du sang,2021,,missing
1120077,Scavenger Hunt,2022,,missing
1122138,The Ritual,2021,,missing
1122144,Paranoia,2022,,missing
1124618,The Red Orchid,2022,,missing
1124696,When You're Gone,2022,,missing
1125609,The Washington County Disappearances,2022,,missing
1126236,The Red Room Riddle,1983,,missing
1128006,The Milk's Gone Bad,2022,,missing
1130172,Appalachian Trail,2022,,missing
1130810,Nurse Meow & The Hunt For Sexy Bigfoot,2022,,missing
1131282,Dumb Dumbs,2012,,missing
1133667,Under the Palm Tree,2021,,missing
1134401,Sequel: Cruel Summer - Part II,2022,,missing
1135900,Deadly Lessons,1995,,missing
1136492,Consumer,2022,,missing
1137054,Bloody Halloween,2013,,missing
1137076,Shift,2022,,missing
1138722,Type Till You Bleed,2021,,missing
1139014,Phony Fiend,2022,,missing
1140872,The Night Slasher,2017,,missing
1140881,Dark Chronicles,2019,,missing
1140892,Sound of Silence,2020,,missing
1141302,Election 2020: A Horror Story,2020,,missing
1142186,Mohanayanangal,2001,,missing
1142226,Conspiracy World,2020,,missing
1142255,Stairs,2011,,missing
1142288,The legend of Agatha Rose,2020,,missing
1142369,Love Bitten,2016,,missing
1143215,"Yes, Mother",2022,,missing
1144122,Extinction,2017,,missing
1144340,Dollface: The Terror on Route Nine,2020,,missing
1145197,Farmer Joe,2003,,missing
1147024,Aruka,2022,,missing
1148188,The Holy Path,2022,,missing
1148848,Saturday Date,1994,,missing
1151080,Blood Night,2011,,missing
1151112,The Basement,2020,,missing
1151326,Celluloid Slaughter Video Magazine Vol. 1,2020,,missing
1151700,VHS Violence II: VHS and KILL,2020,,missing
1152735,Don’t Go into the Lake,2016,,missing
1153628,Das Buch Der Blutigen Geschichten,1991,,missing
1154994,Dark Satanic Magick,2014,,missing
1154996,Fixation: When Art Goes Too Far,2015,,missing
1155858,Cutthroat,2018,,missing
1156362,Trailersploitation,2018,,missing
1156721,Curse,2018,,missing
1156893,The Possessed,2017,,missing
1160065,Visit to the Grave,2022,,missing
1160858,The Horror Portfolio,2012,,missing
1163775,The House On Bonejack Hill,2006,,missing
1165456,Bone Chillers: Art Intimidates Life,1997,,missing
1165867,Turquoise Boy,2014,,missing
1167300,Benda Keramat,2021,,missing
1168742,Science of a Seance,2022,,missing
1168744,Mindful Meditation,2022,,missing
1171230,Mediatrix,2011,,missing
1171895,Dead Fish,2021,,missing
1172440,Killrats,2013,,missing
1173070,Urban Decay,2007,,missing
1176464,The Flesh Keeper,2007,,missing
1177275,Black Secret,2021,,missing
1180058,Firebrand: Dead or Alive,2004,,missing
1180483,Slumber Party Slaughterhouse,2008,,missing
1184670,Origin,2018,,missing
1187044,Haunted Hollow,2022,,missing
1187464,Temptation of the Spiritual World,1992,,missing
1190823,In the Meantime,2022,,missing
1192736,Druh,2022,,missing
1194515,Onryo,2020,,missing
1195243,Sunny Family Cult,2017,,missing
1195277,Limbo,2018,,missing
1196156,Pruitt & Igoe,2022,,missing
1196540,Susie Q Where Are You!,2022,,missing
1199496,Bone Chillers: Frankenturkey,1996,,missing
1201628,Hands of Destiny,2022,,missing
1201775,Butchered,2019,,missing
1201840,Soul Fire Rising,2009,,missing
1204357,Legend of Paul Pry,2022,,missing
1205108,The Downfall of Mr. Difford,2015,,missing
1205407,Abigail,2021,,missing
1205825,Pigilin Natin ang Dilim,1995,,missing
1206349,The Eyes,2022,,missing
1208833,The Wine,2017,,missing
1208836,The Snow Drifter,2003,,missing
1209324,Caress of the Vampire 2.5: The Return of Billy the Vampire,2003,,missing
1213685,Murder Below the Line,2004,,missing
1217207,No Reason,2022,,missing
1217725,Murder Girl. A True Story,2020,,missing
1218072,VHS Roadkill,2017,,missing
1223121,Lost Property,1986,,missing
1224049,Fever Queen,2020,,missing
1224965,Diary of the MadMan,2022,,missing
1225148,Say,2018,,missing
1226092,Bits-n-Pieces,2014,,missing
1228870,The Ashes,2017,,missing
1229325,Nite Time Creatures,2018,,missing
1232945,Advocate,2012,,missing
1233915,Kill Devil Hills,2022,,missing
1234064,The Sins Beneath,2025,0.0,zero
1234448,The Gaze,2022,,missing
1234762,Everbliss Inn,2022,,missing
1234820,Veggie Killers: Green Hell,2016,,missing
1237549,Darkness Binds,2021,,missing
1238658,Feeding On The Living,2022,,missing
1238814,All My Friends Are Dead,2022,,missing
1239610,The Monkey's Paw,2022,,missing
1239854,Welcome to the Neighborhood,2019,,missing
1240141,Going Off,2006,,missing
1241263,Podèt,2017,,missing
1242562,Stalked!,1993,,missing
1242914,The Karening,2020,,missing
1243389,Camp Fez,2022,,missing
1243953,Howl of the Werewolf,2018,,missing
1244781,Red Sky at Night,2020,,missing
1245335,The Agonizer,2019,,missing
1245526,Smell No Evil,2021,,missing
1246416,Vita Carnis - Living Meat Documentary,2022,,missing
1246659,Portraits of Death,2011,,missing
1248262,She Feast,2010,,missing
1248492,One For The Road,2020,,missing
1249026,Synthwave Horror: Dr. Jekyll and Mr. Hyde,2015,,missing
1249125,"Scream, Evelyn, Scream!",1970,,missing
1249771,The Pumpkin Man vs. Kreepy the Clown,2017,,missing
1249773,The Pumpkin Man 2: Ryan's Nightmare,2016,,missing
1250689,Nightmare Island 2: Hookface's Revenge,2011,,missing
1251993,Ngboroh,2022,,missing
1253393,Toast,2022,,missing
1253492,Disfigurement,2022,,missing
1253635,Grandfather,2019,,missing
1253740,Severed Body Parts: The Cannibal Murders,2016,,missing
1253918,The Face of the Phantom,1959,,missing
1253929,Grip,2001,,missing
1255486,Moshpit,2022,,missing
1257641,Morbus Opus,2017,,missing
1257866,Mimic,2021,,missing
1258785,Jack Shit,2022,,missing
1258973,Stitch: The Weymouth Woods Killer,2013,,missing
1259270,Necro Lesbians,2021,,missing
1259681,Unreel,2022,,missing
1263115,The Corpse Spirit Is Pressing,2005,,missing
1266886,Gilbert Harding Speaking of Murder,1953,,missing
1267071,Attack of the Brain Demon,1967,,missing
1267318,Sawman,2018,,missing
1267527,Easter Massacre,2019,,missing
1268478,The Dream of Hamish Mose,1969,,missing
1269125,Full Moon,2019,,missing
1269475,Schoolgirl Sacrifice,2002,,missing
1269479,Crimson Kisses,2000,,missing
1269485,Crimson Desires,2001,,missing
1269655,The Tell Tale Heart,2010,,missing
1272611,Apparitional,2020,,missing
1276177,Nightmare,1957,,missing
1276468,The Quatermass Experiment,1967,,missing
1278109,The Pitstriker,2018,,missing
1278739,Shadow Falls,2006,,missing
1280921,The Beneath,2020,,missing
1282700,Pay the Tithe,2022,,missing
1283791,Fever Dream,2022,,missing
1284476,Nun Shall Live,1989,,missing
1284951,Tales from Pandora's Box: The Untold Tales,2022,,missing
1287436,Horror Hot Tub,2019,,missing
1287439,WIH Massive Blood Drive PSA 2016,2016,,missing
1287475,Ravage Nation,2022,,missing
1291718,The Horror and Mystery of the Succubus,1986,,missing
1292246,Boss Battle,2018,,missing
1292723,Asterion,2021,,missing
1292807,Refresh,2021,,missing
1293320,Into the Depths,2011,,missing
1293377,Attack Of The Alien Jelly Monsters From The Depths Of Uranus,2011,,missing
1293722,Dolly Mixture,1974,,missing
1294506,A Taste of Fear: Return of the Cleveland Torso Killer,2005,,missing
1297422,Vampire’s Lust,1969,,missing
1302465,The Koozebanian,1978,,missing
1302468,Self Portrait in Brains,1978,,missing
1304144,Fear Files,2015,,missing
1305573,Mary's Call,2021,,missing
1305700,Theatre of the Deranged III,2019,,missing
1305799,What A Beautiful Wedding,2021,,missing
1308996,The Fortune,2018,,missing
1309231,Gray Matter,2017,,missing
1310255,Sinister Cinema,1987,,missing
1310789,The Boogeyman,2014,,missing
1311556,The Blacky,2022,,missing
1312032,I Know What You Need,2005,,missing
1312196,One for the Road,2016,,missing
1312633,Snowglobe,2020,,missing
1313373,Maltreat,2019,,missing
1314597,Death Parts Us,2022,,missing
1315102,Dildo of the Dead,2018,,missing
1315114,Wenn Krampus Kommt,2018,,missing
1316538,Realm of the Unknown,2022,,missing
1318031,The Last Laugh,1997,,missing
1319618,Wild House,2021,,missing
1319686,Miserable Sinners,2018,,missing
1320004,Obambo,2022,,missing
1320139,Dagon,2017,,missing
1321197,The Possessed,1969,,missing
1321431,Lovely,2022,,missing
1324465,Neuroxica,2019,,missing
1325964,The Man Who Loved Flowers,2018,,missing
1326248,The Man Who Loved Flowers,2021,,missing
1327806,Screature,2021,,missing
1327854,Naked Fury,2017,,missing
1328160,Tapes of Death,2022,,missing
1328679,Vaginal Holocaust,2009,,missing
1328735,The One That Got Away,2015,,missing
1329390,Elmer's Ville,2021,,missing
1329581,The Human Beeing,2002,,missing
1333609,Nona,2021,,missing
1335930,The Jaunt,2008,,missing
1335967,The Man Who Would Not Shake Hands,2009,,missing
1338343,Morning Deliveries,2019,,missing
1339092,Here Comes The Milkman!,2022,,missing
1339492,Popsy,2020,,missing
1340298,Hot Department: Dark Web,2022,,missing
1341718,Video Nasty,2015,,missing
1352454,Hooknasty,2011,,missing
1356745,Radge Land,2018,,missing
1357693,Grimmwood,2018,,missing
1358173,Souloma,2022,,missing
1367617,Night Book,2021,,missing
1369051,Far Beyond the Valley,2022,,missing
1369099,Bowling for Blood,1984,,missing
1369942,A Lighthouse,2022,,missing
1372102,The Hour of the Ox,1985,,missing
1372687,Dracula's Sorority Sisters,2014,,missing
1374493,The Giant Horny Toad Monster,2011,,missing
1375731,The Deranged Daughter of Daphne Dickensen and the Leftovers from Hell,1984,,missing
1375999,Sardines,2010,,missing
1377573,The Retreat,2018,,missing
1378886,30 Minutes or Less,2001,,missing
1379077,"Attack of the Psychedelic Zombies, Man!",2015,,missing
1380210,Rat Boy,2020,,missing
1382259,Gray Matters,2019,,missing
1382363,Halo: The Mona Lisa,2011,,missing
1382946,Anti-Wonderful,2022,,missing
1383100,Does Dracula Really Suck?,1969,,missing
1383632,Grey Matter,2016,,missing
1384145,Psycho Charlie Jr.,1999,,missing
1384623,Knight Beat,1997,,missing
1384653,Wimp,1994,,missing
1384655,Wimp Unleashed,1997,,missing
1386507,Pupil,2019,,missing
1387642,Pumpkinman,1991,,missing
1389295,Daisy,2014,,missing
1390975,Pumpkinman 2,1992,,missing
1390977,Pumpkinman 4: Janet Vs. Pumpkinman,1995,,missing
1390980,Night of the Pumpkinmen,2004,,missing
1391103,A Hallowed Eve,2021,,missing
1393652,I Know What You Did in English Class,2000,,missing
1393798,Dark Trepidation,2018,,missing
1395041,The Screen Behind the Mirror,2009,,missing
1398291,Deadly Tales III,2018,,missing
1398292,Deadly Tales IV,2021,,missing
1398418,Moving In,2013,,missing
1400869,The Christmas Horror Story,2017,,missing
1400879,Lecherous,2019,,missing
1401194,Hellbound Laments,2020,,missing
1401667,Smoke & Mirrors,2016,,missing
1403447,The Black Room,2013,,missing
1403450,Cupcake,2014,,missing
1403461,Circus Sisters,2015,,missing
1403468,Demon Metal Murder V: New Blood,2020,,missing
1406137,The Pencils,2022,,missing
1407884,Housewitch,2015,,missing
1408558,PLAY,2014,,missing
1412210,Unknown Serial Killer,2009,,missing
1413208,Kleptomaniac at the Magic Shop,2021,,missing
1415645,Paradox,2003,,missing
1417478,Janus,2022,,missing
1417698,The Impostor,2022,,missing
1417714,Scars of the Predator,2017,,missing
1422754,The Malicious,2019,,missing
1422993,Fear in the Forest,1993,,missing
1423103,Carts,1987,,missing
1423107,HE!,1988,,missing
1423964,Echoes,2022,,missing
1424059,Thrill Deviates,1966,,missing
1425891,Run for Your Life,2018,,missing
1429438,Mr Sleep,2021,,missing
1430892,Bzzzzzzz,2005,,missing
1433670,I'm Not Crazy,1989,,missing
1433750,Terror in Blood,1990,,missing
1434383,Dark Future,1993,,missing
1434418,Graveyard Shift,1980,,missing
1435401,8 A.M.s,2019,,missing
1435886,Dracula's Guest,1998,,missing
1437763,The Disturber,2015,,missing
1437879,Anzur,2020,,missing
1439404,Eliza's Diary,2012,,missing
1440858,Bible Black: The Movie,2013,,missing
1444573,Barnard T. Ward's Popcorn Bag of Terror,2016,,missing
1444992,The Vegan Vampire,2022,,missing
1450022,Ada,1976,,missing
1453705,Pieta ~Shiawase no Aoi Tori~,2004,,missing
1456918,Home Videos 2,2019,,missing
1465594,"Welcome To The World, Dear Child",2016,,missing
1465700,Fantasia,2011,,missing
1465707,Fantasia 2,2013,,missing
1466333,Eternal Desires,1995,,missing
1467296,"""Midnight Stories 2"" - The Martian",2020,,missing
1468935,Skinwalkers: Witches of Navajo Country,2006,,missing
1472510,Night Surf,2007,,missing
1472939,Crimson Rose,2016,,missing
1474649,The Boogeyman,2012,,missing
1474851,Grey Matter,2021,,missing
1478328,Road Killers,1995,,missing
1478593,The Man Who Loved Flowers,2013,,missing
1478611,The Man Who Loved Flowers,2022,,missing
1479127,"Quitters, Inc",1985,,missing
1480292,Reverse the Punishment,2021,,missing
1480494,Scarefest,2019,,missing
1481520,Inhuman Resources,2022,,missing
1482376,Bleep: A Serial Killer's Dog,2022,,missing
1484387,Canvas 5,2021,,missing
1484731,Blood Stab,2020,,missing
1487079,The Jaunt,2013,,missing
1488691,The Metamorphosis Experiment,2017,,missing
1503384,28 Weeks Later: Light 'Em Up,2007,,missing
1504922,The Painter,2022,,missing
1506061,Simple Procedure,2017,,missing
1508882,Bread Winners,2022,,missing
1509627,The Goatman,2018,,missing
1509630,Goatman,2017,,missing
1510675,Aversion,2022,,missing
1512580,L.T.'s Theory of Pets,2019,,missing
1513607,Haunted Child,2014,,missing
1513650,That Feeling,2022,,missing
1514116,Just Desserts,2018,,missing
1514338,Don't Go on the Trail,2012,,missing
1517372,Blood Drive,2017,,missing
1522620,Abercorn,2021,,missing
1523565,"Devils, Dragons, and Vampires",1999,,missing
1524107,In the Deathroom,2009,,missing
1530079,28 Weeks Later: Rage,2007,,missing
1531265,The Words of the Prophets,2016,,missing
1533564,Bloodrunner Zero 2,2018,,missing
1534627,Whitetail,2020,,missing
1535344,Harvey's Dream,2007,,missing
1539764,The Baphomet Séance,2021,,missing
1542706,The Lost Footage,2018,,missing
1548120,The Itch,2022,,missing
1549629,Restare,2022,,missing
1550335,One Last Trip,2025,,missing
1560608,The Evil Within,1998,,missing
1564582,Good Girl Lola,2020,,missing
1564952,Niflheim: Blood & Bullets,2009,,missing
1566873,Honey Wants Blood,2021,,missing
1567594,The Indestructible,2016,,missing
1567776,The Monkey's Paw,2003,,missing
1569463,Fatal Rejuvenation,2022,,missing
1569933,My Possessed Sister,2018,,missing
1571445,The Scarlet Geisha,2022,,missing
1575007,Undetected,2018,,missing
1577821,The Rise of Shebelby,2021,,missing
1584039,While You Pray,2018,,missing
1592257,Jason Xmas,2014,,missing
1594321,The Call Center from Hell,2021,,missing
1598217,Gemini Home Entertainment,2019,,missing
1602549,Give Her Back,2017,,missing
1609311,Sticky,2013,,missing
1610541,Disturbed,2021,,missing
1611861,Sign,2018,,missing
1618077,Road Kill,2022,,missing
1620244,Halfway,2022,,missing
1622617,The Commandment,2018,,missing
1623822,Charles,2021,,missing
1633044,Snuff: A Director's Cut,2008,,missing
1639090,Hellblade: Senua's Sacrifice,2017,,missing
1642300,Granny Fuckers,2015,,missing
1642472,Out of My Skin,2016,,missing
1643476,Journeys through the Darkzone,1984,,missing
1643848,Gone,2019,,missing
1647961,"Die, Develkok, Die!",2015,,missing
1651123,Eyes Of Randy Prozac,2013,,missing
1656295,Vampire Cult Queens from Hell,1996,,missing
1657567,June,2017,,missing
1659276,Yuggoth,2015,,missing
1660517,Stranger,2015,,missing
1667843,Piracy,2014,,missing
1668068,No Regrets,2016,,missing
1670558,Stay Safe,2020,,missing
1680005,Vigil,2012,,missing
1683298,Dread Count,2022,,missing
1684269,Jane Eyre,2020,,missing
1685293,Run for Your Life,2008,,missing
1687714,Burnt,2020,,missing
1696142,A Drop of Blood,2004,,missing
1700361,Ringu Doorbell,2021,,missing
1700369,Shutter,2019,,missing
1702486,Donor,2020,,missing
1702779,Halloween: Evil Never Dies,2017,,missing
1710019,Illusion?,2004,,missing
1714093,Black Easter,1994,,missing
1717814,A Flesh Offering,2010,,missing
1720656,A Domestic Incident in Boylan Heights,2017,,missing
1721759,"Marimacha, la encarnación",2014,,missing
1722535,Timber Falls,2007,,missing
1732870,Apocalypse Marathon Part 2,2014,,missing
1736222,Cinzar,2026,,missing
1461823,Ancestral Beasts,2026,,missing
284262,Liberty,9999,,missing
507952,Bad Vibes,9999,,missing
508526,Nightmare City,9999,,missing
509667,Before Dawn,9999,,missing
513553,Dark Peak,9999,,missing
515329,Akuma,9999,,missing
545784,12 Midnight,9999,,missing
550446,The Last Train to New York,9999,,missing
566561,Prey,2026,,missing
622707,Jekyll,9999,,missing
666477,Dunwich,9999,,missing
674393,Pure,9999,,missing
700290,Masha's Mushrooms,2027,,missing
725223,Chasing Nightmares,9999,,missing
737736,Red Wedding,9999,,missing
740611,The Haunting in Wicker Park,9999,,missing
770549,All-Nighter,9999,,missing
785763,The Repression,2020,,missing
803779,The Rise,9999,,missing
837506,Twilight of the Dead,9999,,missing
858492,Remnants,2022,,missing
875875,Flesh,9999,,missing
876600,Bad Dreams,2020,,missing
926835,Amityville Ghosts,9999,,missing
939072,BioShock,9999,,missing
950201,Unburied Tales,9999,,missing
986373,Hollow,9999,,missing
989223,The Tunnel,9999,,missing
991041,Do Over,2010,,missing
1047235,Moose Jaws,2025,,missing
1075362,Sacred Vision,9999,,missing
1086907,Lobo,9999,,missing
1094107,Dead by Daylight,9999,,missing
1097190,Haunt 2,9999,,missing
1110707,God Hospital,9999,,missing
1117319,What Happens at Night,9999,,missing
1125063,Self-Portrait,9999,,missing
1134306,Thread: An Insidious Tale,9999,,missing
1140624,Detour 95,2025,,missing
1142388,Post Comedy,2022,,missing
1144087,The Woods,9999,,missing
1145970,The Reunion,9999,,missing
1156989,Valentines Lake,9999,,missing
1157863,The Girls,9999,,missing
1159500,Looking Back,2022,,missing
1162334,Radio Silence,9999,,missing
1162338,Three Dreamers,9999,,missing
1163661,FGA,9999,,missing
1167767,Voyeur,9999,,missing
1189684,Complicated,2022,,missing
1194004,Laugh,9999,,missing
1202094,Sketch,9999,,missing
1205132,Mantis,2022,,missing
1211876,Thanksgiving 2,9999,,missing
1231974,The Consumer,2024,,missing
1236945,Magnum Opus,9999,,missing
1239461,Zombie Hotel,9999,,missing
1243538,Hang,9999,,missing
1249693,American Psycho,9999,,missing
1254477,The Lurker,9999,,missing
1260700,Poohniverse: Monsters Assemble,2027,,missing
1266676,Stricken,9999,,missing
1283193,The Collected,9999,,missing
1283946,Flesh of the Gods,9999,,missing
1287790,Let the Evil Go West,9999,,missing
1292705,Dry Spell,2022,,missing
1298231,Frogman 2,9999,,missing
1312915,Mothers Legacy,2026,,missing
1321150,The Mistwood Incident,9999,,missing
1321883,In a Violent Nature 2,9999,,missing
1339105,Holy Ghost,9999,,missing
1353377,The Mephistophiliac,2026,,missing
1358519,The Commonplace,9999,,missing
1373915,Site Unseen,2026,,missing
1374770,Worlds,9999,,missing
1380088,Brides,9999,,missing
1381299,The History of the La Paloma Theater,9999,,missing
1384202,Hello Neighbor,9999,,missing
1393398,The 3 Killer Pigs,9999,,missing
1403571,Rough Cut,2025,,missing
1405031,How to Survive the Wild,9999,,missing
1429368,All That Is Evil,9999,,missing
1446523,Halloween Store,9999,,missing
1450808,Radio Silent,9999,,missing
1457803,Disquietude,2021,,missing
1469177,FIEND,2025,,missing
1473370,Erie,9999,,missing
1474055,Always & Forever,9999,,missing
1474319,Rapture,9999,,missing
1478348,Carnivotter,9999,,missing
1484294,Vermin,9999,,missing
1486872,Filmgirl,9999,,missing
1492097,Welcome to Paradise,9999,,missing
1496291,Heartsnatcher,9999,,missing
1498218,Stream 2: Sudden Death,9999,,missing
1502997,Wendehorn,2026,,missing
1510652,Aria,9999,,missing
1514571,Inhuma,9999,,missing
1518467,Psyche,9999,,missing
1530111,Disruption,9999,,missing
1532427,Corgis 2,2020,,missing
1533562,Spawn of the Living Dead,9999,,missing
1533563,Organism 46-B The Unseen,9999,,missing
1534061,The Young People,2026,,missing
1535650,What We Buried (PoC),9999,,missing
1538112,Berenice,9999,,missing
1540936,Anything but Ghosts,2027,,missing
1544264,Dark Skulls,9999,,missing
1549856,Tapeface Kills,9999,,missing
1551563,Hostile Architecture,9999,,missing
1552393,Low Midnight,9999,,missing
1558000,Man Baby,2025,,missing
1563362,Basement Dweller,2025,,missing
1564836,Outen The Light,9999,,missing
1568436,Disorderly,9999,,missing
1568561,Immortal Reflections,2024,,missing
1575046,SCREAMWAVE,9999,,missing
1577345,Sound of Silence,9999,,missing
1580812,Sharknado Origins,9999,,missing
1581378,The Ripper Case,9999,,missing
1588809,Amelia,9999,,missing
1591126,Portrait of God,9999,,missing
1597906,In The Earth,9999,,missing
1598241,PandaMonium: Incorporated,9999,,missing
1599392,Godmother,9999,,missing
1601660,The Tide,2024,,missing
1605094,Beliath,2026,,missing
1607698,Babybacks,9999,,missing
1609153,The Flare,9999,,missing
1609858,Werewolf Hunt,2026,,missing
1611583,Deadly Endings,9999,,missing
1611738,Spiral,9999,,missing
1612889,Peer Pressure,9999,,missing
1617213,Crossbow Creek,9999,,missing
1618361,Redwood Diaries,9999,,missing
1619417,The Bigfoot Experiment,9999,,missing
1621025,Floverr,9999,,missing
1623659,Help Me,9999,,missing
1626149,Lost Media,9999,,missing
1629881,The Mold,9999,,missing
1632915,The Mist,9999,,missing
1635455,Onlookers,9999,,missing
1635785,Curse of Lazuzu Doll,9999,,missing
1636200,The Virgins,9999,,missing
1638103,Constantine 2,9999,,missing
1644213,Buried Secrets,2026,,missing
1645620,Maniac Cop,9999,,missing
1646894,Bucharest Horror Show,9999,,missing
1647157,Babyteeth,9999,,missing
1649551,Shiver: Slaying All Night,9999,,missing
1649674,Joshua,9999,,missing
1651347,Minotaur,9999,,missing
1651571,Scarlet Nose,9999,,missing
1662160,Dating Sucks,9999,,missing
1662520,White Elephant,9999,,missing
1662921,(S)kin,9999,,missing
1664580,The Listing,9999,,missing
1664981,STAN,9999,,missing
1669200,The Terrestrial,9999,,missing
1669921,Little One,9999,,missing
1669923,Izzard,9999,,missing
1671305,Accursed,2026,,missing
1677565,Ankle Snatcher,9999,,missing
1680084,Popeye III: Requiem,9999,,missing
1684321,Treaters,9999,,missing
1685470,Follow Mode,9999,,missing
1685533,What I Was Trying to Say,9999,,missing
1686344,Homebody,2026,,missing
1689384,Company,9999,,missing
1690064,Scissors: Chapter 2,9999,,missing
1690174,The Ourobite,2026,,missing
1691128,Airwave,9999,,missing
1691688,Mylar,9999,,missing
1691846,Recorded,2025,,missing
1692825,The Contract,9999,,missing
1692968,Blurred,2026,,missing
1694687,Mimic,9999,,missing
1694727,The Seal,9999,,missing
1695883,The Sundering,2025,,missing
1701395,Drunken Woman,2026,,missing
1703149,The Mummy: Reckoning,9999,,missing
1709334,No Witnesses,9999,,missing
1710225,TAU file_001,9999,,missing
1715334,Caged,9999,,missing
1719153,Stain,9999,,missing
1720156,Ghost Country,2026,,missing
1724422,Siren Head,9999,,missing
1724651,In The Path of Shadows,9999,,missing
1725252,The Mandela Catalogue,9999,,missing
1725746,Snapshot,2026,,missing
1725800,Lore Harbour,9999,,missing
1726009,Hinter,9999,,missing
1726788,The 13th Child,9999,,missing
1729569,Poohniverse 2,9999,,missing
1730130,Deville,9999,,missing
1730882,Sundown,9999,,missing
1731735,Medium Rare,9999,,missing
365348,Normal,2015,0.0,zero
102116,"Paper Rock, Scissors",2011,0.0,zero
28369,Heroes of Horror,2001,,missing
160865,Light Speed,1998,0.0,zero
192153,Isolated,2006,0.0,zero
107738,Possum Walk,2010,0.0,zero
1203509,Terror of the Soul,2024,0.0,zero
27541,Red Lips: Eat the Living,2005,0.0,zero
157418,Haunted Ship,2015,,missing
370208,Heaven and Hell,2010,0.0,zero
445318,Loonies,2014,0.0,zero
1075618,The Passage: A Ghost Story,1992,,missing
255561,Necroland,2020,0.0,zero
336503,The Woods Within,2014,0.0,zero
395456,KillCam: Live,2012,0.0,zero
407687,The Next Door Neighbor,2011,0.0,zero
438943,Road Kill,2014,0.0,zero
451282,The Romance in the Ghost House,1975,0.0,zero
1388302,Craigslist Santa,2024,0.0,zero
1568913,If My Candle Burns Blue,2023,0.0,zero
1571288,Alignment,2025,0.0,zero
1571885,The Canaries,2025,0.0,zero
1571952,Sous Vide,2025,0.0,zero
384994,Zombie College: The 5 Rules of Lab Safety,2013,,missing
730406,Bloodshed And Emeralds,1999,,missing
1302190,Don't Leave the Garage,1982,,missing
1318051,The Tell Tale Heart,1989,,missing
1372003,Nightmare Halloween Special,1976,,missing
1373760,"Devils, Dragons, and Blood-Sucking Bats",2005,,missing
1435888,Vampire Playmates,2001,,missing
326097,Kurt Dirt: The Duke of Puke,2015,,missing
405563,Lord Bateman,2018,,missing
572757,Zed,2018,,missing
893384,Escape the Night,2020,,missing
1383467,Day Six,2015,,missing
1406356,Home Videos,2017,,missing
1530058,Eternal Echo,2027,,missing
1533611,The Revenge of La Llorona,2027,,missing
1611845,Don't Turn Around,2022,,missing
1703554,Old Maid,2026,,missing
27731,B-Witched,2001,0.0,zero
28947,Brinke's Tales of Horror,2007,,missing
29508,Dead Things,2005,0.0,zero
212237,Hell in a Handbag,2013,0.0,zero
276210,Swaha: Life Beyond Superstition,2010,,missing
319365,Talking Skeleton,1961,0.0,zero
319641,Mystery and Terror,1970,0.0,zero
321702,Bride from the Grave,1963,0.0,zero
321713,Grudge,1968,0.0,zero
370133,Deimosimine,2016,0.0,zero
382858,The Baker,2013,,missing
416504,Scrotal Vengeance,2001,,missing
418263,The Vegas Showgirl Strangler,2002,0.0,zero
418567,Valerie,1992,0.0,zero
444955,Perforations,1992,0.0,zero
507582,Scuttlers,2022,0.0,zero
578919,Shriek of the Lycanthrope,1995,0.0,zero
850782,Terror Telly: Chopping Channels,2015,,missing
869618,Pipeline,2007,0.0,zero
936933,The Prince of Darkness,1900,,missing
994551,I’ll Never Be Alive Again,2022,,missing
1007963,Ghost Flight,2021,,missing
1066113,Deeper into the Darkness: The Making of Heartland of Darkness,2022,,missing
1080193,The Calling of the Things Beyond,2019,,missing
1088143,The Vault of Horror: Horror Bites,1992,,missing
1104044,I Spill Your Guts 2,2020,,missing
1147473,The Old God!,2022,,missing
1161097,Biters and Bleeders,2023,0.0,zero
1162479,A Ben Evans Film,2024,0.0,zero
1174423,Prom of the Dead,2022,,missing
1176216,Mostenire,2022,,missing
1224968,How To,2023,0.0,zero
1238091,The Woods,2022,,missing
1249036,Nightmare Halloween Spectacular,1972,,missing
1251416,Zits,9999,,missing
1253503,Lilies,2018,,missing
1255337,The Keys,2022,,missing
1271350,Hellswine 2,2021,,missing
1272814,Fraudulent Conversion,2023,0.0,zero
1287481,Black Ewe,2022,,missing
1297467,The Exorcist: Martyrs,2027,,missing
1297599,Sweet Brother,2023,,missing
1305942,An Archivist's Search for Meaning,9999,,missing
1307632,Wrong Ones,2021,,missing
1313024,The Return of Roland,1985,,missing
1333098,Dead of Night,2001,,missing
1354000,Prayer,2023,,missing
1356296,Resurrection Mary,2002,,missing
1367532,The Terrible Old Man,2001,,missing
1372005,Freaky Black Friday Spook Special,1970,,missing
1373982,Agatha Christie’s The Last Seance,1986,,missing
1375715,Dr. Madblood's Halloween Film Festival,1986,,missing
1375716,Dr. Madblood's Halloween Howl,1984,,missing
1375718,Dr. Madblood's Halloween,1994,,missing
1375720,Doctor Madblood's Halloween Horror Express,2007,,missing
1375722,Doctor Madblood's Haunted Halloween,2009,,missing
1421804,Rebeccah's Statement,2018,,missing
1430327,Bad Deal,2019,,missing
1430640,Don't Skimp on the Undead,2016,,missing
1479143,The Gifted,1989,,missing
1480271,The Unlucky,9999,,missing
1505092,Sock Monster,2017,,missing
1511801,Gaggle,2021,,missing
1512385,Powerless,2019,,missing
1540310,ScareBNB,9999,,missing
1551697,Sundowning,9999,,missing
1570504,Claws,9999,,missing
1571876,Run Over,2025,0.0,zero
1572067,Pluto's Outbreak,9999,,missing
1572582,Invader,9999,,missing
1582437,Wuthering Heights: The House of the Damned,9999,,missing
1584267,G.M.O.,2015,,missing
1585763,Meet the Eye,2009,,missing
1624000,Dead Ink,2010,,missing
1632189,Blood Rush,9999,,missing
1632290,Ascendant,9999,,missing
1634860,Izzi,9999,,missing
1636838,Sonny Lovejoy,9999,,missing
1641832,"Goodbye, Monster",9999,,missing
1647494,Jason vs Pennywise,2019,,missing
1656228,Tammy's Slumber Party,2004,,missing
1659063,Carter's Glass,2017,,missing
1683150,Inside Chopped,9999,,missing
1689617,Bolted,9999,,missing
1700567,Burrow,2026,,missing
1703553,The Tahquitz Myth,2026,,missing
1705872,Toe Tags,2026,,missing
1724881,Ghost Written,9999,,missing
1727906,Backrooms Bigfoot,2026,,missing
1244523,Beware Boiúna,2026,,missing
1423577,Gremlins 3,2027,,missing
418404,Evil Dark,2014,0.0,zero
1428221,Untitled Beetlejuice 3,9999,,missing
1529259,The Flood,2028,,missing
416281,The Alien Within,1990,0.0,zero
407323,The Shrieking,2008,0.0,zero
398473,Alienography,2017,,missing
223050,Zombie Girl Diary,2013,0.0,zero
372579,Watch This,2013,0.0,zero
57827,Static Blood,2011,0.0,zero
354328,Run,2015,0.0,zero
1383830,The Night Butcher Volume 2: A Bloody Honeymoon,2023,0.0,zero
405057,Y2K: Shutdown Detected,1999,0.0,zero
1314739,Benediction,2022,,missing
1367384,Blind,2022,,missing
1430326,Nachay Nagin,1987,,missing
1413003,Lunch Break,2013,,missing
