old_id,title,original_title,year,runtime,stored_path,status,new_kind,new_id,new_title,new_year,new_poster_path,new_url,candidates_n,in_corpus_already,note
22616,"Night of the Day of the Dawn of the Son of the Bride of the Return of the Revenge of the Terror of the Attack of the Evil, Mutant, Alien, Flesh Eating, Hellbound, Zombified Living Dead Part 2","Night of the Day of the Dawn of the Son of the Bride of the Return of the Revenge of the Terror of the Attack of the Evil, Mutant, Alien, Flesh Eating, Hellbound, Zombified Living Dead Part 2",1991,96,/31tmRWVLk1hEq3TLAH2Uq8XtkG2.jpg,miss,,,,,,,0,,raw_movie=0 raw_tv=0 exact_m=0 exact_t=0 year_filtered=0
42903,Category 7: The End of the World,Category 7: The End of the World,2005,169,/693K3kRSscqdv48ML0BT4rFFByv.jpg,medium,tv,126193,Category 7: The End of the World,2005,/gO3r0F7FcekhA3sGVBkMb3mItxQ.jpg,https://www.themoviedb.org/tv/126193,1,0,tv_year_exact
101611,Left 4 Dead - The Movie,Left 4 Dead - The Movie,2016,50,/9YghKgo1JNQQ2AsXzEothWKbDx6.jpg,medium,movie,1733132,Left 4 Dead: The Movie,2016,/8lZtaw6hxJ5LJFYJh7JJ6aUK0al.jpg,https://www.themoviedb.org/movie/1733132,1,1,year_exact;new_id_already_in_corpus
103970,Feeding Frenzy,Feeding Frenzy,2010,87,/1YgknPRTuTo5M7tEaIhRwQ75dmw.jpg,high,movie,1504830,Feeding Frenzy,2010,/mpdkmHIQM4IsrjcqLkZiKenTEnB.jpg,https://www.themoviedb.org/movie/1504830,1,0,year_exact
164337,Apaches,Apaches,1977,28,/1gAZzC0YtsWQqwAgBaxqcDIZld1.jpg,ambig,,,,,,,2,,"movie:1732079,tv:19850"
190250,ABE,ABE,2013,8,/eX5RExVtLwhjFo1Ze7ioxw2oeKl.jpg,medium,movie,1478317,Abe,2013,/b31JsF9UcbEhbgCMCKfNnfBYgh2.jpg,https://www.themoviedb.org/movie/1478317,1,1,year_exact;new_id_already_in_corpus
214714,Don't,Don't,2007,2,/vnIuXqa2Mv3DZQCNjPs4Xo30q18.jpg,miss,,,,,,,0,,raw_movie=40 raw_tv=25 exact_m=0 exact_t=1 year_filtered=0
266360,Sticks and Stones: An Exploration of the Blair Witch Legend,Sticks and Stones: An Exploration of the Blair Witch Legend,1999,30,/mPvAdDNtGEtAXa0I5i50gvPAPog.jpg,miss,,,,,,,0,,raw_movie=1 raw_tv=0 exact_m=0 exact_t=0 year_filtered=0
270176,Go To Hell,Go To Hell,1999,90,/Au2Z8u77zzFrlSWoOoBtCdnrzgw.jpg,medium,movie,1560072,Go to Hell,1999,,https://www.themoviedb.org/movie/1560072,1,1,year_exact;no_poster;new_id_already_in_corpus
283548,Max Headroom Pirating Incident,Max Headroom Pirating Incident,1987,2,/cq6OUj4pIHGn8QLfhz7qqXDINSj.jpg,medium,movie,1354756,Max Headroom Pirating Incident,1987,/yJ6jxAJw0YMznanqwzL3CMNUjdl.jpg,https://www.themoviedb.org/movie/1354756,1,1,year_exact;new_id_already_in_corpus
305159,City of Lust,City of Lust,2014,,/zUk82ojsGh3NlfHT1Yk24d5qitc.jpg,miss,,,,,,,0,,raw_movie=3 raw_tv=0 exact_m=0 exact_t=0 year_filtered=0
305967,Cam Closer,Cam Closer,2013,3,/y2L3oZjgsBxDLF4d61T5km91bOV.jpg,miss,,,,,,,0,,raw_movie=0 raw_tv=0 exact_m=0 exact_t=0 year_filtered=0
337937,Master of Horror,Master of Horror,1965,61,/poXEUrLJuRhQ7LTLmOrManqfO4w.jpg,medium,movie,1486952,Master of Horror,1965,/pK6aCcQnCjFBuJMBtPbT44v2ZOd.jpg,https://www.themoviedb.org/movie/1486952,1,1,year_exact;new_id_already_in_corpus
341218,Legend of Horror,Legend of Horror,1972,75,/8R59aLeRGWrC0TVSSglHCEY2vbt.jpg,medium,movie,1458329,Legend of Horror,1971,/69jRdOZE6AN2DDAXRLa4VOz4Iop.jpg,https://www.themoviedb.org/movie/1458329,1,0,year_pm1
368698,Super Brainy Zombies,Super Brainy Zombies,2014,22,/jyBRH3xU30Ik7LcNNtqPVPrINxO.jpg,medium,movie,1656314,Super Brainy Zombies,2014,/4Stwian0ggtpag1EQ6u4RHLjY6B.jpg,https://www.themoviedb.org/movie/1656314,1,1,year_exact;new_id_already_in_corpus
373929,Touch of Evil,Touch of Evil,2011,12,/d1v5iJsEBQpu3KfOfr17n4olDOj.jpg,miss,,,,,,,0,,raw_movie=8 raw_tv=0 exact_m=2 exact_t=0 year_filtered=0
380721,See You Soon,See You Soon,2014,1,/6k3wZxWn0YzV98u7iz82DjhHOMh.jpg,ambig,,,,,,,4,,"movie:1376589,movie:1210562,movie:1479089,movie:1712119"
381294,Attic Panic,Attic Panic,2015,3,/q2ezwQtYXgod9pztrVJAQndbcF9.jpg,miss,,,,,,,0,,raw_movie=1 raw_tv=0 exact_m=0 exact_t=0 year_filtered=0
381419,Coffer,Coffer,2014,3,/bdlU1fNwfSJoIgw9uI79S2s30S5.jpg,miss,,,,,,,0,,raw_movie=1 raw_tv=0 exact_m=0 exact_t=0 year_filtered=0
382476,Demonator 4,Demonator 4,2015,81,/whxoixrT1doKKzyRWjMBNAm6Ku8.jpg,miss,,,,,,,0,,raw_movie=0 raw_tv=0 exact_m=0 exact_t=0 year_filtered=0
394939,Frankenstein Stalks,Frankenstein Stalks,2000,124,/qwFk01vfSv9HgCRSsZLhQUJYIIi.jpg,miss,,,,,,,0,,raw_movie=0 raw_tv=0 exact_m=0 exact_t=0 year_filtered=0
415945,Cartoon Horrors!,Cartoon Horrors!,2016,7,/5LNRr2N3dJeAUH6qUKov8loWzad.jpg,miss,,,,,,,0,,raw_movie=0 raw_tv=0 exact_m=0 exact_t=0 year_filtered=0
456913,Clean Colored Wire,Clean Colored Wire,2017,10,/j9u5vv2jA4ssFtb3rRxzZt1sS8x.jpg,miss,,,,,,,0,,raw_movie=0 raw_tv=0 exact_m=0 exact_t=0 year_filtered=0
457491,Alien: Covenant - Prologue: The Crossing,Alien: Covenant - Prologue: The Crossing,2017,3,/v3FHoZB5ExWuILuV3Fy00XRuoqD.jpg,miss,,,,,,,0,,raw_movie=0 raw_tv=0 exact_m=0 exact_t=0 year_filtered=0
458092,Nosferatu: The First Vampire,Nosferatu: The First Vampire,1998,70,/hMcYUZJwZuCuTAYUTU8fimO8GBq.jpg,miss,,,,,,,0,,raw_movie=0 raw_tv=0 exact_m=0 exact_t=0 year_filtered=0
461059,Reel,Reel,2015,79,/zBsH806dgwnQMBYj2lvI7vsRNHY.jpg,medium,movie,1626129,Reel,2015,/iX0b2bzVFpwHzooM0IFQfvHOG94.jpg,https://www.themoviedb.org/movie/1626129,1,1,year_exact;new_id_already_in_corpus
463543,Fear of Silent Hill,Fear of Silent Hill,2016,48,/6l9OjLzEpGabtKQAHJXzRfMvLwL.jpg,miss,,,,,,,0,,raw_movie=0 raw_tv=0 exact_m=0 exact_t=0 year_filtered=0
465469,Tell Gordon Hello,Tell Gordon Hello,2010,11,/okphiPXDIAdwmmsMKLv9gMUM93d.jpg,miss,,,,,,,0,,raw_movie=0 raw_tv=0 exact_m=0 exact_t=0 year_filtered=0
465480,Media Studies,Media Studies,2017,71,/8riOna4GK6P8KE6wkGapBoteG4E.jpg,miss,,,,,,,0,,raw_movie=1 raw_tv=0 exact_m=0 exact_t=0 year_filtered=0
471666,Resident Evil: Keeper's Diary,Resident Evil: Keeper's Diary,2014,6,/mpTnZbKRdNMfzXAsYx37jQAvz94.jpg,miss,,,,,,,0,,raw_movie=0 raw_tv=0 exact_m=0 exact_t=0 year_filtered=0
475305,Auditorium 6,Auditorium 6,2017,35,/tlsmwK8Jzdrp0UaBT9CCocchrVA.jpg,high,movie,1730871,Auditorium 6,2017,/hOXcl4dyV8gSzYoFN91HY4vj1ou.jpg,https://www.themoviedb.org/movie/1730871,1,0,year_exact
478975,Dracula: Bloodline,Dracula: Bloodline,2015,,/kTOJ6DfdwA9wdDh6twug7Nzwav.jpg,miss,,,,,,,0,,raw_movie=3 raw_tv=0 exact_m=0 exact_t=0 year_filtered=0
480913,Alien: Covenant - Prologue: Advent,Alien: Covenant - Prologue: Advent,2017,7,/mx9O6dEfOzFn4KDmFnQP3G2Eq9K.jpg,miss,,,,,,,0,,raw_movie=0 raw_tv=0 exact_m=0 exact_t=0 year_filtered=0
481195,Dementia,Dementia,2014,5,/d2yMUGj8VhC1x5hIK621xNjX9T.jpg,high,movie,298389,Dementia,2014,/44cf37sdiLiJTvTjevtOhzazmD2.jpg,https://www.themoviedb.org/movie/298389,1,0,year_exact
481218,Friday the 13th: Legacy,Friday the 13th: Legacy,2017,20,/19IrvOnyK0pcIcE662nu0WMPA7Z.jpg,miss,,,,,,,0,,raw_movie=0 raw_tv=0 exact_m=0 exact_t=0 year_filtered=0
487248,Gray Children: The Story of Mary Clive Cracker,Gray Children: The Story of Mary Clive Cracker,2016,21,/mDI4SDDY22ta3hWYh9LQXNdFmhx.jpg,miss,,,,,,,0,,raw_movie=0 raw_tv=0 exact_m=0 exact_t=0 year_filtered=0
491366,Great Performers: Horror Show,Great Performers: Horror Show,2017,10,/rxfHDxt4FgIU2W2NXrZXqNqxT7j.jpg,miss,,,,,,,0,,raw_movie=0 raw_tv=0 exact_m=0 exact_t=0 year_filtered=0
496286,The Shape,The Shape,2017,11,/3AJHSOszX0oNlYWfuJA5Ei9r0X0.jpg,miss,,,,,,,0,,raw_movie=23 raw_tv=22 exact_m=5 exact_t=0 year_filtered=0
498775,The Warby Range Massacre,The Warby Range Massacre,2017,25,/2NwQy0ynB8ToKdCAv2sKUzw4PHP.jpg,miss,,,,,,,0,,raw_movie=0 raw_tv=0 exact_m=0 exact_t=0 year_filtered=0
499978,SNAP,SNAP,2015,5,/h9vvb2b1Glf6y9uSWkikRV2upDB.jpg,high,movie,368585,Snap,2015,/tiGf9urXHqJ7msPT12V6g4oeuOe.jpg,https://www.themoviedb.org/movie/368585,1,0,year_exact
502030,Beau,Beau,2011,7,/og9dd7c4OmlJhscBLrEAPsJSIMN.jpg,low,movie,1261165,Beau,,,https://www.themoviedb.org/movie/1261165,1,0,year_no_new_year;no_poster
504175,Chucky's Vacation Slides,Chucky's Vacation Slides,2005,3,/jY94G1fgaHkejIQW22XMoGE5mkA.jpg,miss,,,,,,,0,,raw_movie=1 raw_tv=0 exact_m=0 exact_t=0 year_filtered=0
504213,Halloween Lurking,Halloween Lurking,2009,,/czbCXqWjZzYtdQKrK6hn2T0ObZ4.jpg,miss,,,,,,,0,,raw_movie=0 raw_tv=0 exact_m=0 exact_t=0 year_filtered=0
505378,Twinpool,Twinpool,2018,13,/nUViWNjXn2QcSDUTT4bw9DV6BXO.jpg,miss,,,,,,,0,,raw_movie=0 raw_tv=0 exact_m=0 exact_t=0 year_filtered=0
505429,Troy Loxton's Father,Troy Loxton's Father,2017,71,/sdehHQ3xLgYZ43OR6LdaOOBuWGd.jpg,miss,,,,,,,0,,raw_movie=0 raw_tv=0 exact_m=0 exact_t=0 year_filtered=0
509679,Payne & Redemption,Payne & Redemption,2022,120,/npkHrKSkySeWtzw326gOKJEc4f6.jpg,miss,,,,,,,0,,raw_movie=0 raw_tv=0 exact_m=0 exact_t=0 year_filtered=0
520795,Friday the 13th: No Man's Land,Friday the 13th: No Man's Land,2010,52,/cYfLmeGdE0bB7NuauM3ayplvBXx.jpg,miss,,,,,,,0,,raw_movie=0 raw_tv=0 exact_m=0 exact_t=0 year_filtered=0
521040,One for the Road,One for the Road,2021,15,/l1mPwFFVNqAJWMVyjcHUJ1hN9Hw.jpg,ambig,,,,,,,2,,"movie:854160,movie:1060614"
521558,No More Souls,No More Souls,2005,6,/djHUYosRIodjoP50ZluPkY6bkIb.jpg,miss,,,,,,,0,,raw_movie=0 raw_tv=0 exact_m=0 exact_t=0 year_filtered=0
526578,Uberzombiefrau,Uberzombiefrau,2018,113,/6pdkjmUSOiM3NBorbCQGwabrLpO.jpg,miss,,,,,,,0,,raw_movie=0 raw_tv=0 exact_m=0 exact_t=0 year_filtered=0
533291,Vampire Woman,Vampire Woman,1996,278,/5Smuundj7VrkaIECBrleYFvre29.jpg,miss,,,,,,,0,,raw_movie=5 raw_tv=0 exact_m=1 exact_t=0 year_filtered=0
533294,Miss Werewolf,Miss Werewolf,2001,,/6VxhOaWHTnmRKUVvsnFqdkjp72g.jpg,miss,,,,,,,0,,raw_movie=0 raw_tv=0 exact_m=0 exact_t=0 year_filtered=0
537560,The Last of Us - No Escape,The Last of Us - No Escape,2017,14,/7cfbTwXFriY8vjH6zQg0O8ZgkFR.jpg,high,movie,1686705,The Last of Us - No Escape,2017,/vZZchEVkyT5gNB7d5w3awQPKWQF.jpg,https://www.themoviedb.org/movie/1686705,1,0,year_exact
538208,The Devil Ant,The Devil Ant,1999,201,/xYSX1yVAwgbOY2UUkmxaNIWKX8h.jpg,medium,movie,1243805,The Devil Ant,1999,/efs0hc4Dc703ZB1lK4v1Amopj1T.jpg,https://www.themoviedb.org/movie/1243805,1,1,year_exact;new_id_already_in_corpus
542020,RUN,RUN,2018,3,/29VF5VpjsJwPflRlZ9Jy8WU7r93.jpg,ambig,,,,,,,6,,"movie:535120,movie:1126440,movie:787590,movie:842185,movie:601507"
547146,Ghostface,Ghostface,2018,20,/rOX0qc4NzLCzDVm6OL711iV7lnT.jpg,low,movie,1651806,Ghostface,,/iKVJG1Xd2R70sx6aHL0QZz0s3vk.jpg,https://www.themoviedb.org/movie/1651806,1,0,year_no_new_year
551233,Attack of the Gnome,Attack of the Gnome,2009,7,/2bnbDx5112s654bdel2dtiAA1iP.jpg,miss,,,,,,,0,,raw_movie=0 raw_tv=0 exact_m=0 exact_t=0 year_filtered=0
552168,Perturbation,Perturbation,2018,5,/aZN2ixvwO2WbC7XIdUeTNJ7lnBX.jpg,miss,,,,,,,0,,raw_movie=4 raw_tv=0 exact_m=1 exact_t=0 year_filtered=0
564051,T is for Temptation,T is for Temptation,2011,4,/v04bvTfpaY1s8mXPU6hnS5RvJHc.jpg,miss,,,,,,,0,,raw_movie=0 raw_tv=0 exact_m=0 exact_t=0 year_filtered=0
564390,Vampire Hooker Hotel,Vampire Hooker Hotel,2018,3,/oeSok8OHeOuBQE6DF2ePV4WyxSt.jpg,miss,,,,,,,0,,raw_movie=0 raw_tv=0 exact_m=0 exact_t=0 year_filtered=0
566095,Leather Crusade,Leather Crusade,2018,13,/iNujKZom4VK9UopfsQUbr9UkjHH.jpg,miss,,,,,,,0,,raw_movie=0 raw_tv=0 exact_m=0 exact_t=0 year_filtered=0
566325,Terrified Woman,Terrified Woman,2014,1,/6BRWFxvU3RSfQGK4X7wFaTGZkwI.jpg,miss,,,,,,,0,,raw_movie=0 raw_tv=0 exact_m=0 exact_t=0 year_filtered=0
567962,Sandman: 24 Hour Diner,Sandman: 24 Hour Diner,2017,34,/2kh55G8jPnRvyGmfYouOkRQGLrG.jpg,miss,,,,,,,0,,raw_movie=0 raw_tv=0 exact_m=0 exact_t=0 year_filtered=0
569965,"Silent Night, Deadly Night 6: Santa's Watching","Silent Night, Deadly Night 6: Santa's Watching",2010,38,/ypYf3vLOFNWb4qXtss7vbHRz9Q9.jpg,miss,,,,,,,0,,raw_movie=0 raw_tv=0 exact_m=0 exact_t=0 year_filtered=0
571817,The Pretty Thing,The Pretty Thing,2018,5,/yYgETDFpmdEDk5keH8eOtW4fz1w.jpg,miss,,,,,,,0,,raw_movie=5 raw_tv=1 exact_m=1 exact_t=0 year_filtered=0
571821,Jaime,Jaime,2018,5,/nlrfZ0d1eMEaRkiJ8q2vRDOWrsb.jpg,miss,,,,,,,0,,raw_movie=22 raw_tv=8 exact_m=3 exact_t=0 year_filtered=0
572023,Tap,Tap,2017,3,/kOECLtlIjlqtVyEkaRn0gP8tf2.jpg,ambig,,,,,,,2,,"movie:532722,movie:636186"
581232,Bagman,Bagman,2019,100,/or98ileNUuzLs6jb2lx9C66qHGs.jpg,ambig,,,,,,,3,,"movie:851842,movie:1726343,tv:87870"
590033,r/askreddit,r/askreddit,2019,13,/5Gz7kh8Bu63mcOVzPTH5MgT9nkS.jpg,miss,,,,,,,0,,raw_movie=0 raw_tv=0 exact_m=0 exact_t=0 year_filtered=0
596725,Oldtowne,Oldtowne,2019,,/fEzfLAUawzzzukcpBd6diBD0oP5.jpg,miss,,,,,,,0,,raw_movie=0 raw_tv=0 exact_m=0 exact_t=0 year_filtered=0
601406,Nefarious,Nefarious,2015,5,/ycMnmSpk2I8WKIpwXazVBopLdES.jpg,low,movie,1647539,Nefarious,,,https://www.themoviedb.org/movie/1647539,1,0,year_no_new_year;no_poster
604654,Uncertain Doom,Uncertain Doom,2020,,/ge0OQ2RxudTa1wCA7xwPnkQ6cXo.jpg,miss,,,,,,,0,,raw_movie=0 raw_tv=0 exact_m=0 exact_t=0 year_filtered=0
607137,Momo,Momo,2019,7,/fSGtxNn4OMO9yfzfPr5urmeA76S.jpg,miss,,,,,,,0,,raw_movie=40 raw_tv=20 exact_m=10 exact_t=1 year_filtered=0
610243,CSBSB (a Cat Sick Blues fan film),CSBSB (a Cat Sick Blues fan film),2019,13,/3DeOtzoEpH7JfB1de51Gf4Q4hVV.jpg,miss,,,,,,,0,,raw_movie=0 raw_tv=0 exact_m=0 exact_t=0 year_filtered=0
611804,A Two-Faced Charade: The Story Revealed,A Two-Faced Charade: The Story Revealed,2015,27,/xr3jISGM5iO7MEO3221tkvT1RcA.jpg,miss,,,,,,,0,,raw_movie=0 raw_tv=0 exact_m=0 exact_t=0 year_filtered=0
613816,The Nest,The Nest,2018,5,/2wr7o8kfDVdNMeHgjytoOoRaKWi.jpg,ambig,,,,,,,3,,"movie:1318114,movie:568968,tv:7471"
617778,Night Out,Night Out,2019,,/n7ceT0f7gS6bC6J6u1TuTXh7hOD.jpg,ambig,,,,,,,2,,"movie:1282831,movie:705648"
619016,Will I Make It Through the Night,Will I Make It Through the Night,2019,13,/lN5uibQ22SkVs8I6EkkecyhODXi.jpg,miss,,,,,,,0,,raw_movie=0 raw_tv=0 exact_m=0 exact_t=0 year_filtered=0
619416,Werewolf Women of the S.S.,Werewolf Women of the S.S.,2007,2,/7dq1tUpHq027f484jxjI5Q6IcZe.jpg,miss,,,,,,,0,,raw_movie=0 raw_tv=0 exact_m=0 exact_t=0 year_filtered=0
628228,Hello,Hello,2019,8,/80GiQ5EaNh1g3Soe1DPZqYnSx44.jpg,ambig,,,,,,,3,,"movie:620030,movie:751112,movie:746290"
630979,Wat te doen bij een calamiteit?,Wat te doen bij een calamiteit?,2019,4,/lFIjBNNGtBZon3dsWcXr8MTwFvC.jpg,miss,,,,,,,0,,raw_movie=0 raw_tv=0 exact_m=0 exact_t=0 year_filtered=0
632544,There Comes a Knocking,There Comes a Knocking,2019,9,/mrrPK6OvNResUn4lori2XepxYnW.jpg,miss,,,,,,,0,,raw_movie=0 raw_tv=0 exact_m=0 exact_t=0 year_filtered=0
633365,SCP: Dollhouse,SCP: Dollhouse,2019,17,/2dcJrmXi05hKb6fE3ECrKqLDwpq.jpg,medium,movie,1145327,SCP: Dollhouse,2019,/yUyaicdBHA6VjspGM9gk8Cc1zAJ.jpg,https://www.themoviedb.org/movie/1145327,1,1,year_exact;new_id_already_in_corpus
636893,Black Easter,Black Easter,1994,,/5PFGAiMfSegWCbWxvkeXkAHSAm4.jpg,medium,movie,1714093,Black Easter,1994,/7j1L44kOnlAqoPUXWgDSnKDYjRU.jpg,https://www.themoviedb.org/movie/1714093,1,1,year_exact;new_id_already_in_corpus
643392,Your face.,Your face.,2019,7,/adtKojDp1vaFA199HNWLtEAcOxx.jpg,medium,movie,537973,Your Face,2018,/jQxEgyK4n4WojUTq7D0UHNJRyMw.jpg,https://www.themoviedb.org/movie/537973,1,0,year_pm1
643758,Little VVomen,Little VVomen,2019,3,/dX9i6Dc6LlKUhQADFyesOJTat3u.jpg,miss,,,,,,,0,,raw_movie=0 raw_tv=0 exact_m=0 exact_t=0 year_filtered=0
649179,Not For Distribution,Not For Distribution,2019,5,/mJugDX3QTMIpFHhR5j9dNoWC7YN.jpg,miss,,,,,,,0,,raw_movie=0 raw_tv=0 exact_m=0 exact_t=0 year_filtered=0
650248,Nycto,Nycto,2019,4,/jL4M4Vj2bBGqYos6OEcw1p0CQvr.jpg,miss,,,,,,,0,,raw_movie=5 raw_tv=1 exact_m=0 exact_t=0 year_filtered=0
652255,Projection,Projection,2020,28,/w51BRQk4spMYzyjK1XSaqdHCvWU.jpg,medium,movie,688481,Projection,2020,,https://www.themoviedb.org/movie/688481,1,0,year_exact;no_poster
654546,The Hunty: A Horror Short Film,The Hunty: A Horror Short Film,2017,5,/pDdNrNPrtIuXDDF6asbXpscTuDj.jpg,miss,,,,,,,0,,raw_movie=0 raw_tv=0 exact_m=0 exact_t=0 year_filtered=0
654765,SantaClaus: A Horror Story,SantaClaus: A Horror Story,2016,125,/vUlOpzTA3EG57JxQC01ciJhxxkp.jpg,miss,,,,,,,0,,raw_movie=2 raw_tv=0 exact_m=0 exact_t=0 year_filtered=0
656039,Santa,Santa,2019,7,/myro7lCUmWR5wnJACAudIHNK8L.jpg,medium,movie,669206,Santa,2019,,https://www.themoviedb.org/movie/669206,1,0,year_exact;no_poster
661359,Night Call,Night Call,1964,25,/1SkJK7nPXx14rPZaaeNNURtZcWJ.jpg,miss,,,,,,,0,,raw_movie=20 raw_tv=6 exact_m=7 exact_t=0 year_filtered=0
664679,11:05,11:05,2019,8,/nSGX2eZFi6NTvkdLj9qisCj8E8d.jpg,miss,,,,,,,0,,raw_movie=11 raw_tv=1 exact_m=0 exact_t=0 year_filtered=0
664681,Seagrass,Seagrass,2019,3,/kvkarx4dqNLBZsE0lT2wAxkLX7c.jpg,medium,movie,1254225,Seagrass,2019,/Q6xxZzDwBYMWBKNDpTK99FO4bS.jpg,https://www.themoviedb.org/movie/1254225,1,1,year_exact;new_id_already_in_corpus
664689,Box Cutter,Box Cutter,2020,11,/a4ennprauxVbHL6WOrJScKXEsMW.jpg,medium,movie,954771,Box Cutter,2021,/1k2KwPpQ1tEvPTf6fdA3Ec1mdkU.jpg,https://www.themoviedb.org/movie/954771,1,1,year_pm1;new_id_already_in_corpus
672114,Gremlins: Recall,Gremlins: Recall,2017,11,/lUJJPAsSZsRUtbXmUb1t5wloCFz.jpg,medium,movie,1569299,Gremlins: Recall,2017,/yjLOqk1qavXGfoxupFhFEXHSJUD.jpg,https://www.themoviedb.org/movie/1569299,1,1,year_exact;new_id_already_in_corpus
675522,Murder Death Koreatown,Murder Death Koreatown,2020,80,/t24YXpu5XIh7Zbb8B43LE3ENMf6.jpg,medium,movie,1433354,Murder Death Koreatown,2020,/4grVbgu3DRUrHsmSkclZcQsAaAe.jpg,https://www.themoviedb.org/movie/1433354,1,1,year_exact;new_id_already_in_corpus
676292,Smile Guide 2 - How To Make From  Paper,Poradnik Uśmiechu 2: Jak zrobić z papieru,2014,6,/ddd6ZcRsSnNa43eC4NC72bDCS8i.jpg,miss,,,,,,,0,,raw_movie=0 raw_tv=0 exact_m=0 exact_t=0 year_filtered=0
678844,MANT!,MANT!,1993,16,/4vKAMoCLoquZejHtfAbamNTxgn0.jpg,miss,,,,,,,0,,raw_movie=1 raw_tv=0 exact_m=0 exact_t=0 year_filtered=0
680379,CLAPTRAP,CLAPTRAP,2020,,/6p0FRUL3gcn4iJSn5GRJO4o0hEt.jpg,miss,,,,,,,0,,raw_movie=1 raw_tv=0 exact_m=1 exact_t=0 year_filtered=0
680522,Silent Madness,Silent Madness,2019,6,/1FCq61ssQy8suwr5xRqnF6Olo03.jpg,medium,movie,1185089,SILENT MADNESS,2020,/rqLFUAt454TX15NW5yCjMlshS19.jpg,https://www.themoviedb.org/movie/1185089,1,0,year_pm1
682810,SCP-096,SCP-096,2020,24,/7AHq6d7hw56VRRWwwwBbaQbKHXB.jpg,miss,,,,,,,0,,raw_movie=0 raw_tv=0 exact_m=0 exact_t=0 year_filtered=0
683803,Reel 2,Reel 2,2020,104,/yK9NNDfr5EekgGQ2KqY06Kp5JCI.jpg,medium,movie,1626151,Reel 2,2020,/7v8YBM5DgzRKjXiaxK8eBRazFSg.jpg,https://www.themoviedb.org/movie/1626151,1,1,year_exact;new_id_already_in_corpus
687037,Family Man,Family Man,2008,42,/4pjiN2Ow2hSKFNYnb3IOzo02tZ6.jpg,ambig,,,,,,,3,,"movie:1649766,tv:59584,tv:32862"
687281,In Sickness and in Health,In Sickness and in Health,2008,42,/61u0ZEhKR7QsgbRVsMCahKICJVT.jpg,medium,movie,1201757,In Sickness and in Health,2008,/8zQq0SMUC0nLTXY5iil0Z6nuTXq.jpg,https://www.themoviedb.org/movie/1201757,1,1,year_exact;new_id_already_in_corpus
689040,Shadowed,Shadowed,2020,3,/yL3U5GjQp88o9Mli7SrLjSrTbtX.jpg,miss,,,,,,,0,,raw_movie=10 raw_tv=1 exact_m=2 exact_t=0 year_filtered=0
690178,Good Enough: Making Shadowed,Good Enough: Making Shadowed,2020,18,/3mnANdajUWq5aGCfJy4cvSCJcqz.jpg,miss,,,,,,,0,,raw_movie=0 raw_tv=0 exact_m=0 exact_t=0 year_filtered=0
692079,First Kiss,First Kiss,2018,6,/aMqbbHDd8E6xZ3BV557xIWcfOnX.jpg,ambig,,,,,,,3,,"movie:538366,movie:1193240,tv:197633"
693670,The Spooky Pumpkin,The Spooky Pumpkin,2020,53,/68kNXXVMlzaVn62dqOiG1JiDWdO.jpg,miss,,,,,,,0,,raw_movie=1 raw_tv=0 exact_m=0 exact_t=0 year_filtered=0
698643,Trees,Trees,2020,1,/muwovGUjfFeuwTWkwBSmQngTyi2.jpg,high,movie,768698,Trees,2020,/zwKZuNjDpvgOHgUReMlkcmhMRob.jpg,https://www.themoviedb.org/movie/768698,1,0,year_exact
698649,Trees: A Tale of Two Trees and a Swing,Trees: A Tale of Two Trees and a Swing,2020,1,/muwovGUjfFeuwTWkwBSmQngTyi2.jpg,miss,,,,,,,0,,raw_movie=0 raw_tv=0 exact_m=0 exact_t=0 year_filtered=0
702196,Incident Report,Incident Report,2017,11,/3Pi147acHPvdyoHthebkKIqZLT1.jpg,low,movie,1703920,The Incident Report,,/9sHYUcJyCIJy042hnajJkSKB6jb.jpg,https://www.themoviedb.org/movie/1703920,1,0,year_no_new_year
703351,Teyolía,Teyolía,2020,3,/w915OrfbLkj2JGh4nqsbCmA4lxj.jpg,miss,,,,,,,0,,raw_movie=0 raw_tv=0 exact_m=0 exact_t=0 year_filtered=0
704336,Final Destination,Final Destination,2019,3,/ulzuOhbNkQXResHJKUvC80T8zvx.jpg,miss,,,,,,,0,,raw_movie=20 raw_tv=1 exact_m=2 exact_t=1 year_filtered=0
704422,Closet,Closet,2020,6,/s1aOARqQ2uJEOmuy4tWXLSq42yV.jpg,ambig,,,,,,,3,,"movie:571625,movie:740692,movie:659577"
705354,Not Alone in Here,Not Alone in Here,2020,6,/z22G7r7mFnueVKt8G70wSNQ2WgC.jpg,ambig,,,,,,,2,,"movie:1247420,movie:1225451"
706565,Ripper,Ripper,1996,,/7QwT2Id52rO0MfqYRL9zbvxXYC6.jpg,ambig,,,,,,,3,,"movie:1534683,movie:218485,movie:777858"
707851,Pursuit,Pursuit,2020,1,/71szQmdFBoudQS3kHKJw3ibQfNQ.jpg,miss,,,,,,,0,,raw_movie=26 raw_tv=21 exact_m=9 exact_t=1 year_filtered=0
707860,Destino (Florida),Destino (Florida),2020,16,/yfsIjHJuQgB8qU7EZ56VdY3KUk7.jpg,miss,,,,,,,0,,raw_movie=0 raw_tv=0 exact_m=0 exact_t=0 year_filtered=0
708994,SCP: Overlord,SCP: Overlord,2020,35,/fgSWyZ7aM7LW3feEfzJN4ysdjUx.jpg,miss,,,,,,,0,,raw_movie=0 raw_tv=0 exact_m=0 exact_t=0 year_filtered=0
714216,Blood Brother,Blood Brother,2020,4,/pTzBNUjyM2c8fk3QyycoRzhpaaQ.jpg,miss,,,,,,,0,,raw_movie=20 raw_tv=7 exact_m=2 exact_t=0 year_filtered=0
714270,Chrono,Chrono,2020,2,/hLqJSzp2l9xQuKoXLnnOQjPmSPR.jpg,miss,,,,,,,0,,raw_movie=25 raw_tv=20 exact_m=0 exact_t=0 year_filtered=0
714816,A Sky Machine,Mesin Langit,2019,6,/8c5gllXqO9WPwpfBmGPoAzlaWab.jpg,high,movie,714803,A Sky Machine,2019,/xBA4pUdvghM0Jm27OCzAUnXTFDI.jpg,https://www.themoviedb.org/movie/714803,1,0,year_exact
716130,The Rental,The Rental,2019,80,/zPkvoakw2aED2uvaMNCpgVYasrF.jpg,ambig,,,,,,,2,,"movie:587496,movie:522903"
719280,Fanga,Fanga,2022,105,/5Q9eqoBGYE82lnCI7kMurxRqMIv.jpg,miss,,,,,,,0,,raw_movie=20 raw_tv=9 exact_m=0 exact_t=0 year_filtered=0
719296,Ouroboros,Ouroboros,2020,4,/mtCXypbpIi900WEh6GHoBxghMaC.jpg,ambig,,,,,,,2,,"movie:985156,movie:1689081"
719309,Submission Declined,Submission Declined,2017,1,/kQB8xshTjZ1glwjvDIhpTC6XQ77.jpg,miss,,,,,,,0,,raw_movie=0 raw_tv=0 exact_m=0 exact_t=0 year_filtered=0
719319,Zombies of New York,Zombies of New York,2017,1,/a20tz6ZuBJPT6aLdUOc3xrAFdiV.jpg,miss,,,,,,,0,,raw_movie=0 raw_tv=0 exact_m=0 exact_t=0 year_filtered=0
719323,Honest Horror Films: The Harbinger,Honest Horror Films: The Harbinger,2017,1,/cWSycnNdTCCvf53IVoJkGUWuOB8.jpg,miss,,,,,,,0,,raw_movie=0 raw_tv=0 exact_m=0 exact_t=0 year_filtered=0
719327,Honest Horror Films: The Basement,Honest Horror Films: The Basement,2017,1,/6j2Ui5m9uegq1NZcuQ1TSwUm4RT.jpg,miss,,,,,,,0,,raw_movie=0 raw_tv=0 exact_m=0 exact_t=0 year_filtered=0
722374,Camping Fun,Camping Fun,2020,13,/4iC9qriJIwhDU1VRJpS6eJpO6FS.jpg,medium,movie,1704894,Camping Fun,2021,/weRrZqN5q7z5CJuFODOLSmT0whY.jpg,https://www.themoviedb.org/movie/1704894,1,1,year_pm1;new_id_already_in_corpus
724451,Halloween Awakening: The Legacy of Michael Myers,Halloween Awakening: The Legacy of Michael Myers,2012,47,/bda1CetOAsy9y7zOk8IzAyOY1Jw.jpg,miss,,,,,,,0,,raw_movie=0 raw_tv=0 exact_m=0 exact_t=0 year_filtered=0
727457,The Living Grave,The Living Grave,1980,30,/dEfNHUo1ymwE93PgvkkTeXQa3I7.jpg,miss,,,,,,,0,,raw_movie=11 raw_tv=1 exact_m=0 exact_t=0 year_filtered=0
728872,U Is for Unearthed,U Is for Unearthed,2012,4,/Al0zhOkse8UHx1mc997dfJT4KJa.jpg,miss,,,,,,,0,,raw_movie=0 raw_tv=0 exact_m=0 exact_t=0 year_filtered=0
728917,Gremlins Back In Action,Gremlins Back In Action,2017,11,/v3dt7H7Wtg0gyv0ABVLQhi9N6gT.jpg,miss,,,,,,,0,,raw_movie=0 raw_tv=0 exact_m=0 exact_t=0 year_filtered=0
730639,Smiling Woman,Smiling Woman,2019,3,/8JKF7YHejZKxuSBewzTcIbH2rUU.jpg,medium,movie,858960,The Smiling Woman,2020,/7eQvsFqHvZ1hqnJL7k5zwRbfNd.jpg,https://www.themoviedb.org/movie/858960,1,0,year_pm1
730788,Erica,Erica,2019,120,/tZjK803ncM5tNXsczx8DQPCYEgt.jpg,miss,,,,,,,0,,raw_movie=20 raw_tv=7 exact_m=3 exact_t=1 year_filtered=0
731103,Resident Evil: First Hour,Resident Evil: First Hour,2011,18,/wy8nsteaZVuc8POAG4Q1BYOaeuW.jpg,medium,tv,329581,Resident Evil: First Hour,2011,/ebiV2NhlZvz1GIARLaVNZu2t23p.jpg,https://www.themoviedb.org/tv/329581,1,0,tv_year_exact
733126,Behind the Frame,Behind the Frame,2020,8,/lX80pZy6UWsWOC4i2KYZn7QOHii.jpg,miss,,,,,,,0,,raw_movie=2 raw_tv=0 exact_m=0 exact_t=0 year_filtered=0
735156,Enter the Sinister Set of 'Cry Wolf': A Tour with Actor Julian Morris,Enter the Sinister Set of 'Cry Wolf': A Tour with Actor Julian Morris,2006,12,/1KXOIagK7f39JvLleUOrtXXuv57.jpg,miss,,,,,,,0,,raw_movie=0 raw_tv=0 exact_m=0 exact_t=0 year_filtered=0
736308,Alien: Covenant - Prologue: The Secrets of David’s Lab,Alien: Covenant - Prologue: The Secrets of David’s Lab,2017,,/eiK5d2cnASpYQD01tmklA8QBfhi.jpg,miss,,,,,,,0,,raw_movie=0 raw_tv=0 exact_m=0 exact_t=0 year_filtered=0
737867,I can't scream without a face,I can't scream without a face,2020,17,/Ac33G8TO9h6r4U4QlubC57vVNQ.jpg,miss,,,,,,,0,,raw_movie=0 raw_tv=0 exact_m=0 exact_t=0 year_filtered=0
739479,Backyard Gore Torture,Backyard Gore Torture,2019,12,/bBmsdRySj9BgAK0EchF6YJEKMXT.jpg,medium,movie,1254741,Backyard Gore Torture,2019,,https://www.themoviedb.org/movie/1254741,1,0,year_exact;no_poster
740513,A Chocolate Tale,A Chocolate Tale,2020,7,/m3C2EGbbPiv8eRIEqHuBDbfHLWv.jpg,miss,,,,,,,0,,raw_movie=0 raw_tv=0 exact_m=0 exact_t=0 year_filtered=0
741835,Alone,Alone,2020,3,/ne8eVLwU5FXpdBmzJgbR7QUr6vU.jpg,ambig,,,,,,,17,,"movie:661950,movie:509635,movie:773336,movie:664425,movie:759616"
743823,Home Movies,Home Movies,2020,6,/tGJsxArgY5wYqL6QHbHUgJyijqI.jpg,medium,movie,743990,Home Movies,2020,,https://www.themoviedb.org/movie/743990,1,0,year_exact;no_poster
743964,Teddy Has an Operation,Teddy Has an Operation,2016,3,/lLxf3YxjgZ8anHgXX2VJvehUsW0.jpg,miss,,,,,,,0,,raw_movie=0 raw_tv=0 exact_m=0 exact_t=0 year_filtered=0
744065,Shift,Shift,2019,13,/6XAM8nchUuq0iHzEyjmmxyvJaAt.jpg,medium,movie,620837,The Shift,2019,,https://www.themoviedb.org/movie/620837,1,0,year_exact;no_poster
745047,Static Tears,Static Tears,2020,,/o23owAHelyRQEV1IfSRsL6bI7ac.jpg,miss,,,,,,,0,,raw_movie=0 raw_tv=0 exact_m=0 exact_t=0 year_filtered=0
745282,Prey,Prey,2019,10,/q8O9wZ4BvwF1ui1BDXZN3a0Tfkq.jpg,ambig,,,,,,,3,,"movie:401410,movie:700686,movie:589424"
748717,Pathosis,Pathosis,2020,13,/dGlvscBPpuk4VgVsYviojUtE089.jpg,miss,,,,,,,0,,raw_movie=1 raw_tv=0 exact_m=1 exact_t=0 year_filtered=0
749173,TWD World Beyond: The Journey So Far,TWD World Beyond: The Journey So Far,2020,,/8RuIDufT6gcBhWU69odYlZ5NAjJ.jpg,miss,,,,,,,0,,raw_movie=0 raw_tv=0 exact_m=0 exact_t=0 year_filtered=0
749522,The Lady,The Lady,2019,7,/lOKrlE7FEmgziD0FaN4ClGhZksb.jpg,miss,,,,,,,0,,raw_movie=39 raw_tv=21 exact_m=2 exact_t=2 year_filtered=0
752004,The Black Box,The Black Box,2011,83,/6dvTmGVjPlka14ohTwQTr3oZ46J.jpg,ambig,,,,,,,3,,"movie:635841,movie:1252154,tv:227529"
752262,DIABOLUS,DIABOLUS,2012,22,/dtEQRRfCfEYU8RqOo8UtMYk4CtI.jpg,miss,,,,,,,0,,raw_movie=3 raw_tv=1 exact_m=0 exact_t=0 year_filtered=0
752281,SCOURGE OF IRON,SCOURGE OF IRON,2014,,/1rVYxDws3UlboJyOcjPf8Y3OFKu.jpg,miss,,,,,,,0,,raw_movie=0 raw_tv=0 exact_m=0 exact_t=0 year_filtered=0
752289,IMPIOUS ANTHEM,IMPIOUS ANTHEM,2016,75,/ifO4HXxCyJN7UE9Ut0GwlkHti3C.jpg,miss,,,,,,,0,,raw_movie=0 raw_tv=0 exact_m=0 exact_t=0 year_filtered=0
752290,RESURRECTION OF MEPHISTOPHELES,RESURRECTION OF MEPHISTOPHELES,2016,19,/kslPNAw7ST7yg88a9GY6vgkISgk.jpg,miss,,,,,,,0,,raw_movie=0 raw_tv=0 exact_m=0 exact_t=0 year_filtered=0
752295,MARTYRDOM,MARTYRDOM,2018,68,/qC2mwzijjgyT8vuQG6AJMPeqNB1.jpg,ambig,,,,,,,2,,"movie:1362864,movie:409311"
752722,Station WLARC: Tragedy or Success Story?,Station WLARC: Tragedy or Success Story?,2020,10,/nbypPUqw7L4IGUIApkm32L9VLqn.jpg,miss,,,,,,,0,,raw_movie=0 raw_tv=0 exact_m=0 exact_t=0 year_filtered=0
753147,Gregory,Gregory,2017,3,/jYJwGvP9G5ADG15QKixrZk6tktq.jpg,miss,,,,,,,0,,raw_movie=21 raw_tv=14 exact_m=1 exact_t=1 year_filtered=0
753152,Trouble,Trouble,2020,6,/6xW23ypnyI1IaKVj1u6UyNFrCLk.jpg,high,movie,667949,Trouble,2020,/2WVgRJCNZU2n5KbVWsXgnEz5kto.jpg,https://www.themoviedb.org/movie/667949,1,0,year_exact
753158,Old Maid,Old Maid,2020,3,/xlcl4fP21Jx7fb0TsOANWsJtxBw.jpg,miss,,,,,,,0,,raw_movie=14 raw_tv=2 exact_m=3 exact_t=0 year_filtered=0
753726,Halloween Party,Halloween Party,1989,38,/5aQ7rJScNkpm1wsPd8e5ZlkxyvC.jpg,medium,movie,1481943,Halloween Party,1989,/vfbeC13xwgiQeCT3vZZHRBqQaH2.jpg,https://www.themoviedb.org/movie/1481943,1,1,year_exact;new_id_already_in_corpus
755157,Texas Death Trippin Ax-Tended Cut,Texas Death Trippin Ax-Tended Cut,2020,93,/xjoSfEa7m72JBSRCzJiI6EitXyk.jpg,miss,,,,,,,0,,raw_movie=0 raw_tv=0 exact_m=0 exact_t=0 year_filtered=0
756158,Kurt Cobain Horror Movies,Kurt Cobain Horror Movies,1984,8,/y4Ogeqem9kHGyDXrE50WTOWMhCs.jpg,miss,,,,,,,0,,raw_movie=0 raw_tv=0 exact_m=0 exact_t=0 year_filtered=0
756342,First Date,First Date,2020,4,/mCdDeiggfjOni3u0jkdlGLr8DpJ.jpg,ambig,,,,,,,5,,"movie:887671,movie:776583,movie:999156,movie:1564126,movie:630889"
759239,The Hangry Dead,The Hangry Dead: The Biggest Instagram Movie Ever,2020,100,/ucIpgGWsVvJXXxDhGiUC5kP2x79.jpg,miss,,,,,,,0,,raw_movie=0 raw_tv=0 exact_m=0 exact_t=0 year_filtered=0
760608,In The Wild,In The Wild,2015,,/5pBeXyT3uEGPQUeS4EPCX7VdIDw.jpg,ambig,,,,,,,2,,"movie:1490485,tv:19609"
762195,Wrath,Wrath,2020,32,/2eckYxsPqwkO0FpuHrYukUrTVas.jpg,ambig,,,,,,,2,,"movie:520577,movie:788873"
762598,Halloween Night,Halloween Night,2020,60,/aQaPubBPc3SxW7WAqeVUCqhBRhU.jpg,medium,movie,1571706,Halloween Night,2020,/6yNLmxqDkotyWzSyjOMVgSGGejh.jpg,https://www.themoviedb.org/movie/1571706,1,1,year_exact;new_id_already_in_corpus
763427,The Woods,The Woods,2020,60,/fNUq7qelwI2QMDjf87QCE24EdCX.jpg,ambig,,,,,,,2,,"movie:1144087,tv:103425"
764814,Lumberjacked,Lumberjacked,2020,,/alJ9AhAfJ6xZumEdINJ5OH3Obv1.jpg,miss,,,,,,,0,,raw_movie=2 raw_tv=0 exact_m=1 exact_t=0 year_filtered=0
766325,Blazeland,Blazeland,1992,90,/9yuhc355CS84b5u7FSfuGKYk7Ys.jpg,miss,,,,,,,0,,raw_movie=0 raw_tv=0 exact_m=0 exact_t=0 year_filtered=0
769403,Swing of the Axe,Swing of the Axe,2021,2,/kHsD9qas1svIUUeBwO0Wd6q0S7l.jpg,miss,,,,,,,0,,raw_movie=0 raw_tv=0 exact_m=0 exact_t=0 year_filtered=0
772957,The Upset,The Upset,2020,5,/pvX9hXzY6caH8q2ctGwK9BBAM5M.jpg,miss,,,,,,,0,,raw_movie=6 raw_tv=1 exact_m=0 exact_t=0 year_filtered=0
773647,Welcome to Hoxford : The fan film,Welcome to Hoxford : The fan film,2011,,/tN7NeoX1C90rM0vTjkCfHvfXjaO.jpg,medium,movie,1683578,Welcome to Hoxford: The Fan Film,2011,/c8kSyt5ikQELgTk2f9UryN1BHB1.jpg,https://www.themoviedb.org/movie/1683578,1,1,year_exact;new_id_already_in_corpus
774118,EverymanHYBRID,EverymanHYBRID,2010,,/exPoprmdlUlaxBjOfu3R4jd1Znq.jpg,miss,,,,,,,0,,raw_movie=0 raw_tv=0 exact_m=0 exact_t=0 year_filtered=0
774457,Heritage,Godzilla: Heritage,2020,25,/rcFzp0oAkMZjsimvg9UYCJVe7pV.jpg,high,movie,1480075,Heritage,2020,/wsqmHcaPh0I2XjB69PI1ZALm8cx.jpg,https://www.themoviedb.org/movie/1480075,1,0,year_exact
777305,Predator: Celtic Days,Predator: Celtic Days,2017,24,/xJ59j63gAG4rquQXkTWWwpxnFS5.jpg,miss,,,,,,,0,,raw_movie=0 raw_tv=0 exact_m=0 exact_t=0 year_filtered=0
780643,LAIR,LAIR,2020,13,/dzs66E5NhkZ4FWX5IWfT2AsCtED.jpg,ambig,,,,,,,4,,"movie:799982,movie:1433902,movie:1655806,movie:693219"
780652,SLAYER,SLAYER,2020,19,/yw4uOy6dlw6O3dxazmxr6WxVgKy.jpg,low,movie,1452179,Slayer,,/ss11DsR3VmQmHK2BhWgebg2r3Cs.jpg,https://www.themoviedb.org/movie/1452179,1,0,year_no_new_year
780656,NIGHTMARE,NIGHTMARE,2020,21,/uSwNATaL6FLdqqnaC5TnHhxy49n.jpg,ambig,,,,,,,6,,"movie:674185,movie:1071644,movie:764750,movie:1621118,movie:1259734,tv:315852"
780815,She Stumbles in the Dark,She Stumbles in the Dark,2020,10,/aQkJkra5HC5Rk8JbifGYe5e3Nm0.jpg,miss,,,,,,,0,,raw_movie=0 raw_tv=0 exact_m=0 exact_t=0 year_filtered=0
783340,Quarantine Comic,Quarantine Comic,2021,,/62vM2uiCDQmYeEVOsRWlJuxxKqC.jpg,miss,,,,,,,0,,raw_movie=0 raw_tv=0 exact_m=0 exact_t=0 year_filtered=0
783949,The Feet,The Feet,2021,4,/jMlyPjqUVRWjohcdIxjXvzcpLmi.jpg,miss,,,,,,,0,,raw_movie=23 raw_tv=4 exact_m=0 exact_t=0 year_filtered=0
784506,Ghost,Ghost,2019,1,/AvipXEQj8irPU7pDY0eUqJMdu3I.jpg,high,movie,640402,Ghost,2019,/tPzw28qOSVU5kfyczbcOJkInqxF.jpg,https://www.themoviedb.org/movie/640402,1,0,year_exact
786426,Recipe II,Recipe II,2021,1,/yVQBc1KEk0qS3Jg4dztRt9c29Jt.jpg,miss,,,,,,,0,,raw_movie=0 raw_tv=0 exact_m=0 exact_t=0 year_filtered=0
787173,Were,Were,2017,11,/ycwfsRdokQrXcLGlFwD35nYwzQe.jpg,miss,,,,,,,0,,raw_movie=39 raw_tv=25 exact_m=0 exact_t=0 year_filtered=0
789446,Vengeance,Vengeance,2019,94,/fCCqNsuVSEuZCFk81MooTSQFBB2.jpg,ambig,,,,,,,2,,"movie:1694217,tv:195001"
792251,Turn Your Bloody Phone Off,Turn Your Bloody Phone Off,2012,,/bjuToc4JMOy5CnXTmJN1tJ0KL0H.jpg,miss,,,,,,,0,,raw_movie=3 raw_tv=0 exact_m=0 exact_t=0 year_filtered=0
795135,ragdoll,ragdoll,2020,7,/wFUHzemkmPQUXuybc4eFzIr2C33.jpg,ambig,,,,,,,2,,"movie:828490,tv:135156"
796032,Friday the 13th AGAIN!,Friday the 13th AGAIN!,2003,8,/67UU8wiOTrGBvVSDPH4ZsUM2na3.jpg,miss,,,,,,,0,,raw_movie=0 raw_tv=0 exact_m=0 exact_t=0 year_filtered=0
796945,Seasons,Seasons,2021,,/uWAQRKPCFD1ouHHb70c5SMAKl3u.jpg,ambig,,,,,,,4,,"movie:910720,movie:964733,movie:819273,tv:24616"
797425,Beowulf,Beowulf,2019,8,/eieEES87wWUyCLsfjUpQHs6s4vM.jpg,low,movie,1296219,Beowulf,,,https://www.themoviedb.org/movie/1296219,1,0,year_no_new_year;no_poster
798128,Birdcall,Birdcall,2020,4,/ypnDn8b6nMbrcqy3FCFpHeeUVrk.jpg,miss,,,,,,,0,,raw_movie=2 raw_tv=0 exact_m=1 exact_t=0 year_filtered=0
799069,Craving,Craving,2021,12,/cmlvC9fNixstQgAWPSZWU7pYPrV.jpg,high,movie,963764,Craving,2021,/plLP3zHY9wiVTD82AzwLAeNvHoS.jpg,https://www.themoviedb.org/movie/963764,1,0,year_exact
800627,The Doll,The Doll,2021,4,/uocaapAoE3VZVpHry2zpfHDxHWW.jpg,high,movie,826710,The Doll,2021,/tGA7ZTsKUEY9LAZraZs6H562Ls3.jpg,https://www.themoviedb.org/movie/826710,1,0,year_exact
800984,BUSSY,BUSSY,2021,23,/fNBAfKi0RWyehmfxsY85SpvJB2q.jpg,medium,movie,709580,Bussy,2020,/jrF7IGDX2Xi7pXGn0nLaeSiDPjM.jpg,https://www.themoviedb.org/movie/709580,1,0,year_pm1
801802,Exitium Redux,Exitium Redux,2021,14,/6EQ8OdGbPsJWGVkqKJejckc0qWm.jpg,miss,,,,,,,0,,raw_movie=0 raw_tv=0 exact_m=0 exact_t=0 year_filtered=0
802851,Charles,Charles,2022,59,/7Q7YV5XZuIQKMSnURnue5qqbfzR.jpg,miss,,,,,,,0,,raw_movie=36 raw_tv=22 exact_m=3 exact_t=0 year_filtered=0
804373,Satan's Bite: or The Foolishness of the Witchfinder Thomas Eastchurch,Satan's Bite: or The Foolishness of the Witchfinder Thomas Eastchurch,2018,3,/x3jm4R741hI3WiedRgPTIXmCe3w.jpg,miss,,,,,,,0,,raw_movie=1 raw_tv=0 exact_m=0 exact_t=0 year_filtered=0
804852,Siren head,Siren head,2020,52,/xpb3W9lj4P06axY4k3JtrUZqk6F.jpg,medium,movie,1644269,Siren Head,2020,/368m6qpnMRNjegx7Gj9cQYKMZKM.jpg,https://www.themoviedb.org/movie/1644269,1,1,year_exact;new_id_already_in_corpus
806190,At the Mountains of Madness,At the Mountains of Madness,2021,274,/4jcQbN7Pml1yXMDQyYEjVOV77RA.jpg,medium,movie,876254,At the Mountains of Madness,2021,/pF8eboq7LsewWHVBRtxsKQw6s2.jpg,https://www.themoviedb.org/movie/876254,1,1,year_exact;new_id_already_in_corpus
806431,Transfigure,Transfigure,2021,4,/2B6FwKxgMhPUnfTycyxb2kAdpqU.jpg,miss,,,,,,,0,,raw_movie=12 raw_tv=0 exact_m=0 exact_t=0 year_filtered=0
806944,Borrasca,Borrasca,2018,163,/jAopiCoG6IrwYCc9jIY0gQL6kqj.jpg,miss,,,,,,,0,,raw_movie=8 raw_tv=0 exact_m=3 exact_t=0 year_filtered=0
808408,Glim,Glim,2020,7,/bTdgL1AnOmjMaknqPfQQxXMerbC.jpg,miss,,,,,,,0,,raw_movie=26 raw_tv=8 exact_m=0 exact_t=0 year_filtered=0
808433,"Symbolicus, Vol.1","Symbolicus, Vol.1",2021,109,/1CyMJTWlml6eRKiKs7OhPG0VkTp.jpg,medium,movie,1379606,Symbolicus Vol. 1,2021,/ccBcyAmLizfo3025ttuNQRrdzUt.jpg,https://www.themoviedb.org/movie/1379606,1,1,year_exact;new_id_already_in_corpus
808648,Friday the 13th Part X: To Hell and Back,Friday the 13th Part X: To Hell and Back,1995,87,/77gOccYlXpv2dqfctGNcX4HSEGt.jpg,miss,,,,,,,0,,raw_movie=0 raw_tv=0 exact_m=0 exact_t=0 year_filtered=0
809442,Year of the Dragon,Year of the Dragon,2021,15,/9h2NFFnrZMqOvlLZWdk7ovrfyS8.jpg,miss,,,,,,,0,,raw_movie=15 raw_tv=1 exact_m=7 exact_t=0 year_filtered=0
809703,Dining Room or There is Nothing,Dining Room or There is Nothing,2006,1,/3nfCxHeX82sMIK7fwcrBArpZ32Z.jpg,miss,,,,,,,0,,raw_movie=0 raw_tv=0 exact_m=0 exact_t=0 year_filtered=0
824623,Beware! The Vanishing Family,Beware! The Vanishing Family,2021,32,/ix6s3fE1Oo6ZPxFO0IomD7zMM67.jpg,miss,,,,,,,0,,raw_movie=0 raw_tv=0 exact_m=0 exact_t=0 year_filtered=0
824982,The Invisible Man,The Invisible Man,2021,6,/bEXzTiDbCcv8btQElH3JFKZBqaT.jpg,ambig,,,,,,,2,,"movie:570670,movie:1007903"
825409,Watching Me Watching You,Watching Me Watching You,1980,30,/uTN1zScKaDgyVLm6QN41M2MogtL.jpg,low,movie,705760,WATCHING ME WATCHING YOU,,/tABLDD8VkeHB7lZcHy7MpQyoySW.jpg,https://www.themoviedb.org/movie/705760,1,0,year_no_new_year
825410,The Fetch,The Fetch,1977,38,/w4lhTGOonMURV2wgEtmeKBChmmf.jpg,low,movie,1488259,The Fetch,,/4RqQlR3Vh01wpT8wzlQIRBvbQW0.jpg,https://www.themoviedb.org/movie/1488259,1,0,year_no_new_year
827072,Tango,Tango,2019,2,/1uX7h5cK3D58p9IwhcPTmozt3qw.jpg,ambig,,,,,,,2,,"movie:1533804,tv:79660"
827566,Full Disclosure Report,Full Disclosure Report,2005,14,/4pMJ2v7EH24RAIn3Pmo5jPj6zy9.jpg,high,movie,1161985,Full Disclosure Report,2005,/6A2dCtt4PgiCHx27eeuoZxQhlz9.jpg,https://www.themoviedb.org/movie/1161985,1,0,year_exact
828498,Uninvited,Uninvited,2021,7,/vn4bkbxLq0CKMklTmdAgtLxouy8.jpg,medium,movie,887924,UNINVITED,2021,/gedP8Lm7WCnugiaAvrt7e7MOI5p.jpg,https://www.themoviedb.org/movie/887924,1,1,year_exact;new_id_already_in_corpus
828723,DINNER,DINNER,2021,4,/4OJNpxk57S2q8vxCgqnfwhqUMQ6.jpg,ambig,,,,,,,4,,"movie:1076757,movie:964952,movie:892457,movie:1176360"
829363,Repo! The Genetic Opera,Repo! The Genetic Opera,2006,10,/dz9uCAO2XdQorO5vzOSfopnNlGo.jpg,high,movie,1471922,Repo! The Genetic Opera,2006,/oi2VT15YwbTRfP31kgENV3WmFcO.jpg,https://www.themoviedb.org/movie/1471922,1,0,year_exact
831186,Repugnant Mutilation,Repugnant Mutilation,2018,8,/jInR1h1eCKEsB9yL0CjLHTRz79.jpg,miss,,,,,,,0,,raw_movie=0 raw_tv=0 exact_m=0 exact_t=0 year_filtered=0
831600,Motion Detected,Motion Detected,2021,7,/raqupv0niaJiCr75Z0MHdSFRxy4.jpg,medium,movie,1121753,Motion Detected,2022,/dM8HOQzK11FzmHzrcSwf0mc4Pa8.jpg,https://www.themoviedb.org/movie/1121753,1,1,year_pm1;new_id_already_in_corpus
834522,The Dirty Hands Man,The Dirty Hands Man,2021,19,/e6WFkyjVxhQXFeww9IPUBsdbU5v.jpg,miss,,,,,,,0,,raw_movie=0 raw_tv=0 exact_m=0 exact_t=0 year_filtered=0
835872,The Manor,The Manor,2021,13,/q2C4eOvD8cjCwNKx8eFW34sqfpl.jpg,medium,movie,767499,The Manor,2021,/eNf7Dp1m6eTKDY7p56iZdterZkL.jpg,https://www.themoviedb.org/movie/767499,1,1,year_exact;new_id_already_in_corpus
837513,Guilt,Guilt,2020,4,/6fTyE5WyenONlBv8poYo64fbE3D.jpg,ambig,,,,,,,5,,"movie:741018,movie:716730,movie:1428738,tv:94853,tv:294291"
837840,I See You,I See You,2021,3,/9f9QsW9Xuj78KH1TAOsxsX48TY.jpg,ambig,,,,,,,6,,"movie:1575394,movie:1196847,movie:1638142,movie:1326346,movie:984662,tv:308259"
838321,Bedtime Navigation,Bedtime Navigation,2021,11,/eukfi6dYUafi89dUNhReYX7GwTL.jpg,miss,,,,,,,0,,raw_movie=0 raw_tv=0 exact_m=0 exact_t=0 year_filtered=0
841715,Halloween: The Death of Michael Myers,Halloween: The Death of Michael Myers,1996,70,/3Dk9tFWHXDvrypbQWrLk8GUIX4h.jpg,miss,,,,,,,0,,raw_movie=0 raw_tv=0 exact_m=0 exact_t=0 year_filtered=0
841938,Sundown at Cemetery Junction,Sundown at Cemetery Junction,2021,8,/YBrZRvZYtVNsWkzB2eoQQlLfLE.jpg,miss,,,,,,,0,,raw_movie=0 raw_tv=0 exact_m=0 exact_t=0 year_filtered=0
843726,Metempsychosis,Metempsychosis,2021,8,/oT1EDoE9uLg0uBz6aQHADU2ePxX.jpg,high,movie,809789,Metempsychosis,2021,/mj40efJ4onJfAhlhY9Xunqu79WR.jpg,https://www.themoviedb.org/movie/809789,1,0,year_exact
843730,Black Ice,Black Ice,2021,10,/zbJnkbEWp55LlhBh0clpfv8UTZN.jpg,medium,movie,807271,Black Ice,2020,/5bDlvvvKgpFhBjcDLRmGdYIn4oY.jpg,https://www.themoviedb.org/movie/807271,1,0,year_pm1
847445,One Stop Arcade,One Stop Arcade,2018,7,/fo8HCrulvLyRVcWl0k3hbmY796.jpg,miss,,,,,,,0,,raw_movie=0 raw_tv=0 exact_m=0 exact_t=0 year_filtered=0
848057,The Closet Raider,The Closet Raider,2019,2,/4yuoSA0bEdreOlQqhsKGNlFMphP.jpg,miss,,,,,,,0,,raw_movie=0 raw_tv=0 exact_m=0 exact_t=0 year_filtered=0
848241,Slideshow,Slideshow,2021,5,/85R1Y22dP6JOJeRE2eGH4xBbJ9S.jpg,low,movie,1652758,Slideshow,,,https://www.themoviedb.org/movie/1652758,1,0,year_no_new_year;no_poster
850243,Play Dead,Play Dead,2018,85,/2gVtwjyK0pxtVepwGMMkqepfOWs.jpg,high,movie,1668553,Play Dead,2018,/aaFjYU2UdD3ttZMTCDlzS1TnuMG.jpg,https://www.themoviedb.org/movie/1668553,1,0,year_exact
850258,Tales of the Unexpected: Edward the Conqueror,Tales of the Unexpected: Edward the Conqueror,1979,24,/h8LQoCWhnQE6bHtqCSf9ma8muJw.jpg,miss,,,,,,,0,,raw_movie=0 raw_tv=0 exact_m=0 exact_t=0 year_filtered=0
850973,I’m Still Here,I’m Still Here,2020,8,/n0Suaa0lEKwkJlM9DgHMlhuwGs.jpg,ambig,,,,,,,5,,"movie:896413,movie:1212063,movie:1103905,movie:948895,movie:713371"
851468,Dante's Inferno,Dante's Inferno,2021,10,/qWjQyaLBNNCYJgnb1nRgHO0LIyJ.jpg,miss,,,,,,,0,,raw_movie=17 raw_tv=2 exact_m=6 exact_t=1 year_filtered=0
852731,The Stone,The Stone,2021,7,/8F0wBRiroStMIA3TpfCjPn9wasn.jpg,high,movie,868854,The Stone,2021,/bpMwu6ARSQv9WwXqz05u7Te6Oyf.jpg,https://www.themoviedb.org/movie/868854,1,0,year_exact
853956,A Howl in the Night,A Howl in the Night,2021,13,/8k2osRGYfneUjVWDHqQAsb6bL4h.jpg,miss,,,,,,,0,,raw_movie=0 raw_tv=0 exact_m=0 exact_t=0 year_filtered=0
855472,The Aftermath: A 2012 Story,The Aftermath: A 2012 Story,2010,17,/29NPFBXZZKv4w6Jcv0onLRUQM4o.jpg,miss,,,,,,,0,,raw_movie=0 raw_tv=0 exact_m=0 exact_t=0 year_filtered=0
856122,The Red Room,The Red Room,2015,9,/sBXT6LwnHLXPqLViPbe2aVY0MzL.jpg,ambig,,,,,,,2,,"movie:1735505,movie:424319"
859609,Turmoil,Turmoil,2021,12,/gCgzgCp4gefMT2kxLb85tIC34l6.jpg,ambig,,,,,,,2,,"movie:878438,movie:1326811"
860311,The Adventures of Bworp,The Adventures of Bworp,2019,5,/wdGqQuCWh7LLYf0v2zZykkBLBDF.jpg,miss,,,,,,,0,,raw_movie=0 raw_tv=0 exact_m=0 exact_t=0 year_filtered=0
860849,Camp Forest Green,Camp Forest Green,2020,,/2HKT0PC7hJfF4qjvgfThD3obiyD.jpg,miss,,,,,,,0,,raw_movie=0 raw_tv=0 exact_m=0 exact_t=0 year_filtered=0
862069,Stab Ya In The Face,Stab Ya In The Face,2021,,/d1tiERHrMKXJSsjHexJ9aTTB1zl.jpg,miss,,,,,,,0,,raw_movie=0 raw_tv=0 exact_m=0 exact_t=0 year_filtered=0
862750,Be Careful What You Wish For,Be Careful What You Wish For,2020,2,/jbeiRPtcX1TsYNfRSemAuOfle57.jpg,high,movie,681429,Be Careful What You Wish For,2020,/lG6Wx5tWOEHkOuexEvNYha3ofvM.jpg,https://www.themoviedb.org/movie/681429,1,0,year_exact
863443,How to make brownies,How to make brownies,2021,6,/91sIsS6R1VqvpC4xSgEwtE0mQMv.jpg,miss,,,,,,,0,,raw_movie=0 raw_tv=0 exact_m=0 exact_t=0 year_filtered=0
864012,Fixing Daisy,Fixing Daisy,2021,4,/bgmoIUxwR6Zt0r61NJOFPCWS9SD.jpg,miss,,,,,,,0,,raw_movie=0 raw_tv=0 exact_m=0 exact_t=0 year_filtered=0
864237,Minh Tu Le Scissorhands,Minh Tu Le Scissorhands,2021,,/yOs2FXJtoUkPzYt2mML45oURABp.jpg,miss,,,,,,,0,,raw_movie=0 raw_tv=0 exact_m=0 exact_t=0 year_filtered=0
866401,Lambs,Lambs,2021,4,/BqXY1lMyDq4q2huZhJVLZYeR7o.jpg,low,movie,1487666,Lambs,,,https://www.themoviedb.org/movie/1487666,1,0,year_no_new_year;no_poster
869071,Pappy's Graveyard,Pappy's Graveyard,2021,83,/4YOJIqvqurT0BcRLI9Asl7Pcr4b.jpg,miss,,,,,,,0,,raw_movie=0 raw_tv=0 exact_m=0 exact_t=0 year_filtered=0
871598,Orphan,Orphan,2021,19,/kJmKdhJoOi4rvcE1PTOjiPXbgxt.jpg,miss,,,,,,,0,,raw_movie=27 raw_tv=20 exact_m=8 exact_t=1 year_filtered=0
872618,The Phantom Lake Kids in The Beast Walks Among Us,The Phantom Lake Kids in The Beast Walks Among Us,2021,80,/9K11BlnlBz5BoDlc1M9zUOVeoKv.jpg,miss,,,,,,,0,,raw_movie=0 raw_tv=0 exact_m=0 exact_t=0 year_filtered=0
873113,The Cold Heart of Crystal Lake,The Cold Heart of Crystal Lake,2003,15,/eefrg3tmJcWzocEQPHaUDNK8wU9.jpg,miss,,,,,,,0,,raw_movie=0 raw_tv=0 exact_m=0 exact_t=0 year_filtered=0
873355,Escape of Shark,鲨口逃生,2021,78,/bzG6HMZAHmugOBE9fkOpOxOZkpa.jpg,high,movie,862565,Escape of Shark,2021,/6Z1GhrjCcUt4u6D8Md0XqC3K6If.jpg,https://www.themoviedb.org/movie/862565,1,0,year_exact
873668,Are You Ready?,Are You Ready?,2021,,/botnLMa4J9VR5GGHPm3MjdK70wl.jpg,miss,,,,,,,0,,raw_movie=20 raw_tv=2 exact_m=1 exact_t=0 year_filtered=0
874924,Smile,Smile,2013,24,/6GRUHJI9JbZNMDhTWuYQdJEabAL.jpg,medium,movie,1412533,Smile,2013,/dQ4wwJMkFxpdRhb8MUTqZKbu5Fe.jpg,https://www.themoviedb.org/movie/1412533,1,1,year_exact;new_id_already_in_corpus
875022,The Drift,The Drift,2021,14,/wUWjQrYiGznbbzmQ07ElCRSBg1k.jpg,miss,,,,,,,0,,raw_movie=21 raw_tv=11 exact_m=7 exact_t=0 year_filtered=0
876349,Friday the 13th: Death Curse,Friday the 13th: Death Curse,2019,,/9iSaYNP8iGmnRIlLNtO7lWbPF9W.jpg,miss,,,,,,,0,,raw_movie=0 raw_tv=0 exact_m=0 exact_t=0 year_filtered=0
877374,El Cuchillo,El Cuchillo,2021,6,/a4CY4DKyxKeIPzSxXLRgn6vrW7x.jpg,miss,,,,,,,0,,raw_movie=12 raw_tv=1 exact_m=0 exact_t=0 year_filtered=0
879226,Man on a Train,Man on a Train,2018,4,/8KM3nDxJJgwpE2s1H4ymvv0md2h.jpg,miss,,,,,,,0,,raw_movie=3 raw_tv=0 exact_m=0 exact_t=0 year_filtered=0
880724,Paranormal Activity: Origin of Toby,Paranormal Activity: Origin of Toby,2020,30,/9HayuSZ2QGhF1lENGZQnolT5Ma9.jpg,miss,,,,,,,0,,raw_movie=0 raw_tv=0 exact_m=0 exact_t=0 year_filtered=0
880845,Red is the Color of Beauty,Red is the Color of Beauty,2021,5,/pKM4r5qLsCl6qGrWcC6qX0L4WAD.jpg,miss,,,,,,,0,,raw_movie=0 raw_tv=0 exact_m=0 exact_t=0 year_filtered=0
880863,Knowing Your Enemy,Knowing Your Enemy,2021,6,/gKc4GNLzHKOX0NWdNb76DuEGEr4.jpg,high,movie,1249629,Knowing Your Enemy,2021,/7XuHIyaLBz6HwLNYhQoU5xeGEHC.jpg,https://www.themoviedb.org/movie/1249629,1,0,year_exact
881308,Dreams,Dreams,2021,,/cSHhPLGbR2RB6V2MpmxFQBgWf8j.jpg,ambig,,,,,,,4,,"movie:927049,movie:1134656,movie:1173573,movie:863985"
883891,The Making of Saw,The Making of Saw,2004,36,/gpXdkzoens2K8VtVaMORem9f95.jpg,miss,,,,,,,0,,raw_movie=0 raw_tv=0 exact_m=0 exact_t=0 year_filtered=0
886871,Jason Goes Back to Hell,Jason Goes Back to Hell,2021,,/qLN9uTN7lXbTwQhKDQ17hgGY0JC.jpg,medium,movie,1589520,Jason Goes Back to Hell,2021,/tyEdytui2HYUhESoNN8cLZ7KVb5.jpg,https://www.themoviedb.org/movie/1589520,1,1,year_exact;new_id_already_in_corpus
887187,The Lost Voyager,The Lost Voyager,2021,6,/3tU0SLGkQ6CmgNnd7H6hhfvCoKA.jpg,miss,,,,,,,0,,raw_movie=0 raw_tv=0 exact_m=0 exact_t=0 year_filtered=0
887876,Hereafter,Hereafter,2021,8,/e1CTHHC5bS6nFHVw1LU1q5Qxoy4.jpg,medium,movie,1515879,Hereafter,2021,/tZ9U7kXDR4gpvDzrcaF2TcRFDNh.jpg,https://www.themoviedb.org/movie/1515879,1,1,year_exact;new_id_already_in_corpus
887920,Death Portrait 1,Death Portrait 1,2021,2,/7oorJ6aLLVIKgpIkuE2NT0czBmh.jpg,miss,,,,,,,0,,raw_movie=0 raw_tv=0 exact_m=0 exact_t=0 year_filtered=0
888380,SCP: First Contact,SCP: First Contact,2018,25,/wNfFlUVExYM36v2CB0VjzBsxqiH.jpg,miss,,,,,,,0,,raw_movie=0 raw_tv=0 exact_m=0 exact_t=0 year_filtered=0
890166,Eternal Isolation,Eternal Isolation,2016,7,/11536zYz6rZrr3U0m6mo1MDnWMG.jpg,miss,,,,,,,0,,raw_movie=0 raw_tv=0 exact_m=0 exact_t=0 year_filtered=0
890574,DV5: Cord Cutter Hell,DV5: Cord Cutter Hell,2021,53,/sJoXW4Eg2HKWgwzw7cN8VPWvqiZ.jpg,medium,movie,1355159,DV5: Cord Cutter Hell,2021,/d3fTlip8tf7OZle3NRDlXizvSWP.jpg,https://www.themoviedb.org/movie/1355159,1,1,year_exact;new_id_already_in_corpus
893284,Momo,Momo: An Experimental Short Film,2021,5,/qAbNllPKAp7F0zsBDro09LbsuOU.jpg,miss,,,,,,,0,,raw_movie=40 raw_tv=20 exact_m=10 exact_t=1 year_filtered=0
893354,Carousel,Carousel,2021,3,/nPLcx1CZM8v2g59yw5eNy6dXvkw.jpg,medium,movie,1037571,Carousel,2022,/xIEDPGEnwfj9nqJcWdZfIjRnmSB.jpg,https://www.themoviedb.org/movie/1037571,1,0,year_pm1
894717,Ignore It,Ignore It,2021,7,/1FAsXa0AKq1o0D8kOf23JBVw8tH.jpg,high,movie,1202428,Ignore It,2021,/4aE3pmd2wCWZcpqFgZ4xAd5rWRj.jpg,https://www.themoviedb.org/movie/1202428,1,0,year_exact
894734,Those Shoes,Those Shoes,2019,3,/tU3rlmmC8atE6ZA62732hB1o7Mh.jpg,medium,movie,1098550,Those Shoes,2018,/iLyYzu0Hkdhvr3V7uDBACDZJSr4.jpg,https://www.themoviedb.org/movie/1098550,1,0,year_pm1
896922,1:00 A.M.,夜半一點鐘,1995,,/oIEudjZUxTPfTieDj9PWeGE1hBI.jpg,miss,,,,,,,0,,raw_movie=3 raw_tv=0 exact_m=0 exact_t=0 year_filtered=0
898021,Sleepwalker,Sleepwalker,2020,8,/cA8ylMcDm1QFje4AHCI9rstHl9o.jpg,ambig,,,,,,,3,,"movie:1071945,movie:986797,movie:695657"
898435,Family Forbidden,Family Forbidden,2021,9,/gG1QEVjoWVy2ZqwsQwLiMkuifmv.jpg,miss,,,,,,,0,,raw_movie=20 raw_tv=1 exact_m=0 exact_t=0 year_filtered=0
898562,The Emotion,The Emotion,2021,16,/hyX0163qOGOj8SzV8ayj7LDgmwX.jpg,medium,movie,1648732,The Emotion,2021,,https://www.themoviedb.org/movie/1648732,1,0,year_exact;no_poster
899675,Self-Portrait,Self-Portrait,2021,3,/lR6H4leFpQW4GDXocRFZFZBNKh8.jpg,ambig,,,,,,,6,,"movie:859746,movie:826342,movie:1341447,movie:1562623,movie:894985"
899754,Blinded,Blinded,2021,26,/qf302ZlU4dwmCrv8bhszZli5pM8.jpg,ambig,,,,,,,4,,"movie:821426,movie:873977,movie:1724070,movie:1738533"
901264,Unlocked,Unlocked,2021,12,/648Egu3BB7WDBp0wd4g7LbiJwZH.jpg,ambig,,,,,,,2,,"movie:865339,tv:105981"
902914,My Dead Husband,My Dead Husband,2021,15,/mUdyKiAf5ujl6cVg8jM9Uk3qKc7.jpg,miss,,,,,,,0,,raw_movie=2 raw_tv=0 exact_m=0 exact_t=0 year_filtered=0
903508,DOGTAG,DOGTAG,2021,32,/q1ZUDpz0QONwmMJLvrOnqGyaXSh.jpg,miss,,,,,,,0,,raw_movie=0 raw_tv=0 exact_m=0 exact_t=0 year_filtered=0
904085,The Creek,The Creek,2020,8,/7rSbfVgrmexslZogJ0LQMc6nQPG.jpg,ambig,,,,,,,3,,"movie:1089549,movie:1222935,movie:1021190"
904633,Our Enemy,Our Enemy,2021,9,/dJifQC3XgVs2L3FYKMlQ1dDHF5D.jpg,miss,,,,,,,0,,raw_movie=4 raw_tv=0 exact_m=0 exact_t=0 year_filtered=0
905070,The Field,The Field,2022,55,/h305HSAFCxI1i5Ahj1OTwAHClKu.jpg,low,movie,1466173,The Field,,,https://www.themoviedb.org/movie/1466173,1,0,year_no_new_year;no_poster
906419,The Wooden Woman,The Wooden Woman,2021,9,/q3SwLv16xObuHwuIYdSUKHPm2QW.jpg,miss,,,,,,,0,,raw_movie=0 raw_tv=0 exact_m=0 exact_t=0 year_filtered=0
906421,Family Forbidden 2,Family Forbidden 2,2021,7,/qSJ4P989BjMbtZ1gHRnPiAqwnpX.jpg,miss,,,,,,,0,,raw_movie=1 raw_tv=0 exact_m=0 exact_t=0 year_filtered=0
906425,Lake House: 2002,Lake House: 2002,2021,14,/k0z3bVyL7VpTkPSft9q0zl7nDcF.jpg,miss,,,,,,,0,,raw_movie=0 raw_tv=0 exact_m=0 exact_t=0 year_filtered=0
910799,The Eldritch Dreams,The Eldritch Dreams,2021,19,/lS5SuzhhpUWdKGO1vJrZ3100WZ3.jpg,miss,,,,,,,0,,raw_movie=0 raw_tv=0 exact_m=0 exact_t=0 year_filtered=0
912163,The Terror of Terrace Street!,The Terror of Terrace Street!,2022,3,/tqhgIBr89VjFP7mecFjyNZVWuNh.jpg,miss,,,,,,,0,,raw_movie=0 raw_tv=0 exact_m=0 exact_t=0 year_filtered=0
913100,The Dark,The Dark,2021,7,/g0qbgEBkDVHNsAc8zO3dbcTEmNX.jpg,miss,,,,,,,0,,raw_movie=40 raw_tv=33 exact_m=2 exact_t=1 year_filtered=0
913343,Dura,Dura,2022,17,/uRUEL8TyrqxirNDtEFlyZnuuAFK.jpg,medium,movie,1034861,Dura,2022,/l0pZaE3Vv3MxB110S94MaCLKEjR.jpg,https://www.themoviedb.org/movie/1034861,1,1,year_exact;new_id_already_in_corpus
915539,Revenge Is a Dish Best Served Cold,Revenge Is a Dish Best Served Cold,2021,3,/icsaxv3jOUZ68BKT5gvWLyafagt.jpg,miss,,,,,,,0,,raw_movie=0 raw_tv=0 exact_m=0 exact_t=0 year_filtered=0
915893,Midnight Screams,Midnight Screams,2021,10,/lYb1NGEOX852ORzwh9A957KRdG9.jpg,miss,,,,,,,0,,raw_movie=0 raw_tv=0 exact_m=0 exact_t=0 year_filtered=0
916120,Friday the 13th: Halloween Night,Friday the 13th: Halloween Night,1994,,/t1t0GoOjgn6LeIiWAq8Tt4vT9Xp.jpg,miss,,,,,,,0,,raw_movie=0 raw_tv=0 exact_m=0 exact_t=0 year_filtered=0
916992,Ground Control,Ground Control,2021,7,/l8RwVRuMnZUqkoBBIno69L15w9q.jpg,ambig,,,,,,,3,,"movie:910446,tv:218386,tv:27046"
917597,Be My Guest,Be My Guest,2021,9,/bIuuI1lkoAfkmqQoWbWntrRuxKb.jpg,medium,tv,239230,Be My Guest,2022,/af1n2mLFYIPJaW3QqmyoQG53HPB.jpg,https://www.themoviedb.org/tv/239230,1,0,tv_year_pm1
919435,The Horror of Social Studies,The Horror of Social Studies,2021,5,/k6VxFe8Zdvqw2BzWKIEzyF1ikua.jpg,miss,,,,,,,0,,raw_movie=0 raw_tv=0 exact_m=0 exact_t=0 year_filtered=0
921646,Fruitcake,Fruitcake,2022,9,/4v1l6Fa6mLviVD9icNW8j6Sm7sm.jpg,medium,movie,1398216,Fruitcake,2022,,https://www.themoviedb.org/movie/1398216,1,0,year_exact;no_poster
925310,Skulldive,Skulldive,2021,5,/qvrMnx2EuiwUZOMdiYM81rSD8qL.jpg,miss,,,,,,,0,,raw_movie=0 raw_tv=0 exact_m=0 exact_t=0 year_filtered=0
926603,Ornate,Ornate,2021,6,/6I0f4SN4HxxJF9kOZCM3IdSQKgY.jpg,medium,movie,1533471,Ornate,2021,/l5J1MXxKGVrrHMGtwlHRxqsXRCD.jpg,https://www.themoviedb.org/movie/1533471,1,1,year_exact;new_id_already_in_corpus
926723,Serpentine,Serpentine,2022,12,/iL0CFLtv8MUELrZyihgI78g68pq.jpg,ambig,,,,,,,2,,"movie:735494,movie:1253832"
927335,Bear Lake Bloodbath,Bear Lake Bloodbath,2021,12,/tunQVeV0gjq8V8S7LqVYn4mYZqK.jpg,miss,,,,,,,0,,raw_movie=0 raw_tv=0 exact_m=0 exact_t=0 year_filtered=0
928127,Bad News,Bad News,2020,14,/1xrbAGbN0xHmHCJFBmwqIky8yiO.jpg,high,movie,799246,Bad News,2020,/ysVIYsPcZtUV6dQkZe2fbwwmq35.jpg,https://www.themoviedb.org/movie/799246,1,0,year_exact
928397,We Are The Enemy,We Are The Enemy,2022,3,/uEJ71ePX1hzSfBFMdr7ak5wY9YS.jpg,miss,,,,,,,0,,raw_movie=0 raw_tv=0 exact_m=0 exact_t=0 year_filtered=0
928591,Eternal Rest,Eternal Rest,2022,5,/x7rJJ6PrpAy3aQkE0YV6C1BEoO1.jpg,miss,,,,,,,0,,raw_movie=2 raw_tv=1 exact_m=1 exact_t=0 year_filtered=0
928603,Guilt,Guilt,2022,10,/eNddKoS5hqOsG2TsZRh2I7uOxhF.jpg,ambig,,,,,,,4,,"movie:886897,movie:1016459,movie:1024182,tv:294291"
929944,A Short Film About Babies,A Short Film About Babies,2022,1,/wegokzel7JW6oe9rV56UEtrC0vi.jpg,miss,,,,,,,0,,raw_movie=0 raw_tv=0 exact_m=0 exact_t=0 year_filtered=0
930662,Fedora Samurai,Fedora Samurai,2022,2,/j0l5ZbGvpUhtHABAYNbY4WC7V5V.jpg,miss,,,,,,,0,,raw_movie=0 raw_tv=0 exact_m=0 exact_t=0 year_filtered=0
930802,Tasogare Otome x Amnesia: Taima Otome,黄昏乙女×アムネジア 退魔乙女,2012,24,/pAtVw5cD2OQJOcNTixZGxuEcmAQ.jpg,miss,,,,,,,0,,raw_movie=0 raw_tv=0 exact_m=0 exact_t=0 year_filtered=0
930916,Zombae,Zombae,2022,92,/iVObyO2BiQQf6ytpAXTA97y6C5g.jpg,miss,,,,,,,0,,raw_movie=1 raw_tv=0 exact_m=0 exact_t=0 year_filtered=0
931099,Monkey Tester,Monkey Tester,2006,12,/uNqNaQhsPKEUNu1EZbz4vrMvJ0y.jpg,miss,,,,,,,0,,raw_movie=0 raw_tv=0 exact_m=0 exact_t=0 year_filtered=0
931325,The Howl of Winterland,The Howl of Winterland,2022,19,/t6GbgkFgTkNOVz3jYQzDKZbiZaH.jpg,medium,movie,1525234,The Howl of Winterland,2021,/jxVd0udrHMcSfDWHEaD0VDePKkC.jpg,https://www.themoviedb.org/movie/1525234,1,0,year_pm1
932598,Peachrings,Peachrings,2010,2,/qnBw9ikIs300XGdCN8eNWPIpAOQ.jpg,miss,,,,,,,0,,raw_movie=0 raw_tv=0 exact_m=0 exact_t=0 year_filtered=0
932868,The Joke,The Joke,2022,2,/2ZgRT2wQ4vGIXfKnrRMq5L89OlF.jpg,medium,movie,1046646,The Joke,2022,,https://www.themoviedb.org/movie/1046646,1,0,year_exact;no_poster
932890,Slice,Slice,2022,1,/NBhbg9IUE96m7tnDz6P7EZUvJS.jpg,ambig,,,,,,,3,,"movie:1104052,movie:1001922,movie:1027827"
933238,Footsteps,Footsteps,2022,5,/f7AbPS52hYAxTBbxntz7xmoezzU.jpg,ambig,,,,,,,3,,"movie:1045730,movie:1016347,movie:995874"
933740,Paranoia,Paranoia,2022,1,/tvX5jtHjTInGqayxeKLYA4bAvh5.jpg,ambig,,,,,,,10,,"movie:1119890,movie:1418864,movie:1289048,movie:1122144,movie:1199480,tv:139712,tv:2402,tv:8715"
933749,Anxiety,Anxiety,2022,1,/eaehEhME8H583GUZIUISHaeedh6.jpg,medium,movie,1152794,Anxiety,2023,/fELMFc62MqGm16ZCDNlKEGYA2tE.jpg,https://www.themoviedb.org/movie/1152794,1,0,year_pm1
935066,Black Jack,Black Jack,2022,3,/3Dp7M5nlvushTeZDghe7e9BvUOQ.jpg,miss,,,,,,,0,,raw_movie=21 raw_tv=11 exact_m=13 exact_t=3 year_filtered=0
935097,Banette's Curse,Banette's Curse,2020,17,/9GoMp0GIao0QDsCnW3HT8q8n27T.jpg,miss,,,,,,,0,,raw_movie=0 raw_tv=0 exact_m=0 exact_t=0 year_filtered=0
935816,Red Hood IT,Red Hood IT,2018,16,/2TEt3216LBJtl239jFR9OgfcIHV.jpg,miss,,,,,,,0,,raw_movie=0 raw_tv=0 exact_m=0 exact_t=0 year_filtered=0
935983,Head Start,Head Start,2022,1,/5sz7pN22kpVtlQxDeR2D7mM7fL9.jpg,medium,movie,1290930,Head Start,2023,/yW0EQEziyx7MkNGMY4qJLw4BlG7.jpg,https://www.themoviedb.org/movie/1290930,1,1,year_pm1;new_id_already_in_corpus
936084,The Tyger,The Tyger,2022,4,/28vI7qr8OntuOKKTjujTQ7MGRJ1.jpg,miss,,,,,,,0,,raw_movie=0 raw_tv=0 exact_m=0 exact_t=0 year_filtered=0
936152,The Age Miracle,The Age Miracle,2016,2,/lSijqTNKMcI5ZqbI7WeBBbiG3Xr.jpg,miss,,,,,,,0,,raw_movie=2 raw_tv=0 exact_m=0 exact_t=0 year_filtered=0
936813,Seven Deadly Tapes,Seven Deadly Tapes,2022,,/bgIq38lihQPV3AUgWQ7XexsGBrm.jpg,miss,,,,,,,0,,raw_movie=0 raw_tv=0 exact_m=0 exact_t=0 year_filtered=0
936845,Aliens: Ride at the Speed of Fright,Aliens: Ride at the Speed of Fright,1994,8,/wvQw0FPEc8qf21HAc84tEMtQbFF.jpg,high,movie,1437166,Aliens: Ride at the Speed of Fright,1994,/AmvghEtbJiDfGkl5rw9IYlR2jtv.jpg,https://www.themoviedb.org/movie/1437166,1,0,year_exact
937710,The Door,The Door,2020,4,/z0KGpNPxpCXhiEvPxssRGrjg7xZ.jpg,medium,movie,759937,The Door,2020,/komg7AhgOB181DqisrJA7Rds4C.jpg,https://www.themoviedb.org/movie/759937,1,1,year_exact;new_id_already_in_corpus
938135,Video Nasties,Video Nasties,2021,14,/I9m2dzlEDirFVsvZ9RChjrtFcU.jpg,miss,,,,,,,0,,raw_movie=8 raw_tv=1 exact_m=1 exact_t=0 year_filtered=0
938671,Who are we?,Who are we?,2022,1,/rhEJ0logvigQlPww0hcZ4uOmaLD.jpg,ambig,,,,,,,2,,"movie:961047,tv:323564"
938849,But I Made Cake,But I Made Cake,2022,21,/aZNE14axbspPyn2cJD90Kdnuo6s.jpg,miss,,,,,,,0,,raw_movie=0 raw_tv=0 exact_m=0 exact_t=0 year_filtered=0
938850,Close Your Eyes,Close Your Eyes,2022,3,/90oMnDVGN38MPvgFtd8m2jZl9HH.jpg,ambig,,,,,,,2,,"movie:1477284,movie:1089161"
939191,WORLD'S WEIRDEST ANIMALS,WORLD'S WEIRDEST ANIMALS,2019,8,/ySRm4HUORM4cyX077AJZApdyScw.jpg,miss,,,,,,,0,,raw_movie=0 raw_tv=0 exact_m=0 exact_t=0 year_filtered=0
939195,STORM SAFETY TIPS,STORM SAFETY TIPS,2019,5,/ms7PZYDWokCZ9aOuglcHloo9dHS.jpg,miss,,,,,,,0,,raw_movie=0 raw_tv=0 exact_m=0 exact_t=0 year_filtered=0
939202,THE DEEP BLUE,THE DEEP BLUE,2019,5,/1M7UpPUxKYt4v8GxEogkv6lQr6d.jpg,miss,,,,,,,0,,raw_movie=20 raw_tv=1 exact_m=1 exact_t=0 year_filtered=0
939204,ARTIFICIAL COMPUTER LEARNING,ARTIFICIAL COMPUTER LEARNING,2019,5,/suNP1k9MEb0IXMdzkYt921SJp9V.jpg,miss,,,,,,,0,,raw_movie=0 raw_tv=0 exact_m=0 exact_t=0 year_filtered=0
939205,OUR SOLAR SYSTEM,OUR SOLAR SYSTEM,2020,5,/r16NZYVdszezUx7PMnbZaJgzqoH.jpg,low,movie,1417687,Our Solar System,,,https://www.themoviedb.org/movie/1417687,1,0,year_no_new_year;no_poster
939207,CAMP INFORMATION VIDEO,CAMP INFORMATION VIDEO,2020,5,/xErNXahidzaUV8ACFfBU9WtLeBq.jpg,miss,,,,,,,0,,raw_movie=0 raw_tv=0 exact_m=0 exact_t=0 year_filtered=0
939209,LETHAL OMEN COMMERCIAL,LETHAL OMEN COMMERCIAL,2020,6,/kwN67Wie6QKtjxychzY3EfyAshT.jpg,miss,,,,,,,0,,raw_movie=0 raw_tv=0 exact_m=0 exact_t=0 year_filtered=0
939211,WILDERNESS SURVIVAL GUIDE,WILDERNESS SURVIVAL GUIDE,2020,7,/1QsrBfqQJUiRIRKJQc4g5cvVzqd.jpg,miss,,,,,,,0,,raw_movie=0 raw_tv=0 exact_m=0 exact_t=0 year_filtered=0
939212,SLEEP IMAGE VISUALIZER,SLEEP IMAGE VISUALIZER,2020,5,/bW34dbr8zFAsM8PDdpgPXS9dHw6.jpg,miss,,,,,,,0,,raw_movie=0 raw_tv=0 exact_m=0 exact_t=0 year_filtered=0
939214,GAMES FOR KIDS,GAMES FOR KIDS,2020,6,/k5UHlmIBz1j7ylz8OZjOMco6vEg.jpg,miss,,,,,,,0,,raw_movie=0 raw_tv=0 exact_m=0 exact_t=0 year_filtered=0
939219,DEEP ROOT DISEASE,DEEP ROOT DISEASE,2020,5,/juTkMSyZuIdWdqJiQPCY43K3XvW.jpg,miss,,,,,,,0,,raw_movie=0 raw_tv=0 exact_m=0 exact_t=0 year_filtered=0
939224,MONTHLY PROGRESS REPORT,MONTHLY PROGRESS REPORT,2020,,/sHMhmzL5AqOib1JmhqyGukXki4u.jpg,miss,,,,,,,0,,raw_movie=0 raw_tv=0 exact_m=0 exact_t=0 year_filtered=0
939225,CHRISTMAS EVE PARTY,CHRISTMAS EVE PARTY,2020,5,/sfceARqphLnDIhVK0YW8yYyqFbR.jpg,miss,,,,,,,0,,raw_movie=0 raw_tv=0 exact_m=0 exact_t=0 year_filtered=0
939226,HOME INVASION HELP,HOME INVASION HELP,2021,6,/aElFqjrGvyRDKjZXPsuhRw9nfd6.jpg,miss,,,,,,,0,,raw_movie=0 raw_tv=0 exact_m=0 exact_t=0 year_filtered=0
939228,CRUSADER PROBE MISSION,CRUSADER PROBE MISSION,2021,7,/dFlrgl0zF5XnXoXdoIQ0qkl98ds.jpg,miss,,,,,,,0,,raw_movie=0 raw_tv=0 exact_m=0 exact_t=0 year_filtered=0
939231,WRETCHED HANDS,WRETCHED HANDS,2021,4,/zN8E9ivq001ogqvdmQRXIoRsq1d.jpg,miss,,,,,,,0,,raw_movie=0 raw_tv=0 exact_m=0 exact_t=0 year_filtered=0
939959,Family Forbidden 3,Family Forbidden 3,2022,19,/4VB75LW38KugApyZeRAWJ5S0HAn.jpg,miss,,,,,,,0,,raw_movie=1 raw_tv=0 exact_m=0 exact_t=0 year_filtered=0
940754,Crutchnap,Crutchnap,2009,1,/inRMhoEZvLVCWw7lXcYnhh6JagN.jpg,miss,,,,,,,0,,raw_movie=0 raw_tv=0 exact_m=0 exact_t=0 year_filtered=0
942236,A Walk Through the Woods (Remake),A Walk Through the Woods (Remake),2021,3,/sjlD2rFaakyUFU5tONPAoNJra7d.jpg,miss,,,,,,,0,,raw_movie=0 raw_tv=0 exact_m=0 exact_t=0 year_filtered=0
943162,Dura: The Infection,Dura: The Infection,2022,12,/ltchKbpQkB4wVGQ26JNGTmfdoAd.jpg,miss,,,,,,,0,,raw_movie=0 raw_tv=0 exact_m=0 exact_t=0 year_filtered=0
943662,Scarecrow,Scarecrow,2022,4,/xIauMMGXmoJhgeohqqVZoEjoDkq.jpg,low,tv,54767,The Scarecrow,,,https://www.themoviedb.org/tv/54767,1,0,tv_year_no_new_year
945331,Figure,Figure,2022,6,/gcjNve6GSgJHxVG30DkWOd78V8m.jpg,ambig,,,,,,,3,,"movie:1209590,movie:1496081,movie:1655183"
945966,The Texas Chainsaw Massacre: Revelations,The Texas Chainsaw Massacre: Revelations,2022,14,/1Sx1jnW8daoGVj3YRKyYgUj3WQc.jpg,miss,,,,,,,0,,raw_movie=0 raw_tv=0 exact_m=0 exact_t=0 year_filtered=0
945981,Joey: The Movie,Joey: The Movie,2017,4,/2z3GEAuEjpx4mzOFJTM9SCKMAH0.jpg,miss,,,,,,,0,,raw_movie=0 raw_tv=0 exact_m=0 exact_t=0 year_filtered=0
947775,Blood Sick Psychosis,Blood Sick Psychosis,2022,88,/nOWQ7XZ7s6RdkKvq2Xd7sBEVjnM.jpg,medium,movie,1242879,Blood Sick Psychosis,2022,/cepFAFR6r6MINUHw2NvF7tF00QY.jpg,https://www.themoviedb.org/movie/1242879,1,1,year_exact;new_id_already_in_corpus
947822,A Date With A Cheerleader,A Date With A Cheerleader,2022,,/w10I5objUyKT5Yb3TCacFgXNhau.jpg,miss,,,,,,,0,,raw_movie=0 raw_tv=0 exact_m=0 exact_t=0 year_filtered=0
948124,Work in Progress,Work in Progress,2018,4,/xXEPjmVtDLg1NBevX5i0H8UTNTo.jpg,ambig,,,,,,,7,,"movie:1684453,movie:1164510,movie:1114105,movie:1051845,movie:1470897,tv:91814"
948202,The Quiet Light of the Midnight Cold,The Quiet Light of the Midnight Cold,2022,13,/mXUpPpfycFseOZraorZNGTuGtL1.jpg,miss,,,,,,,0,,raw_movie=0 raw_tv=0 exact_m=0 exact_t=0 year_filtered=0
948399,Attic,Attic,2022,13,/fx9wr5RbcIqy3JG7oK0qqVHmM30.jpg,low,movie,552087,Attic,,/bRhmfPzi26o5K980Ee8vC52Wrrw.jpg,https://www.themoviedb.org/movie/552087,1,0,year_no_new_year
948498,Omi,Omi,2022,3,/6bgcIgCJrKmuFKJbTYkIbqO1eGE.jpg,high,movie,1018092,OMI,2022,/hG3ru4XIxzc5dpbVzH2QMXd6FtH.jpg,https://www.themoviedb.org/movie/1018092,1,0,year_exact
950490,Wear Your Mask,Wear Your Mask,2020,8,/92YfQLZUeM9EQIoG7ekUlXBneSg.jpg,miss,,,,,,,0,,raw_movie=0 raw_tv=0 exact_m=0 exact_t=0 year_filtered=0
950545,Indistinct,Indistinct,2022,3,/qtrZS0SX8HXWs2PZqXVUcEjH0Vu.jpg,miss,,,,,,,0,,raw_movie=3 raw_tv=0 exact_m=0 exact_t=0 year_filtered=0
950609,Love for Sale,Love for Sale,2021,5,/ybNPygxzIOKx6vMxBHz86no5l7b.jpg,miss,,,,,,,0,,raw_movie=17 raw_tv=3 exact_m=7 exact_t=0 year_filtered=0
950778,AI,AI,2021,4,/4s3hnjldqwrnuqMKepuf3l8Q7aG.jpg,ambig,,,,,,,2,,"movie:1415699,movie:1439661"
951591,Ghost Dorm,Ghost Dorm,2019,16,/bjH1m0U57h58rAkWNDWNPoNsNOo.jpg,miss,,,,,,,0,,raw_movie=2 raw_tv=0 exact_m=0 exact_t=0 year_filtered=0
951593,Ghost Dorm 2: She's Coming for You,Ghost Dorm 2: She's Coming for You,2019,8,/zjAquVzQdwLZQpkjqTgRIw8yp8V.jpg,miss,,,,,,,0,,raw_movie=0 raw_tv=0 exact_m=0 exact_t=0 year_filtered=0
951955,Friday the 13th: Nine Lives,Friday the 13th: Nine Lives,2020,64,/j1hDeuUavoWxfPrZtrRhHkYwDv0.jpg,miss,,,,,,,0,,raw_movie=0 raw_tv=0 exact_m=0 exact_t=0 year_filtered=0
952004,Proclivitas,Proclivitas,2021,2,/rIfcxkYX72QE5wvZtOlTziKVk4Q.jpg,miss,,,,,,,0,,raw_movie=1 raw_tv=0 exact_m=1 exact_t=0 year_filtered=0
952730,Unwelcome Guests,Unwelcome Guests,2021,49,/nFGvkw3e2hB5f1GH0Fp1iuCKmTQ.jpg,miss,,,,,,,0,,raw_movie=1 raw_tv=0 exact_m=1 exact_t=0 year_filtered=0
953948,Guinness Guru,Guinness Guru,2022,40,/dWJtJewVV5O46E3hQ6iiuHnZepO.jpg,miss,,,,,,,0,,raw_movie=0 raw_tv=0 exact_m=0 exact_t=0 year_filtered=0
953991,Scream: Legacy,Scream: Legacy,2022,65,/CJwKE5dVGCEYB26PXgCSqQqrit.jpg,miss,,,,,,,0,,raw_movie=0 raw_tv=0 exact_m=0 exact_t=0 year_filtered=0
954406,Spooked,Spooked,2008,44,/6Q4X7F6IIBCyTBsnbua1NV2dT7p.jpg,medium,movie,1649762,Spooked,2008,/bGIdyyxNFGm7uiKOv823dbjBB69.jpg,https://www.themoviedb.org/movie/1649762,1,1,year_exact;new_id_already_in_corpus
954547,What Did You Do,What Did You Do,2022,11,/rR0QcOXnJLKvchCILswANhFsuGi.jpg,ambig,,,,,,,2,,"movie:1398217,movie:1053967"
955731,Hell Creek,Hell Creek,2022,6,/nruY0R9HcgbhqYQCsawogOOhIBf.jpg,miss,,,,,,,0,,raw_movie=3 raw_tv=0 exact_m=0 exact_t=0 year_filtered=0
956517,Bananas Have No Bones,Bananas Have No Bones,2022,4,/1PsYuhQwbkQRPmyP3yKNa3sVv1S.jpg,miss,,,,,,,0,,raw_movie=0 raw_tv=0 exact_m=0 exact_t=0 year_filtered=0
957584,Lost At Dusk,Lost At Dusk,2020,6,/bOdoydmvDNDqOEWX5Ld7U9XFswK.jpg,miss,,,,,,,0,,raw_movie=0 raw_tv=0 exact_m=0 exact_t=0 year_filtered=0
957591,Job Lot,Job Lot,2020,3,/7RRTKqi3QB8X97yNDLcRk0GBrzd.jpg,miss,,,,,,,0,,raw_movie=1 raw_tv=1 exact_m=0 exact_t=1 year_filtered=0
957593,Midnight,Midnight,2020,5,/ebU4QIPnrLjGqchKWwbRooglX3F.jpg,ambig,,,,,,,2,,"movie:931153,movie:1158031"
958413,Phantom of the Evergreens,Phantom of the Evergreens,2022,22,/8qtxGUYs99fD8rDvj9Y3wTzLvM9.jpg,miss,,,,,,,0,,raw_movie=0 raw_tv=0 exact_m=0 exact_t=0 year_filtered=0
958417,SHIFTING TENDONS,SHIFTING TENDONS,2022,7,/cbvtoi64tGWTGDP1zNoHUdaMAi3.jpg,miss,,,,,,,0,,raw_movie=0 raw_tv=0 exact_m=0 exact_t=0 year_filtered=0
958837,Zombie Bite,Zombie Bite,2022,4,/uQwBrVQlrW3GzKERxXCcVPyzrzc.jpg,miss,,,,,,,0,,raw_movie=3 raw_tv=0 exact_m=1 exact_t=0 year_filtered=0
959385,The Governess,The Governess,2021,7,/3fjZIoOvlsW7WSBvzhgojDO1k1n.jpg,miss,,,,,,,0,,raw_movie=11 raw_tv=0 exact_m=5 exact_t=0 year_filtered=0
959595,Pigman,Pigman,2022,3,/uIdMExshfgkkfwHMkXgV4CKr1OL.jpg,medium,movie,1626690,Pigman,2022,/4876D4wrCqIR1yl8nY5iztf3Bxv.jpg,https://www.themoviedb.org/movie/1626690,1,1,year_exact;new_id_already_in_corpus
959742,The Breaking,The Breaking,2021,49,/g0A5OFOkFqcQ4NQxmdSjiXa0AGG.jpg,medium,movie,1045176,The Breaking,2022,/92DHbdm3n4RnEojuvQ4sbfMks63.jpg,https://www.themoviedb.org/movie/1045176,1,0,year_pm1
959905,DEATH OF THE PIANIST,DEATH OF THE PIANIST,2022,7,/1BI81shtSnrzI7r9lXIB4ulfnVc.jpg,high,movie,1503245,Death of the Pianist,2022,/chOitA98cZhB3Kb56mKQxxe09MK.jpg,https://www.themoviedb.org/movie/1503245,1,0,year_exact
960388,Print Error,Print Error,2022,3,/oaH68zudPC0dC6O96UOTiJ5NM6i.jpg,miss,,,,,,,0,,raw_movie=0 raw_tv=0 exact_m=0 exact_t=0 year_filtered=0
960420,Midnight Refection,Midnight Refection,2022,6,/9nsKnAbCVwJ802MbN9QMZHQX8F1.jpg,miss,,,,,,,0,,raw_movie=0 raw_tv=0 exact_m=0 exact_t=0 year_filtered=0
964425,Ice Trays,Ice Trays,2022,4,/bP0sDMPHT9iQph8cYZTQ3lGIpbm.jpg,medium,movie,1609083,Ice Trays,2022,/xp2OQz9Ovujdog7pRsvrprREdMg.jpg,https://www.themoviedb.org/movie/1609083,1,1,year_exact;new_id_already_in_corpus
964788,The Boneyard Match,The Boneyard Match,2020,23,/vULapkGlVSkqmgAJsQzx1ZYccRt.jpg,miss,,,,,,,0,,raw_movie=0 raw_tv=0 exact_m=0 exact_t=0 year_filtered=0
965213,The Incident at Belleview High,The Incident at Belleview High,2019,4,/9STwt5IACcqtfPXldoLKD47Qpyl.jpg,miss,,,,,,,0,,raw_movie=0 raw_tv=0 exact_m=0 exact_t=0 year_filtered=0
966471,5200 Card Pickup,5200 Card Pickup,2022,5,/ayBZkKwBGHHEuLhWcIdzbM3ePmu.jpg,miss,,,,,,,0,,raw_movie=0 raw_tv=0 exact_m=0 exact_t=0 year_filtered=0
966560,Possessed,Possessed,2021,4,/cTL4SSLdxpvrXAFPjC3pBZVYJ7m.jpg,ambig,,,,,,,3,,"movie:739901,movie:716850,tv:107367"
966712,Summer of '85: Mackey Returns,Summer of '85: Mackey Returns,2022,,/oAemVt4IT5GhKkVc3KlxEX0hWCX.jpg,miss,,,,,,,0,,raw_movie=0 raw_tv=0 exact_m=0 exact_t=0 year_filtered=0
967672,Talisman,Talisman,2022,22,/g4mqObXazyEzCW060Ru4YVbem6D.jpg,medium,movie,1234938,Talisman,2022,/qoKDOhb8epspJTOfp6VRsmCLmoW.jpg,https://www.themoviedb.org/movie/1234938,1,1,year_exact;new_id_already_in_corpus
968017,A Deer in the Woods,A Deer in the Woods,2022,,/z6TxDRLFpPnD5kNUNPls75ksSDA.jpg,miss,,,,,,,0,,raw_movie=0 raw_tv=0 exact_m=0 exact_t=0 year_filtered=0
968949,This Little Piggy,This Little Piggy,2022,6,/eShyoj1fl16JS3SdtSvN7myNyBO.jpg,low,tv,27390,This Little Piggy,,,https://www.themoviedb.org/tv/27390,1,0,tv_year_no_new_year
969175,A Couple Of Regular Fellas 2,A Couple Of Regular Fellas 2,2022,40,/vmNuPd7G985kOvgtFmTkvXLv6sW.jpg,miss,,,,,,,0,,raw_movie=0 raw_tv=0 exact_m=0 exact_t=0 year_filtered=0
969317,Amygdala,Amygdala,2022,6,/rmyvBLNou2DiBBNmudaFXvgIdaL.jpg,high,movie,1241882,Amygdala,2022,/6pvrp3stSSXtRkdANYze6E0QODl.jpg,https://www.themoviedb.org/movie/1241882,1,0,year_exact
969455,The Janitor,The Janitor,2022,7,/ytqpEEgIIMn07xHWUtoJ8vjOEtY.jpg,ambig,,,,,,,3,,"movie:1228408,movie:1171507,movie:848963"
969608,We Will Never Be Free,We Will Never Be Free,2022,3,/uvxG5qt2hazESKeO9LatjbFR8cp.jpg,miss,,,,,,,0,,raw_movie=0 raw_tv=0 exact_m=0 exact_t=0 year_filtered=0
970056,The Getaway,The Getaway,2020,6,/7fWYpIjZmzxXyeH9gosdhf50T1c.jpg,medium,movie,1034732,The Getaway,2020,/aaWbCIyMxDOuy1WX51l4ygHk7qp.jpg,https://www.themoviedb.org/movie/1034732,1,1,year_exact;new_id_already_in_corpus
970466,A Truck Drives,A Truck Drives,2022,1,/idj2bXTIZ8UvHR1LViEnQ1lkCu5.jpg,miss,,,,,,,0,,raw_movie=0 raw_tv=0 exact_m=0 exact_t=0 year_filtered=0
974211,2:22,2:22,2022,,/kSpCpXQKLkdaGhuTfxj5oM4Z5tD.jpg,low,movie,1685746,2:22,,/4LSsSVMpJGu06KVgtRxs7A7IMG.jpg,https://www.themoviedb.org/movie/1685746,1,0,year_no_new_year
974382,It Lurks in the Darkness,It Lurks in the Darkness,2022,13,/u8uAfWwZxissplRZbWEXhgRe8ZB.jpg,miss,,,,,,,0,,raw_movie=0 raw_tv=0 exact_m=0 exact_t=0 year_filtered=0
975157,Toilet,トイレ,2021,3,/fuWMjb6qgWKSjHxbW1Go9laUnPC.jpg,ambig,,,,,,,3,,"movie:992016,movie:1728472,movie:860332"
975526,Bite Me,Bite Me,2022,5,/gYbyvIuwPcgpiqV4AXkmCiPt7ax.jpg,ambig,,,,,,,3,,"movie:1234484,movie:1575817,tv:129747"
977226,Best Friend,Crony,2017,6,/5lfI6m4bVLhBRvGIrA75o0ueWM9.jpg,ambig,,,,,,,2,,"movie:785444,movie:1183131"
977751,Rushmore Revenge,Rushmore Revenge,2020,4,/uvBldwAqhv6Lvow1IRWBVaHRiVr.jpg,miss,,,,,,,0,,raw_movie=0 raw_tv=0 exact_m=0 exact_t=0 year_filtered=0
977963,My Twisted Desire,My Twisted Desire,2022,5,/UHue1OAIUcDlfMHuwQDvkF4gJM.jpg,miss,,,,,,,0,,raw_movie=0 raw_tv=0 exact_m=0 exact_t=0 year_filtered=0
978599,Lurking,Lurking,2022,85,/moNOODuNHRR9oxV0s7DwvyZIerd.jpg,medium,movie,1323534,Lurking,2022,/aG59Y0QY4x6dhht1I4wDohQBoGF.jpg,https://www.themoviedb.org/movie/1323534,1,1,year_exact;new_id_already_in_corpus
978910,Contingency,Contingency,2016,3,/4pHxQyyv0Fqp2rliUenVnTn5Tzh.jpg,miss,,,,,,,0,,raw_movie=2 raw_tv=1 exact_m=1 exact_t=0 year_filtered=0
978912,Station ID,Station ID,2017,,/akZjXE2AUTTwSsR0qu74Pwm0VfN.jpg,miss,,,,,,,0,,raw_movie=3 raw_tv=2 exact_m=0 exact_t=0 year_filtered=0
978915,A Look Back,A Look Back,2018,1,/tAWzcRu5g223qFec8EwE2I9oTzP.jpg,miss,,,,,,,0,,raw_movie=21 raw_tv=1 exact_m=2 exact_t=0 year_filtered=0
978916,Real Sleep,Real Sleep,2018,5,/dCSMqi34JGRngQFFFuON6XYDTyc.jpg,miss,,,,,,,0,,raw_movie=6 raw_tv=0 exact_m=0 exact_t=0 year_filtered=0
979064,The Visitor,The Visitor,2022,9,/orxE2sNzN1MM5f6kFx5nngfcY3Z.jpg,ambig,,,,,,,6,,"movie:881487,movie:1026057,movie:1413995,movie:1024510,movie:1000738"
979347,Neil Gaiman’s Likely Stories “Foreign Parts”,Neil Gaiman’s Likely Stories “Foreign Parts”,2016,22,/uqbrExmfBuCRe5CAmwz9rZ1c034.jpg,miss,,,,,,,0,,raw_movie=0 raw_tv=0 exact_m=0 exact_t=0 year_filtered=0
979737,Stray Dog,Stray Dog,2018,4,/r12HsG7xLh1NqJQBhsaupV20106.jpg,ambig,,,,,,,2,,"movie:481935,movie:778431"
979746,Rearview Window,Rearview Window,2018,4,/h0PpKRqPZvDGBkyg3G3b39i5H2j.jpg,miss,,,,,,,0,,raw_movie=0 raw_tv=0 exact_m=0 exact_t=0 year_filtered=0
981946,The Texas Chainsaw Massacre: Last Round-Up Rollin' Grill,The Texas Chainsaw Massacre: Last Round-Up Rollin' Grill,2018,25,/lCjXZNJQCcXCjteaNdTD8W5DNCH.jpg,miss,,,,,,,0,,raw_movie=0 raw_tv=0 exact_m=0 exact_t=0 year_filtered=0
983034,The Stalker,The Stalker,2020,4,/jfXT3fbuJuvsEpsu0gJnjQFP0N4.jpg,medium,movie,733837,The Stalker,2020,/uinYhUFZCJdGd7T1LAnk71R0iYX.jpg,https://www.themoviedb.org/movie/733837,1,1,year_exact;new_id_already_in_corpus
983728,Mystery in the Woods,Mystery in the Woods,2017,45,/6GsUX9axTwWgxHMa8XtGfpjgpb4.jpg,miss,,,,,,,0,,raw_movie=0 raw_tv=0 exact_m=0 exact_t=0 year_filtered=0
983992,Going Ape,Going Ape,2022,18,/xH0AXOse0TyOSnn4209BhK6KInS.jpg,miss,,,,,,,0,,raw_movie=5 raw_tv=2 exact_m=4 exact_t=1 year_filtered=0
985611,Cycle,Cycle,2021,3,/fPsiyTpiQRI0DBfbvIJMoaYRl4n.jpg,ambig,,,,,,,4,,"movie:844165,movie:941081,movie:858142,movie:1313278"
985615,Shine: Puppet Horror Short,Shine: Puppet Horror Short,2015,3,/anVgYc5TsJVsqrRPx9gC7JjTGgv.jpg,miss,,,,,,,0,,raw_movie=0 raw_tv=0 exact_m=0 exact_t=0 year_filtered=0
985814,Falling Asleep,Falling Asleep,2022,6,/zJm6R7j6ywd8WMnTJovZauEy3Ug.jpg,miss,,,,,,,0,,raw_movie=0 raw_tv=0 exact_m=0 exact_t=0 year_filtered=0
986665,Supped,Supped,2021,1,/kKTfY9m7CPVryYYc9xLgDkHNRLp.jpg,miss,,,,,,,0,,raw_movie=0 raw_tv=0 exact_m=0 exact_t=0 year_filtered=0
987147,Psycho Sister!,Psycho Sister!,2015,2,/dKIqmliA3px7yNyWioGx0k12snj.jpg,miss,,,,,,,0,,raw_movie=3 raw_tv=0 exact_m=0 exact_t=0 year_filtered=0
987801,Atrium,Atrium,2022,8,/k3vyOtRDOjX15fYycbKQ5Hc0Crb.jpg,miss,,,,,,,0,,raw_movie=5 raw_tv=0 exact_m=2 exact_t=0 year_filtered=0
988409,Angels Die Slowly,Angels Die Slowly,2010,,/dQcCtdo5uaevFCuDFgYi1hdRNIs.jpg,medium,movie,323508,Angels Die Slowly,2010,/dQcCtdo5uaevFCuDFgYi1hdRNIs.jpg,https://www.themoviedb.org/movie/323508,1,1,year_exact;new_id_already_in_corpus
989769,Oscillate,Oscillate,2022,8,/6J435I6WaonM8z5OCjOOjxPg2vP.jpg,miss,,,,,,,0,,raw_movie=2 raw_tv=0 exact_m=0 exact_t=0 year_filtered=0
990382,OnlyFans,OnlyFans,2022,,/tQnCVMQf6wKu1HzGIZRaHbCrnty.jpg,miss,,,,,,,0,,raw_movie=12 raw_tv=4 exact_m=0 exact_t=0 year_filtered=0
991215,The Vent,The Vent,2022,16,/3xzkoOlhXv7Un3HmSHnpfkaKYG0.jpg,low,tv,21584,The Vent!,,,https://www.themoviedb.org/tv/21584,1,0,tv_year_no_new_year
991825,Thursday Night Special,Thursday Night Special,2021,5,/7TzVQhkqeq7hy9LZe2l9H4DKvZ8.jpg,miss,,,,,,,0,,raw_movie=1 raw_tv=0 exact_m=0 exact_t=0 year_filtered=0
992655,Maddie,Maddie,2022,18,/2qHIhMLo7J2aKtfrEcZgMaGrR4C.jpg,ambig,,,,,,,2,,"movie:960616,movie:1288791"
993119,Rotten Shadows,Rotten Shadows,2022,45,/iSjiSjWpN1itVF8OnjIy1tW0G3l.jpg,medium,movie,1407426,Rotten Shadows,2023,/rXBJyMgNnFPMqFzG5TepJNdq9sH.jpg,https://www.themoviedb.org/movie/1407426,1,1,year_pm1;new_id_already_in_corpus
993174,The Incongruous,The Incongruous,2022,30,/1kQIyxMXi7uEYCLzTWwp1Ux0CVv.jpg,miss,,,,,,,0,,raw_movie=0 raw_tv=0 exact_m=0 exact_t=0 year_filtered=0
993316,Bent Neck,Bent Neck,2020,5,/hXOCuWv1yAbTUzKkKTxCTolmQ0Y.jpg,miss,,,,,,,0,,raw_movie=0 raw_tv=0 exact_m=0 exact_t=0 year_filtered=0
993883,Patmos,Patmos,2022,6,/sEyZFgTS2jhBfH3b57Fj31cVfTE.jpg,miss,,,,,,,0,,raw_movie=8 raw_tv=0 exact_m=3 exact_t=0 year_filtered=0
993921,Let Me Go,Let Me Go,2021,3,/jhhvUcmrsvnnf0T00U0qm1hmkWv.jpg,ambig,,,,,,,3,,"movie:1437284,movie:1409075,movie:693528"
994160,One's Own Flesh & Blood,One's Own Flesh & Blood,2022,11,/AfbSCGkewvAw2fFT481QWU4JQvN.jpg,miss,,,,,,,0,,raw_movie=0 raw_tv=0 exact_m=0 exact_t=0 year_filtered=0
995466,Agronominon,Agronominon,2022,20,/3ULmCOBjSocomGU1UfwUDcJyLs5.jpg,miss,,,,,,,0,,raw_movie=0 raw_tv=0 exact_m=0 exact_t=0 year_filtered=0
995497,A Room To Die For,A Room To Die For,2022,5,/6551Jbe88AvMSyFZINf1gfGYx6V.jpg,miss,,,,,,,0,,raw_movie=2 raw_tv=0 exact_m=1 exact_t=0 year_filtered=0
995890,In Search of Him,In Search of Him,2022,22,/f9ATcbCfmUnGJEqeoZLwJ0E56sQ.jpg,miss,,,,,,,0,,raw_movie=2 raw_tv=0 exact_m=0 exact_t=0 year_filtered=0
996246,Nowhere Is Somewhere,Nowhere Is Somewhere,2022,4,/trYQ7AVfLeAMLnsznycfBVDuo1b.jpg,miss,,,,,,,0,,raw_movie=0 raw_tv=0 exact_m=0 exact_t=0 year_filtered=0
996587,Cleanup,Cleanup,2021,4,/4VMaAEwProWSpuZebXcfAXF5m38.jpg,ambig,,,,,,,2,,"movie:1705138,movie:1457326"
996747,Anniversary,Anniversary,2021,5,/fyTKxYv9eY7QHEKlHJnI9wXAjcN.jpg,ambig,,,,,,,3,,"movie:876224,movie:977330,movie:1494071"
997546,Axegrinder 3,Axegrinder 3,2022,,/hmAnd5yEmUNHrp9XLn4BAPG0FgU.jpg,medium,movie,993871,Axegrinder 3,2022,/xLWHPwAZ6y8ZdGpkGPuay2pVI8L.jpg,https://www.themoviedb.org/movie/993871,1,1,year_exact;new_id_already_in_corpus
997727,The Clown,The Clown,2021,3,/vETUABGkR7CXwElBXEZ5jGwARcV.jpg,low,tv,235692,The Clown,,/sUAjpxzrZoOkV16Q2EAR22IaeA7.jpg,https://www.themoviedb.org/tv/235692,1,0,tv_year_no_new_year
999844,Hell House LLC (Director's Cut),Hell House LLC (Director's Cut),2016,,/i8gXg3KiF590JkZ7Az2AV8DZIpm.jpg,miss,,,,,,,0,,raw_movie=0 raw_tv=0 exact_m=0 exact_t=0 year_filtered=0
1003632,Prey,Prey,2022,6,/8l5WGTUYLXJ8qVNDmmBo7bfzvCB.jpg,ambig,,,,,,,4,,"movie:766507,movie:298028,movie:1070315,movie:1497667"
1003955,Halloween Is Killing Me,Halloween Is Killing Me,2021,4,/pQjr2SoQtZYpxj0AsXlgsmufKBj.jpg,miss,,,,,,,0,,raw_movie=0 raw_tv=0 exact_m=0 exact_t=0 year_filtered=0
1005122,The Golden Arm (Michigan),The Golden Arm (Michigan),2020,24,/uQpdC4bVvvI6NHtWvjGH53S1t6r.jpg,miss,,,,,,,0,,raw_movie=0 raw_tv=0 exact_m=0 exact_t=0 year_filtered=0
1005337,Penumbra,Penumbra,2021,77,/gta74y0cO6xlPP9wCYqpfPrpSmj.jpg,ambig,,,,,,,6,,"movie:1419252,movie:1026670,movie:886604,movie:979277,movie:1279036"
1005500,The Tango Man,El Hombre Tango,2022,9,/qSGbrep863yZ8wWXJws3gAHn63w.jpg,miss,,,,,,,0,,raw_movie=1 raw_tv=0 exact_m=0 exact_t=0 year_filtered=0
1005550,Penumbra: The Autumn Cut,Penumbra: The Autumn Cut,2021,78,/AdMI4DXM9m6YZXIZ2MUyiU1kPN5.jpg,miss,,,,,,,0,,raw_movie=0 raw_tv=0 exact_m=0 exact_t=0 year_filtered=0
1005977,don't try to find me,don't try to find me,2022,6,/mA2WI0SfFX2LWaIZcRNasET8tYf.jpg,miss,,,,,,,0,,raw_movie=0 raw_tv=0 exact_m=0 exact_t=0 year_filtered=0
1007019,Tales of the Unexpected: Neck,Tales of the Unexpected: Neck,1979,23,/6gVbZLK1Na1PgNwvCdu3tEEZsAn.jpg,miss,,,,,,,0,,raw_movie=0 raw_tv=0 exact_m=0 exact_t=0 year_filtered=0
1007022,Tales of the Unexpected: Dip in the Pool,Tales of the Unexpected: Dip in the Pool,1979,24,/88yRhJfCIODdoQdUSkAK8wEPUaj.jpg,miss,,,,,,,0,,raw_movie=0 raw_tv=0 exact_m=0 exact_t=0 year_filtered=0
1008419,Ghost Cops,Ghost Cops,2021,17,/vtTIdVmt1Wl9H6rX7wAUz9UrBdJ.jpg,miss,,,,,,,0,,raw_movie=2 raw_tv=0 exact_m=0 exact_t=0 year_filtered=0
1008547,Terrible Teens,Terrible Teens,2022,5,/qyybKd0Tlc6bDu0foeQUbsewd6p.jpg,miss,,,,,,,0,,raw_movie=3 raw_tv=0 exact_m=2 exact_t=0 year_filtered=0
1009049,Omegle,Omegle,2022,3,/sJh8YXNoZqx6UjPspDt5TeGJp72.jpg,miss,,,,,,,0,,raw_movie=1 raw_tv=0 exact_m=0 exact_t=0 year_filtered=0
1011608,Junky,Junky,2021,1,/cR3uiHLKPLcUJfh1P8WFQ8AIzqe.jpg,miss,,,,,,,0,,raw_movie=20 raw_tv=10 exact_m=1 exact_t=0 year_filtered=0
1012722,Cock Cutters,Cock Cutters,2011,2,/hi93Mj7iKMiKXw3ihyTf6Gb55TP.jpg,miss,,,,,,,0,,raw_movie=0 raw_tv=0 exact_m=0 exact_t=0 year_filtered=0
1012796,Tales of Unease: Calculated Nightmare,Tales of Unease: Calculated Nightmare,1970,25,/1TeWe5GNSIWILrXMhBn0sNVUZY8.jpg,miss,,,,,,,0,,raw_movie=0 raw_tv=0 exact_m=0 exact_t=0 year_filtered=0
1012803,"Tales of Unease: Ride, Ride","Tales of Unease: Ride, Ride",1970,25,/vONr0Yhcfjv8891ai6BtazbxI9i.jpg,miss,,,,,,,0,,raw_movie=0 raw_tv=0 exact_m=0 exact_t=0 year_filtered=0
1013340,Beware the Moonlight,Beware the Moonlight,2015,7,/zukA49uRgqtOJzLRZ7qDiSpjJEg.jpg,miss,,,,,,,0,,raw_movie=0 raw_tv=0 exact_m=0 exact_t=0 year_filtered=0
1014087,Pumpkin Man,Pumpkin Man,2021,3,/uMkjcTZGWv3gkIoqpmwxalqdefm.jpg,low,movie,1274610,The Pumpkin Man,,,https://www.themoviedb.org/movie/1274610,1,0,year_no_new_year;no_poster
1014531,SLUDGEYARD,SLUDGEYARD,2022,7,/g2zTKZ6O9xs5gepRSQUMH7AmX9k.jpg,miss,,,,,,,0,,raw_movie=0 raw_tv=0 exact_m=0 exact_t=0 year_filtered=0
1014684,Rise of the Carriers,Rise of the Carriers,2022,,/3L4aPyhzuek2lqJ06A68DI7fKOU.jpg,miss,,,,,,,0,,raw_movie=0 raw_tv=0 exact_m=0 exact_t=0 year_filtered=0
1014689,The Neighbor,The Neighbor,2021,8,/cUf5pOWucANIKrOZBTis1a9zo4V.jpg,ambig,,,,,,,4,,"movie:415311,movie:1353823,movie:1234386,movie:1599202"
1015456,Red Right Hand,Red Right Hand,2022,90,/ypUdCNthT6HyhGU4Tp8eoCrDHkW.jpg,miss,,,,,,,0,,raw_movie=4 raw_tv=0 exact_m=3 exact_t=0 year_filtered=0
1016923,A Man's Doll,A Man's Doll,2022,4,/pRL7SwAyBmeoR1IymzDZNYf1URR.jpg,miss,,,,,,,0,,raw_movie=14 raw_tv=0 exact_m=0 exact_t=0 year_filtered=0
1018905,She Is Going To Be Late,She Is Going To Be Late,2021,6,/u3SoleaRSaqFvJ6MblnxI9dYsTg.jpg,miss,,,,,,,0,,raw_movie=0 raw_tv=0 exact_m=0 exact_t=0 year_filtered=0
1019331,The Hands,The Hands,2022,,/vOrWGbICZLLvuKOIq8aNHggG0LO.jpg,high,movie,982305,THE HANDS,2022,/hRx7DFPuDtyoQe73YR9K4FPPzMt.jpg,https://www.themoviedb.org/movie/982305,1,0,year_exact
1019342,The Mermaid,The Mermaid,2022,3,/3SWovvKnMVxVtFoUwt5JaU9eFLY.jpg,medium,movie,1128126,The Mermaid,2023,/aYQVhHXflAnhOnRI2ThXtzznYPJ.jpg,https://www.themoviedb.org/movie/1128126,1,0,year_pm1
1021120,Pumpkinman,Pumpkinman,2004,,/beLUKEnIncX2WFodQutnMuRwVsM.jpg,miss,,,,,,,0,,raw_movie=8 raw_tv=0 exact_m=1 exact_t=0 year_filtered=0
1021572,Portraits of Andrea Palmer,Portraits of Andrea Palmer,2018,74,/88EZgsBcnOCLRcjWZBnlKSHwMbD.jpg,high,movie,536371,Portraits of Andrea Palmer,2018,/j8oQxopF98nTBumRfgpd9b9OckH.jpg,https://www.themoviedb.org/movie/536371,1,0,year_exact
1022672,Have a Smoke and Fly,Have a Smoke and Fly,2022,3,/vzzQZfWGCNXjXGyyT2pBhNb4ZYr.jpg,miss,,,,,,,0,,raw_movie=0 raw_tv=0 exact_m=0 exact_t=0 year_filtered=0
1022701,Dating with the Gingerdead Man,Dating with the Gingerdead Man,2011,1,/cdBHW97BkK6BqeJYIP3fwfOxQKp.jpg,miss,,,,,,,0,,raw_movie=0 raw_tv=0 exact_m=0 exact_t=0 year_filtered=0
1023251,Myers: The Evil of Haddonfield,Myers: The Evil of Haddonfield,2019,10,/7Ncdx6MJkNbaX0HZ7DyTMfeJKF4.jpg,miss,,,,,,,0,,raw_movie=0 raw_tv=0 exact_m=0 exact_t=0 year_filtered=0
1023467,Waterboy,Waterboy,2020,3,/1gjQe42UxfCQv9WeblkOw7FXBMv.jpg,low,tv,327483,Waterboy,,,https://www.themoviedb.org/tv/327483,1,0,tv_year_no_new_year
1023492,Beware the Moon,Beware the Moon,2021,2,/v02y72E9ApGxD2tGa2hGxUspzVT.jpg,low,movie,1393631,Beware The Moon,,/aiH69BwxExmAdzGPYYo6pHD5A1F.jpg,https://www.themoviedb.org/movie/1393631,1,0,year_no_new_year
1023495,Prom Fright,Prom Fright,2022,2,/c02Cklm2ZxrG9R0YZFewXI0r0uA.jpg,miss,,,,,,,0,,raw_movie=0 raw_tv=0 exact_m=0 exact_t=0 year_filtered=0
1023985,Apricot,Apricot,2022,6,/m9xtTe25q7xGGDqTlxbFiXk5dez.jpg,miss,,,,,,,0,,raw_movie=20 raw_tv=1 exact_m=4 exact_t=0 year_filtered=0
1024470,Night Life,Night Life,2022,35,/mmUjJNvHtlGo3IGljvamq5Kd2OY.jpg,ambig,,,,,,,3,,"movie:1608657,movie:1264662,movie:1133672"
1024642,Malevolent,Malevolent,2022,,/7Ql8Kg1dcMFTbGGckrNb9DN79dR.jpg,low,movie,1602352,Malevolent,,/pcdVTwbXkOtUhk62I4ppCHJFzhl.jpg,https://www.themoviedb.org/movie/1602352,1,1,year_no_new_year;new_id_already_in_corpus
1024747,Mukbang,Mukbang,2022,5,/tfzyF9PGwfVekCVrjQ0Lp7irCLL.jpg,ambig,,,,,,,2,,"movie:1012192,movie:1451335"
1024908,Victoria's Secret,Victoria's Secret,2018,4,/h8V35gVTfYOPxBzGgacvdWIMi5t.jpg,miss,,,,,,,0,,raw_movie=12 raw_tv=3 exact_m=0 exact_t=0 year_filtered=0
1025586,Batman: Dead End,Batman: Dead End,2003,8,/8OA3vnWqBxiAZBuYEHLJV7Le2iT.jpg,high,movie,1645251,Batman: Dead End,2003,/vlPfIhKqaW19qyKiLcUPJx0vLU4.jpg,https://www.themoviedb.org/movie/1645251,1,0,year_exact
1025783,The Skullduggery,The Skullduggery,2020,15,/e36qR4PAw7pwgJtgNcOkUPOjjMn.jpg,miss,,,,,,,0,,raw_movie=0 raw_tv=0 exact_m=0 exact_t=0 year_filtered=0
1026072,A Halloween Horror Story,A Halloween Horror Story,2021,3,/rpXzMNVH9RmmFpvNu3DkK7r5JWU.jpg,miss,,,,,,,0,,raw_movie=0 raw_tv=0 exact_m=0 exact_t=0 year_filtered=0
1026573,Love Bethany,Love Bethany,2022,22,/xmr3KZybX2n6DrIrqORDxQa6Gvg.jpg,miss,,,,,,,0,,raw_movie=0 raw_tv=0 exact_m=0 exact_t=0 year_filtered=0
1027665,My Special Boy,My Special Boy,2022,,/4MONcz5ysEqGXmqSJAztEfTXlbm.jpg,medium,movie,1634982,My Special Boy,2022,/v5UqCiDFugszuA0N3NdMCyxUc1t.jpg,https://www.themoviedb.org/movie/1634982,1,1,year_exact;new_id_already_in_corpus
1027765,Obsession Kills,Obsession Kills,2022,4,/vrqldQOTyfw1YHQBIk0mlaasVYi.jpg,low,movie,294808,OBSESSION KILLS,,,https://www.themoviedb.org/movie/294808,1,0,year_no_new_year;no_poster
1029436,Thinking Kills,Thinking Kills,2022,2,/5Fc5MFDkDNXBcciEpFc4Xse6TJM.jpg,miss,,,,,,,0,,raw_movie=0 raw_tv=0 exact_m=0 exact_t=0 year_filtered=0
1029992,It Lies Beneath,It Lies Beneath,2022,3,/kuTF0KOTR5DSjNT2oJI4xZWxWS4.jpg,miss,,,,,,,0,,raw_movie=0 raw_tv=0 exact_m=0 exact_t=0 year_filtered=0
1030452,Inside the Closet,Inside the Closet,1984,30,/gQy3BXDaSGcVG4BaOiAcz5ZeO3g.jpg,miss,,,,,,,0,,raw_movie=3 raw_tv=0 exact_m=0 exact_t=0 year_filtered=0
1030457,A Case of the Stubborns,A Case of the Stubborns,1984,30,/wZ3SLwkT91SzFYjBK1mgAEcORJL.jpg,miss,,,,,,,0,,raw_movie=0 raw_tv=0 exact_m=0 exact_t=0 year_filtered=0
1030635,Blight,Blight,2016,,/AncFLqkcRvWr7hBAKfNU6OVjIbG.jpg,ambig,,,,,,,4,,"movie:368378,movie:471324,movie:892944,movie:1387729"
1030675,Joke's on You,Joke's on You,2021,,/xUhUcnI2uZtNAIkK3CdP311b3j.jpg,low,movie,264106,Joke's On You,,,https://www.themoviedb.org/movie/264106,1,0,year_no_new_year;no_poster
1030678,Happy Birthday,Happy Birthday,2021,,/c5WZPE1j3bIjQbOAr9FGW9mOMVt.jpg,ambig,,,,,,,4,,"movie:1127644,movie:1447064,movie:1121248,movie:864364"
1030680,Death Record,Death Record,2022,,/x2KFP73Q8WRp2dq7FRJsVMSAe7I.jpg,miss,,,,,,,0,,raw_movie=2 raw_tv=0 exact_m=0 exact_t=0 year_filtered=0
1030684,Rest ( 2021),Rest ( 2021),2021,,/uMhNGORO9r2MSG0VJ0Xxtc46x72.jpg,miss,,,,,,,0,,raw_movie=0 raw_tv=0 exact_m=0 exact_t=0 year_filtered=0
1030703,Devil's Door,Devil's Door,2020,,/jvq3nyUdLhQ2DkwXq4Y1IpoRBFj.jpg,miss,,,,,,,0,,raw_movie=12 raw_tv=1 exact_m=1 exact_t=0 year_filtered=0
1030705,Diet,Diet,2020,,/mh0VUeJ2aaZKX8UYqttFsIxcplb.jpg,medium,movie,1463833,Diet,2020,/2GXG5OKpg9cTPgJmo2Q2t5rP6I.jpg,https://www.themoviedb.org/movie/1463833,1,1,year_exact;new_id_already_in_corpus
1030707,Bed Head,Bed Head,2019,,/oGNjUfFfgic4WKK6TGAT4aGAoer.jpg,miss,,,,,,,0,,raw_movie=9 raw_tv=1 exact_m=0 exact_t=0 year_filtered=0
1030928,Ouija,Ouija,2021,,/aLNMsemG497CMs7cVoJEOqfpix7.jpg,miss,,,,,,,0,,raw_movie=23 raw_tv=1 exact_m=8 exact_t=0 year_filtered=0
1030937,Ouija 2,Ouija 2,2022,,/wMCkCL6uwdxcrmKZfTeBxc4x4cG.jpg,miss,,,,,,,0,,raw_movie=5 raw_tv=0 exact_m=0 exact_t=0 year_filtered=0
1030961,Date With a Serial Killer,Date With a Serial Killer,2022,,/o2p5zDKMMCpPVumtHsDw4r2a369.jpg,miss,,,,,,,0,,raw_movie=0 raw_tv=1 exact_m=0 exact_t=0 year_filtered=0
1030964,ASMR,ASMR,2022,,/vqWHcjUlr8zsPSkK2hYJr6bzhYc.jpg,high,movie,1170415,ASMR,2022,/z2TCDOiL4mA9kqaU1icgdBkgcSa.jpg,https://www.themoviedb.org/movie/1170415,1,0,year_exact
1030968,Do Not Call,Do Not Call,2022,,/iPeeXnzBh50vMH5aho9jX9Z2Ldb.jpg,miss,,,,,,,0,,raw_movie=4 raw_tv=1 exact_m=0 exact_t=0 year_filtered=0
1031317,The Mannequin,The Mannequin,2022,4,/5dBeXayH307Bmcup960v2Tq4qzQ.jpg,high,movie,1011759,The Mannequin,2022,/msQnpWU4AwXxZy3LpKfhJ6xXAH9.jpg,https://www.themoviedb.org/movie/1011759,1,0,year_exact
1031369,The Hunted,The Hunted,2022,33,/bnCj8FPLQGGZl9LKC7C75GO57VA.jpg,high,movie,1096234,The Hunted,2022,/bi1LnOCls9lld7wLzJmyxxVLdB9.jpg,https://www.themoviedb.org/movie/1096234,1,0,year_exact
1031649,Attack of the flying monks,Angriff der fliegenden Mönche,2022,,/dN3bmsEUw7k9oS2T6b569HnUWyq.jpg,miss,,,,,,,0,,raw_movie=0 raw_tv=0 exact_m=0 exact_t=0 year_filtered=0
1031963,The Geezenstacks,The Geezenstacks,1986,30,/k9DJ2gBttt978m3i8OhBDkMEFOK.jpg,miss,,,,,,,0,,raw_movie=0 raw_tv=0 exact_m=0 exact_t=0 year_filtered=0
1031975,Halloween Candy,Halloween Candy,1985,30,/s6kT5FYvYoNCQdnHoFLhrpgfXIo.jpg,miss,,,,,,,0,,raw_movie=3 raw_tv=0 exact_m=1 exact_t=0 year_filtered=0
1032049,Zero Waste,Zero Waste,2022,41,/nhPt73CQRyVvRI1HbsSBaWym2nf.jpg,medium,movie,1125452,Zero Waste,2023,/awzAWvtKhbVpLvgBoB5MbKwY0TX.jpg,https://www.themoviedb.org/movie/1125452,1,0,year_pm1
1032494,Glass,Glass,2022,4,/3HFsrcIqMlsbeOke9yqB3n0undj.jpg,miss,,,,,,,0,,raw_movie=39 raw_tv=22 exact_m=5 exact_t=1 year_filtered=0
1032549,BURNOUT,BURNOUT,2022,7,/955LR1Irugl2lTcZtSVjsx9dW4F.jpg,high,movie,1026727,Burnout,2022,/5upsjoPsQ8VJKNrC73T2tWU35PP.jpg,https://www.themoviedb.org/movie/1026727,1,0,year_exact
1277182,IN THE STEAMBOAT WILLIEE,IN THE STEAMBOAT WILLIEE,2024,3,/hzeM0Zrz3AE5kgMBgVw714sIZen.jpg,miss,,,,,,,0,,raw_movie=0 raw_tv=0 exact_m=0 exact_t=0 year_filtered=0
1367856,La Visita (El especial de Halloween de SantiFilms 2),The Visit (The SantiFilms Halloween special 2),2023,3,/taAbJLjXaEcxjrn7xUKlHwq0804.jpg,miss,,,,,,,0,,raw_movie=0 raw_tv=0 exact_m=0 exact_t=0 year_filtered=0
1526252,Due West,,2026,,/rNFCzMR85AP4zI2lmka7OsjgFPW.jpg,high,movie,1453532,Due West,2026,/cgvZHQ00gbfPbhsoogZgdV6Iseo.jpg,https://www.themoviedb.org/movie/1453532,1,0,year_exact
1573195,Under the Peel (El especial de Halloween de SantiFilms 3),Under the Peel (El especial de Halloween de SantiFilms 3),2025,,/2ut7zCeBofBePcqqap0Ry6whjmi.jpg,miss,,,,,,,0,,raw_movie=0 raw_tv=0 exact_m=0 exact_t=0 year_filtered=0
1638056,The Bloop,,2026,,/w9ZiEkwA7jrC0zUU9ieqoe6xaq0.jpg,miss,,,,,,,0,,raw_movie=11 raw_tv=0 exact_m=1 exact_t=0 year_filtered=0
1725252,The Mandela Catalogue,,,,/asZGw4N53suwbwElRC6VVHQZybF.jpg,miss,,,,,,,0,,raw_movie=1 raw_tv=0 exact_m=0 exact_t=0 year_filtered=0
1726817,Man Eater,Man Eater,2025,10,/mg3hzHl2q8C9VqHp394sTmqctmj.jpg,medium,movie,1730158,Man-Eater,2025,/AfjFJLJGSZUFCM4dw1T1k0MFQ0W.jpg,https://www.themoviedb.org/movie/1730158,1,1,year_exact;new_id_already_in_corpus
1736367,What's In Your Burger?,,2026,,/qmH9SG6yU7C3O1nzPxSlyFZ3XIM.jpg,miss,,,,,,,0,,raw_movie=0 raw_tv=0 exact_m=0 exact_t=0 year_filtered=0
1736721,v2,,2026,,/bIgZjnWv46E1gS0fIn7Ypp5n6yB.jpg,miss,,,,,,,0,,raw_movie=24 raw_tv=20 exact_m=0 exact_t=0 year_filtered=0
1736763,Christmas Horror,Christmas Horror,2024,8,/zMCERwePv4uxgshM84od8QNiz4M.jpg,miss,,,,,,,0,,raw_movie=9 raw_tv=1 exact_m=0 exact_t=0 year_filtered=0
1736808,Backrooms - Everything Must Go Edition,,2026,,/xTrvCk1v3vTapsqsXp7zh8bcv42.jpg,miss,,,,,,,0,,raw_movie=1 raw_tv=0 exact_m=0 exact_t=0 year_filtered=0
1736943,Verity ™,,2026,,/9oIdsLk92ifTnV41lKY58vgEbbH.jpg,miss,,,,,,,0,,raw_movie=0 raw_tv=0 exact_m=0 exact_t=0 year_filtered=0
