old_id,title,original_title,year,runtime,stored_path,status,new_kind,new_id,new_title,new_year,new_poster_path,new_url,candidates_n,in_corpus_already,note,gate,gate_note,live_new_title,live_new_poster,live_new_year
103970,Feeding Frenzy,Feeding Frenzy,2010,87,/1YgknPRTuTo5M7tEaIhRwQ75dmw.jpg,high,movie,1504830,Feeding Frenzy,2010,/mpdkmHIQM4IsrjcqLkZiKenTEnB.jpg,https://www.themoviedb.org/movie/1504830,1,0,year_exact,ACCEPT,"ok;genres=Comedy,Horror",Feeding Frenzy,/mpdkmHIQM4IsrjcqLkZiKenTEnB.jpg,2010
475305,Auditorium 6,Auditorium 6,2017,35,/tlsmwK8Jzdrp0UaBT9CCocchrVA.jpg,high,movie,1730871,Auditorium 6,2017,/hOXcl4dyV8gSzYoFN91HY4vj1ou.jpg,https://www.themoviedb.org/movie/1730871,1,0,year_exact,ACCEPT,ok;genres=,Auditorium 6,/hOXcl4dyV8gSzYoFN91HY4vj1ou.jpg,2017
481195,Dementia,Dementia,2014,5,/d2yMUGj8VhC1x5hIK621xNjX9T.jpg,high,movie,298389,Dementia,2014,/44cf37sdiLiJTvTjevtOhzazmD2.jpg,https://www.themoviedb.org/movie/298389,1,0,year_exact,ACCEPT,"ok;genres=Thriller,Horror",Dementia,/44cf37sdiLiJTvTjevtOhzazmD2.jpg,2014
499978,SNAP,SNAP,2015,5,/h9vvb2b1Glf6y9uSWkikRV2upDB.jpg,high,movie,368585,Snap,2015,/tiGf9urXHqJ7msPT12V6g4oeuOe.jpg,https://www.themoviedb.org/movie/368585,1,0,year_exact,ACCEPT,ok;genres=Drama,Snap,/tiGf9urXHqJ7msPT12V6g4oeuOe.jpg,2015
537560,The Last of Us - No Escape,The Last of Us - No Escape,2017,14,/7cfbTwXFriY8vjH6zQg0O8ZgkFR.jpg,high,movie,1686705,The Last of Us - No Escape,2017,/vZZchEVkyT5gNB7d5w3awQPKWQF.jpg,https://www.themoviedb.org/movie/1686705,1,0,year_exact,ACCEPT,ok;genres=Action,The Last of Us - No Escape,/vZZchEVkyT5gNB7d5w3awQPKWQF.jpg,2017
698643,Trees,Trees,2020,1,/muwovGUjfFeuwTWkwBSmQngTyi2.jpg,high,movie,768698,Trees,2020,/zwKZuNjDpvgOHgUReMlkcmhMRob.jpg,https://www.themoviedb.org/movie/768698,1,0,year_exact,ACCEPT,ok;genres=Documentary,Trees,/zwKZuNjDpvgOHgUReMlkcmhMRob.jpg,2020
714816,A Sky Machine,Mesin Langit,2019,6,/8c5gllXqO9WPwpfBmGPoAzlaWab.jpg,high,movie,714803,A Sky Machine,2019,/xBA4pUdvghM0Jm27OCzAUnXTFDI.jpg,https://www.themoviedb.org/movie/714803,1,0,year_exact,ACCEPT,ok;genres=,A Sky Machine,/xBA4pUdvghM0Jm27OCzAUnXTFDI.jpg,2019
753152,Trouble,Trouble,2020,6,/6xW23ypnyI1IaKVj1u6UyNFrCLk.jpg,high,movie,667949,Trouble,2020,/2WVgRJCNZU2n5KbVWsXgnEz5kto.jpg,https://www.themoviedb.org/movie/667949,1,0,year_exact,ACCEPT,ok;genres=Drama,Trouble,/2WVgRJCNZU2n5KbVWsXgnEz5kto.jpg,2020
774457,Heritage,Godzilla: Heritage,2020,25,/rcFzp0oAkMZjsimvg9UYCJVe7pV.jpg,high,movie,1480075,Heritage,2020,/wsqmHcaPh0I2XjB69PI1ZALm8cx.jpg,https://www.themoviedb.org/movie/1480075,1,0,year_exact,ACCEPT,ok;genres=Documentary,Heritage,/wsqmHcaPh0I2XjB69PI1ZALm8cx.jpg,2020
784506,Ghost,Ghost,2019,1,/AvipXEQj8irPU7pDY0eUqJMdu3I.jpg,high,movie,640402,Ghost,2019,/tPzw28qOSVU5kfyczbcOJkInqxF.jpg,https://www.themoviedb.org/movie/640402,1,0,year_exact,ACCEPT,"ok;genres=Horror,Thriller",Ghost,/tPzw28qOSVU5kfyczbcOJkInqxF.jpg,2019
799069,Craving,Craving,2021,12,/cmlvC9fNixstQgAWPSZWU7pYPrV.jpg,high,movie,963764,Craving,2021,/plLP3zHY9wiVTD82AzwLAeNvHoS.jpg,https://www.themoviedb.org/movie/963764,1,0,year_exact,ACCEPT,ok;genres=Drama,Craving,/plLP3zHY9wiVTD82AzwLAeNvHoS.jpg,2021
800627,The Doll,The Doll,2021,4,/uocaapAoE3VZVpHry2zpfHDxHWW.jpg,high,movie,826710,The Doll,2021,/tGA7ZTsKUEY9LAZraZs6H562Ls3.jpg,https://www.themoviedb.org/movie/826710,1,0,year_exact,ACCEPT,ok;genres=Documentary,The Doll,/tGA7ZTsKUEY9LAZraZs6H562Ls3.jpg,2021
827566,Full Disclosure Report,Full Disclosure Report,2005,14,/4pMJ2v7EH24RAIn3Pmo5jPj6zy9.jpg,high,movie,1161985,Full Disclosure Report,2005,/6A2dCtt4PgiCHx27eeuoZxQhlz9.jpg,https://www.themoviedb.org/movie/1161985,1,0,year_exact,ACCEPT,ok;genres=Crime,Full Disclosure Report,/6A2dCtt4PgiCHx27eeuoZxQhlz9.jpg,2005
829363,Repo! The Genetic Opera,Repo! The Genetic Opera,2006,10,/dz9uCAO2XdQorO5vzOSfopnNlGo.jpg,high,movie,1471922,Repo! The Genetic Opera,2006,/oi2VT15YwbTRfP31kgENV3WmFcO.jpg,https://www.themoviedb.org/movie/1471922,1,0,year_exact,ACCEPT,ok;genres=Music,Repo! The Genetic Opera,/oi2VT15YwbTRfP31kgENV3WmFcO.jpg,2006
843726,Metempsychosis,Metempsychosis,2021,8,/oT1EDoE9uLg0uBz6aQHADU2ePxX.jpg,high,movie,809789,Metempsychosis,2021,/mj40efJ4onJfAhlhY9Xunqu79WR.jpg,https://www.themoviedb.org/movie/809789,1,0,year_exact,ACCEPT,ok;genres=Documentary,Metempsychosis,/mj40efJ4onJfAhlhY9Xunqu79WR.jpg,2021
850243,Play Dead,Play Dead,2018,85,/2gVtwjyK0pxtVepwGMMkqepfOWs.jpg,high,movie,1668553,Play Dead,2018,/aaFjYU2UdD3ttZMTCDlzS1TnuMG.jpg,https://www.themoviedb.org/movie/1668553,1,0,year_exact,ACCEPT,ok;genres=,Play Dead,/aaFjYU2UdD3ttZMTCDlzS1TnuMG.jpg,2018
852731,The Stone,The Stone,2021,7,/8F0wBRiroStMIA3TpfCjPn9wasn.jpg,high,movie,868854,The Stone,2021,/bpMwu6ARSQv9WwXqz05u7Te6Oyf.jpg,https://www.themoviedb.org/movie/868854,1,0,year_exact,ACCEPT,ok;genres=Drama,The Stone,/bpMwu6ARSQv9WwXqz05u7Te6Oyf.jpg,2021
862750,Be Careful What You Wish For,Be Careful What You Wish For,2020,2,/jbeiRPtcX1TsYNfRSemAuOfle57.jpg,high,movie,681429,Be Careful What You Wish For,2020,/lG6Wx5tWOEHkOuexEvNYha3ofvM.jpg,https://www.themoviedb.org/movie/681429,1,0,year_exact,ACCEPT,ok;genres=Horror,Be Careful What You Wish For,/lG6Wx5tWOEHkOuexEvNYha3ofvM.jpg,2020
873355,Escape of Shark,鲨口逃生,2021,78,/bzG6HMZAHmugOBE9fkOpOxOZkpa.jpg,high,movie,862565,Escape of Shark,2021,/6Z1GhrjCcUt4u6D8Md0XqC3K6If.jpg,https://www.themoviedb.org/movie/862565,1,0,year_exact,ACCEPT,"ok;genres=Thriller,Action,Horror",Escape of Shark,/6Z1GhrjCcUt4u6D8Md0XqC3K6If.jpg,2021
880863,Knowing Your Enemy,Knowing Your Enemy,2021,6,/gKc4GNLzHKOX0NWdNb76DuEGEr4.jpg,high,movie,1249629,Knowing Your Enemy,2021,/7XuHIyaLBz6HwLNYhQoU5xeGEHC.jpg,https://www.themoviedb.org/movie/1249629,1,0,year_exact,ACCEPT,"ok;genres=Animation,Horror",Knowing Your Enemy,/7XuHIyaLBz6HwLNYhQoU5xeGEHC.jpg,2021
894717,Ignore It,Ignore It,2021,7,/1FAsXa0AKq1o0D8kOf23JBVw8tH.jpg,high,movie,1202428,Ignore It,2021,/4aE3pmd2wCWZcpqFgZ4xAd5rWRj.jpg,https://www.themoviedb.org/movie/1202428,1,0,year_exact,ACCEPT,"ok;genres=Horror,Mystery",Ignore It,/4aE3pmd2wCWZcpqFgZ4xAd5rWRj.jpg,2021
928127,Bad News,Bad News,2020,14,/1xrbAGbN0xHmHCJFBmwqIky8yiO.jpg,high,movie,799246,Bad News,2020,/ysVIYsPcZtUV6dQkZe2fbwwmq35.jpg,https://www.themoviedb.org/movie/799246,1,0,year_exact,ACCEPT,ok;genres=Comedy,Bad News,/ysVIYsPcZtUV6dQkZe2fbwwmq35.jpg,2020
936845,Aliens: Ride at the Speed of Fright,Aliens: Ride at the Speed of Fright,1994,8,/wvQw0FPEc8qf21HAc84tEMtQbFF.jpg,high,movie,1437166,Aliens: Ride at the Speed of Fright,1994,/AmvghEtbJiDfGkl5rw9IYlR2jtv.jpg,https://www.themoviedb.org/movie/1437166,1,0,year_exact,ACCEPT,"ok;genres=Action,Science Fiction,Thriller",Aliens: Ride at the Speed of Fright,/AmvghEtbJiDfGkl5rw9IYlR2jtv.jpg,1994
948498,Omi,Omi,2022,3,/6bgcIgCJrKmuFKJbTYkIbqO1eGE.jpg,high,movie,1018092,OMI,2022,/hG3ru4XIxzc5dpbVzH2QMXd6FtH.jpg,https://www.themoviedb.org/movie/1018092,1,0,year_exact,ACCEPT,ok;genres=Comedy,OMI,/hG3ru4XIxzc5dpbVzH2QMXd6FtH.jpg,2022
959905,DEATH OF THE PIANIST,DEATH OF THE PIANIST,2022,7,/1BI81shtSnrzI7r9lXIB4ulfnVc.jpg,high,movie,1503245,Death of the Pianist,2022,/chOitA98cZhB3Kb56mKQxxe09MK.jpg,https://www.themoviedb.org/movie/1503245,1,0,year_exact,ACCEPT,ok;genres=Drama,Death of the Pianist,/chOitA98cZhB3Kb56mKQxxe09MK.jpg,2022
969317,Amygdala,Amygdala,2022,6,/rmyvBLNou2DiBBNmudaFXvgIdaL.jpg,high,movie,1241882,Amygdala,2022,/6pvrp3stSSXtRkdANYze6E0QODl.jpg,https://www.themoviedb.org/movie/1241882,1,0,year_exact,ACCEPT,ok;genres=Horror,Amygdala,/6pvrp3stSSXtRkdANYze6E0QODl.jpg,2022
1019331,The Hands,The Hands,2022,,/vOrWGbICZLLvuKOIq8aNHggG0LO.jpg,high,movie,982305,THE HANDS,2022,/hRx7DFPuDtyoQe73YR9K4FPPzMt.jpg,https://www.themoviedb.org/movie/982305,1,0,year_exact,ACCEPT,ok;genres=Animation,THE HANDS,/hRx7DFPuDtyoQe73YR9K4FPPzMt.jpg,2022
1021572,Portraits of Andrea Palmer,Portraits of Andrea Palmer,2018,74,/88EZgsBcnOCLRcjWZBnlKSHwMbD.jpg,high,movie,536371,Portraits of Andrea Palmer,2018,/j8oQxopF98nTBumRfgpd9b9OckH.jpg,https://www.themoviedb.org/movie/536371,1,0,year_exact,ACCEPT,"ok;genres=Drama,Horror,Thriller",Portraits of Andrea Palmer,/j8oQxopF98nTBumRfgpd9b9OckH.jpg,2018
1025586,Batman: Dead End,Batman: Dead End,2003,8,/8OA3vnWqBxiAZBuYEHLJV7Le2iT.jpg,high,movie,1645251,Batman: Dead End,2003,/vlPfIhKqaW19qyKiLcUPJx0vLU4.jpg,https://www.themoviedb.org/movie/1645251,1,0,year_exact,ACCEPT,ok;genres=,Batman: Dead End,/vlPfIhKqaW19qyKiLcUPJx0vLU4.jpg,2003
1030964,ASMR,ASMR,2022,,/vqWHcjUlr8zsPSkK2hYJr6bzhYc.jpg,high,movie,1170415,ASMR,2022,/z2TCDOiL4mA9kqaU1icgdBkgcSa.jpg,https://www.themoviedb.org/movie/1170415,1,0,year_exact,ACCEPT,ok;genres=,ASMR,/z2TCDOiL4mA9kqaU1icgdBkgcSa.jpg,2022
1031317,The Mannequin,The Mannequin,2022,4,/5dBeXayH307Bmcup960v2Tq4qzQ.jpg,high,movie,1011759,The Mannequin,2022,/msQnpWU4AwXxZy3LpKfhJ6xXAH9.jpg,https://www.themoviedb.org/movie/1011759,1,0,year_exact,ACCEPT,"ok;genres=Animation,Action,Science Fiction",The Mannequin,/msQnpWU4AwXxZy3LpKfhJ6xXAH9.jpg,2022
1031369,The Hunted,The Hunted,2022,33,/bnCj8FPLQGGZl9LKC7C75GO57VA.jpg,high,movie,1096234,The Hunted,2022,/bi1LnOCls9lld7wLzJmyxxVLdB9.jpg,https://www.themoviedb.org/movie/1096234,1,0,year_exact,ACCEPT,ok;genres=,The Hunted,/bi1LnOCls9lld7wLzJmyxxVLdB9.jpg,2022
1032549,BURNOUT,BURNOUT,2022,7,/955LR1Irugl2lTcZtSVjsx9dW4F.jpg,high,movie,1026727,Burnout,2022,/5upsjoPsQ8VJKNrC73T2tWU35PP.jpg,https://www.themoviedb.org/movie/1026727,1,0,year_exact,ACCEPT,ok;genres=Drama,Burnout,/5upsjoPsQ8VJKNrC73T2tWU35PP.jpg,2022
1526252,Due West,,2026,,/rNFCzMR85AP4zI2lmka7OsjgFPW.jpg,high,movie,1453532,Due West,2026,/cgvZHQ00gbfPbhsoogZgdV6Iseo.jpg,https://www.themoviedb.org/movie/1453532,1,0,year_exact,ACCEPT,ok;genres=Drama,Due West,/cgvZHQ00gbfPbhsoogZgdV6Iseo.jpg,2026
